21:26:52.958 [main] DEBUG c.browserstack.BrowserStackJavaAgent - Extracted CLI argument from system : null
21:26:52.976 [main] INFO  c.browserstack.BrowserStackJavaAgent - Selenium version detected - 4.34.0
21:26:52.976 [main] INFO  c.browserstack.BrowserStackJavaAgent - Appium version detected - 9.5.0
21:26:53.086 [main] DEBUG c.b.config.BrowserStackConfig - Cli Config passed - {}
21:26:53.089 [main] INFO  c.b.config.BrowserStackConfig - Detected Framework testng
21:26:53.578 [main] INFO  c.browserstack.BrowserStackJavaAgent - Using app: [-bs://e00f1482142eb25279affa9605b5ded0396b8fec]
21:26:53.578 [main] INFO  c.browserstack.BrowserStackJavaAgent - Framework set to testng
21:26:53.581 [main] INFO  c.browserstack.BrowserStackJavaAgent - SDK run started with id: f4230358-b8b0-4ff8-9c3a-817fc1c308f3
21:26:53.581 [main] INFO  c.b.config.BrowserStackConfig - INFO
21:26:53.589 [main] DEBUG com.browserstack.v2.SdkCliUtils - File /Users/sanjeevareddysj/.browserstack already exist
21:26:53.590 [main] DEBUG com.browserstack.v2.SdkCliUtils - Current CLI Path Found: /Users/sanjeevareddysj/.browserstack/cli/binary-macos-arm64
21:26:55.070 [main] ERROR com.browserstack.v2.SdkCliUtils - Error in setting up cli path directory, Exception: Unexpected token END OF FILE at position 0.
	at browserstack.shaded.org.json.simple.parser.JSONParser.parse(Unknown Source)
	at browserstack.shaded.org.json.simple.parser.JSONParser.parse(Unknown Source)
	at browserstack.shaded.org.json.simple.parser.JSONParser.parse(Unknown Source)
	at com.browserstack.v2.SdkCliUtils.checkAndUpdateCli(Unknown Source)
	at com.browserstack.v2.SdkCliUtils.setupCliPath(Unknown Source)
	at com.browserstack.v2.SdkCLI.<clinit>(Unknown Source)
	at com.browserstack.BrowserStackJavaAgent.b(Unknown Source)
	at com.browserstack.BrowserStackJavaAgent.a(Unknown Source)
	at com.browserstack.BrowserStackJavaAgent.startBrowserStackAgent(Unknown Source)
	at com.browserstack.BrowserStackJavaAgent.premain(Unknown Source)
	at java.base/jdk.internal.reflect.NativeMethodAccessorImpl.invoke0(Native Method)
	at java.base/jdk.internal.reflect.NativeMethodAccessorImpl.invoke(NativeMethodAccessorImpl.java:77)
	at java.base/jdk.internal.reflect.DelegatingMethodAccessorImpl.invoke(DelegatingMethodAccessorImpl.java:43)
	at java.base/java.lang.reflect.Method.invoke(Method.java:568)
	at java.instrument/sun.instrument.InstrumentationImpl.loadClassAndStartAgent(InstrumentationImpl.java:491)
	at java.instrument/sun.instrument.InstrumentationImpl.loadClassAndCallPremain(InstrumentationImpl.java:503)

21:26:55.072 [main] DEBUG com.browserstack.v2.SdkCLI - startMain: main-process starting
21:26:55.073 [main] INFO  com.browserstack.v2.SdkCLI - spawning command='null' 'sdk' 'tcp'
21:26:57.899 [SIGINT handler] INFO  c.b.utils.ExitSignalHandler - Shutdown triggered by: INT 2
21:26:57.915 [Thread-0] INFO  com.browserstack.v2.SdkCLI - stop: cli is not running.
21:26:58.503 [main] INFO  c.browserstack.BrowserStackJavaAgent - Project and debug logs are captured by default. To disable, set disableAutoCaptureLogs: true in config.
21:34:23.204 [main] DEBUG c.browserstack.BrowserStackJavaAgent - Extracted CLI argument from system : null
21:34:23.229 [main] INFO  c.browserstack.BrowserStackJavaAgent - Selenium version detected - 4.34.0
21:34:23.229 [main] INFO  c.browserstack.BrowserStackJavaAgent - Appium version detected - 9.5.0
21:34:23.311 [main] DEBUG c.b.config.BrowserStackConfig - Cli Config passed - {}
21:34:23.314 [main] INFO  c.b.config.BrowserStackConfig - Detected Framework testng
21:34:23.784 [main] INFO  c.browserstack.BrowserStackJavaAgent - Using app: [-bs://e00f1482142eb25279affa9605b5ded0396b8fec]
21:34:23.784 [main] INFO  c.browserstack.BrowserStackJavaAgent - Framework set to testng
21:34:23.785 [main] INFO  c.browserstack.BrowserStackJavaAgent - SDK run started with id: 445caa86-8092-4a54-a945-0b2e361a2661
21:34:23.786 [main] INFO  c.b.config.BrowserStackConfig - INFO
21:34:23.793 [main] DEBUG com.browserstack.v2.SdkCliUtils - File /Users/sanjeevareddysj/.browserstack already exist
21:34:23.794 [main] DEBUG com.browserstack.v2.SdkCliUtils - Current CLI Path Found: /Users/sanjeevareddysj/.browserstack/cli/binary-macos-arm64
21:34:24.744 [main] ERROR com.browserstack.v2.SdkCliUtils - Error in setting up cli path directory, Exception: Unexpected token END OF FILE at position 0.
	at browserstack.shaded.org.json.simple.parser.JSONParser.parse(Unknown Source)
	at browserstack.shaded.org.json.simple.parser.JSONParser.parse(Unknown Source)
	at browserstack.shaded.org.json.simple.parser.JSONParser.parse(Unknown Source)
	at com.browserstack.v2.SdkCliUtils.checkAndUpdateCli(Unknown Source)
	at com.browserstack.v2.SdkCliUtils.setupCliPath(Unknown Source)
	at com.browserstack.v2.SdkCLI.<clinit>(Unknown Source)
	at com.browserstack.BrowserStackJavaAgent.b(Unknown Source)
	at com.browserstack.BrowserStackJavaAgent.a(Unknown Source)
	at com.browserstack.BrowserStackJavaAgent.startBrowserStackAgent(Unknown Source)
	at com.browserstack.BrowserStackJavaAgent.premain(Unknown Source)
	at java.base/jdk.internal.reflect.NativeMethodAccessorImpl.invoke0(Native Method)
	at java.base/jdk.internal.reflect.NativeMethodAccessorImpl.invoke(NativeMethodAccessorImpl.java:77)
	at java.base/jdk.internal.reflect.DelegatingMethodAccessorImpl.invoke(DelegatingMethodAccessorImpl.java:43)
	at java.base/java.lang.reflect.Method.invoke(Method.java:568)
	at java.instrument/sun.instrument.InstrumentationImpl.loadClassAndStartAgent(InstrumentationImpl.java:491)
	at java.instrument/sun.instrument.InstrumentationImpl.loadClassAndCallPremain(InstrumentationImpl.java:503)

21:34:24.747 [main] DEBUG com.browserstack.v2.SdkCLI - startMain: main-process starting
21:34:24.747 [main] INFO  com.browserstack.v2.SdkCLI - spawning command='null' 'sdk' 'tcp'
21:34:28.244 [main] INFO  c.browserstack.BrowserStackJavaAgent - Project and debug logs are captured by default. To disable, set disableAutoCaptureLogs: true in config.
21:34:29.501 [main] INFO  c.b.config.BrowserStackConfig - ERROR
21:34:29.502 [main] WARN  com.browserstack.testOps.Listener - Exception in testhub build creation Access to BrowserStack denied due to incorrect credentials.
21:34:29.502 [main] INFO  c.browserstack.utils.LogReportingAPI - 
[2025-09-28T16:04:29.502574Z][ TESTHUB ] EXCEPTION IN BUILD START EVENT : com.browserstack.testOps.RequestException: Non 200 response
	at com.browserstack.testOps.RequestException.non200(Unknown Source)
	at com.browserstack.testOps.RequestUtils.requestToTestOps(Unknown Source)
	at com.browserstack.testOps.RequestUtils.requestToTestOpsJson(Unknown Source)
	at com.browserstack.testOps.RequestUtils.launch(Unknown Source)
	at com.browserstack.testOps.Listener.onStart(Unknown Source)
	at java.base/jdk.internal.reflect.NativeMethodAccessorImpl.invoke0(Native Method)
	at java.base/jdk.internal.reflect.NativeMethodAccessorImpl.invoke(NativeMethodAccessorImpl.java:77)
	at java.base/jdk.internal.reflect.DelegatingMethodAccessorImpl.invoke(DelegatingMethodAccessorImpl.java:43)
	at java.base/java.lang.reflect.Method.invoke(Method.java:568)
	at com.browserstack.utils.ConditionalInvocationHandler.invoke(Unknown Source)
	at jdk.proxy2/jdk.proxy2.$Proxy8.onStart(Unknown Source)
	at com.browserstack.BrowserStackJavaAgent.b(Unknown Source)
	at com.browserstack.BrowserStackJavaAgent.a(Unknown Source)
	at com.browserstack.BrowserStackJavaAgent.startBrowserStackAgent(Unknown Source)
	at com.browserstack.BrowserStackJavaAgent.premain(Unknown Source)
	at java.base/jdk.internal.reflect.NativeMethodAccessorImpl.invoke0(Native Method)
	at java.base/jdk.internal.reflect.NativeMethodAccessorImpl.invoke(NativeMethodAccessorImpl.java:77)
	at java.base/jdk.internal.reflect.DelegatingMethodAccessorImpl.invoke(DelegatingMethodAccessorImpl.java:43)
	at java.base/java.lang.reflect.Method.invoke(Method.java:568)
	at java.instrument/sun.instrument.InstrumentationImpl.loadClassAndStartAgent(InstrumentationImpl.java:491)
	at java.instrument/sun.instrument.InstrumentationImpl.loadClassAndCallPremain(InstrumentationImpl.java:503)


21:34:29.503 [main] INFO  c.b.config.BrowserStackConfig - INFO
21:34:29.503 [main] INFO  c.browserstack.BrowserStackJavaAgent - Starting Percy......
21:34:29.969 [main] ERROR com.browserstack.PercyFactory - Error fetching percy token for project : java.lang.Exception: Fetch token failed with 401
	at com.browserstack.PercyFactory.a(Unknown Source)
	at com.browserstack.PercyFactory.<init>(Unknown Source)
	at com.browserstack.PercyFactory.a(Unknown Source)
	at com.browserstack.PercyFactory.a(Unknown Source)
	at com.browserstack.PercyFactory.createInstance(Unknown Source)
	at com.browserstack.BrowserStackJavaAgent.b(Unknown Source)
	at com.browserstack.BrowserStackJavaAgent.a(Unknown Source)
	at com.browserstack.BrowserStackJavaAgent.startBrowserStackAgent(Unknown Source)
	at com.browserstack.BrowserStackJavaAgent.premain(Unknown Source)
	at java.base/jdk.internal.reflect.NativeMethodAccessorImpl.invoke0(Native Method)
	at java.base/jdk.internal.reflect.NativeMethodAccessorImpl.invoke(NativeMethodAccessorImpl.java:77)
	at java.base/jdk.internal.reflect.DelegatingMethodAccessorImpl.invoke(DelegatingMethodAccessorImpl.java:43)
	at java.base/java.lang.reflect.Method.invoke(Method.java:568)
	at java.instrument/sun.instrument.InstrumentationImpl.loadClassAndStartAgent(InstrumentationImpl.java:491)
	at java.instrument/sun.instrument.InstrumentationImpl.loadClassAndCallPremain(InstrumentationImpl.java:503)

21:34:29.969 [main] ERROR com.browserstack.PercyFactory - Initialization of percy failed - java.lang.Exception: Could not get percy token
	at com.browserstack.PercyFactory.<init>(Unknown Source)
	at com.browserstack.PercyFactory.a(Unknown Source)
	at com.browserstack.PercyFactory.a(Unknown Source)
	at com.browserstack.PercyFactory.createInstance(Unknown Source)
	at com.browserstack.BrowserStackJavaAgent.b(Unknown Source)
	at com.browserstack.BrowserStackJavaAgent.a(Unknown Source)
	at com.browserstack.BrowserStackJavaAgent.startBrowserStackAgent(Unknown Source)
	at com.browserstack.BrowserStackJavaAgent.premain(Unknown Source)
	at java.base/jdk.internal.reflect.NativeMethodAccessorImpl.invoke0(Native Method)
	at java.base/jdk.internal.reflect.NativeMethodAccessorImpl.invoke(NativeMethodAccessorImpl.java:77)
	at java.base/jdk.internal.reflect.DelegatingMethodAccessorImpl.invoke(DelegatingMethodAccessorImpl.java:43)
	at java.base/java.lang.reflect.Method.invoke(Method.java:568)
	at java.instrument/sun.instrument.InstrumentationImpl.loadClassAndStartAgent(InstrumentationImpl.java:491)
	at java.instrument/sun.instrument.InstrumentationImpl.loadClassAndCallPremain(InstrumentationImpl.java:503)

21:34:29.969 [main] INFO  c.browserstack.BrowserStackJavaAgent - Starting BrowserStack Local......
21:34:37.450 [main] ERROR com.browserstack.LocalFactory - Initialization of BrowserStack Local failed com.browserstack.local.LocalException: Auth Token must be alphanumeric characters only. Please fetch it from Local Testing section of settings page:  https://www.browserstack.com/accounts/settings.
21:34:52.066 [Thread-0] ERROR c.browserstack.testOps.RequestUtils - [RequestUtils] Error in stop: Non 200 response
com.browserstack.testOps.RequestException: Non 200 response
	at com.browserstack.testOps.RequestException.non200(Unknown Source)
	at com.browserstack.testOps.RequestUtils.requestToTestOps(Unknown Source)
	at com.browserstack.testOps.RequestUtils.requestToTestOpsString(Unknown Source)
	at com.browserstack.testOps.RequestUtils.stop(Unknown Source)
	at com.browserstack.testOps.Listener.a(Unknown Source)
	at com.browserstack.testOps.Listener.a(Unknown Source)
	at com.browserstack.testOps.Listener.onComplete(Unknown Source)
	at java.base/jdk.internal.reflect.NativeMethodAccessorImpl.invoke0(Native Method)
	at java.base/jdk.internal.reflect.NativeMethodAccessorImpl.invoke(NativeMethodAccessorImpl.java:77)
	at java.base/jdk.internal.reflect.DelegatingMethodAccessorImpl.invoke(DelegatingMethodAccessorImpl.java:43)
	at java.base/java.lang.reflect.Method.invoke(Method.java:568)
	at com.browserstack.utils.ConditionalInvocationHandler.invoke(Unknown Source)
	at jdk.proxy2/jdk.proxy2.$Proxy8.onComplete(Unknown Source)
	at com.browserstack.BrowserStackJavaAgent$FinalExecution.a(Unknown Source)
	at com.browserstack.BrowserStackJavaAgent$FinalExecution.a(Unknown Source)
	at com.browserstack.BrowserStackJavaAgent$FinalExecution.run(Unknown Source)
21:34:54.481 [Thread-0] INFO  com.browserstack.v2.SdkCLI - stop: cli is not running.
21:34:56.958 [Thread-0] INFO  c.browserstack.BrowserStackJavaAgent - SDK run ended for id: 445caa86-8092-4a54-a945-0b2e361a2661, testhub id: 
21:34:56.958 [Thread-0] INFO  c.b.config.BrowserStackConfig - INFO
10:33:39.272 [main] DEBUG c.browserstack.BrowserStackJavaAgent - Extracted CLI argument from system : null
10:33:39.291 [main] INFO  c.browserstack.BrowserStackJavaAgent - Selenium version detected - 4.34.0
10:33:39.292 [main] INFO  c.browserstack.BrowserStackJavaAgent - Appium version detected - 9.5.0
10:33:39.412 [main] DEBUG c.b.config.BrowserStackConfig - Cli Config passed - {}
10:33:39.417 [main] INFO  c.b.config.BrowserStackConfig - Detected Framework testng
10:33:39.744 [main] INFO  c.browserstack.BrowserStackJavaAgent - Using app: [-bs://e00f1482142eb25279affa9605b5ded0396b8fec]
10:33:39.744 [main] INFO  c.browserstack.BrowserStackJavaAgent - Framework set to testng
10:33:39.745 [main] INFO  c.browserstack.BrowserStackJavaAgent - SDK run started with id: 138cb43d-a356-4ffb-8843-cd02c9bcb162
10:33:39.745 [main] INFO  c.b.config.BrowserStackConfig - INFO
10:33:39.751 [main] DEBUG com.browserstack.v2.SdkCliUtils - File /Users/sanjeevareddysj/.browserstack already exist
10:33:39.752 [main] DEBUG com.browserstack.v2.SdkCliUtils - Current CLI Path Found: /Users/sanjeevareddysj/.browserstack/cli/binary-macos-arm64
10:33:40.755 [main] DEBUG com.browserstack.v2.SdkCliUtils - Resolved binary path: /Users/sanjeevareddysj/.browserstack/cli/binary-macos-arm64
10:33:40.756 [main] DEBUG com.browserstack.v2.SdkCLI - startMain: main-process starting
10:33:40.756 [main] INFO  com.browserstack.v2.SdkCLI - spawning command='/Users/sanjeevareddysj/.browserstack/cli/binary-macos-arm64' 'sdk' 'tcp'
10:33:41.019 [ForkJoinPool.commonPool-worker-1] INFO  com.browserstack.v2.SdkCLI - loadCLIParams: start binSessionId=ff241bae-81d0-485f-8e83-5d6348546378 listenAddress=127.0.0.1:5400
10:33:41.020 [main] DEBUG com.browserstack.v2.SdkCLI - startMain: main-process started
10:33:41.020 [main] DEBUG com.browserstack.v2.SdkCLI - startMain: main-process connecting {id=ff241bae-81d0-485f-8e83-5d6348546378, port=5400, listen=127.0.0.1:5400}
10:33:41.028 [main] DEBUG com.browserstack.v2.SdkCliUtils - File /Users/sanjeevareddysj/.browserstack already exist
10:33:52.826 [main] DEBUG com.browserstack.v2.SdkCLI - start-bin-session=bin_session_id: "ff241bae-81d0-485f-8e83-5d6348546378"
config: "{\"userName\":\"sanjeev_efWR7h\",\"accessKey\":\"BrUyx5M5aC3uabP5s3sQ\",\"framework\":\"testng\",\"app\":\"bs://e00f1482142eb25279affa9605b5ded0396b8fec\",\"platforms\":[{\"platformName\":\"android\",\"deviceName\":\"Samsung Galaxy S22 Ultra\",\"platformVersion\":\"12.0\"}],\"browserstackLocal\":true,\"buildName\":\"browserstack-local-build-1\",\"projectName\":\"BrowserStack Sanju\",\"testObservability\":true,\"accessibility\":false,\"browserstackAutomation\":true,\"selfHeal\":false,\"disableAutoCaptureLogs\":false,\"testhub\":true,\"testContextOptions\":{\"skipSessionStatus\":false,\"skipSessionName\":false},\"logDir\":\"/Users/sanjeevareddysj/IdeaProjects/LearAumatingApp/LearAumatingApp/log\",\"buildIdentifier\":\"#7\",\"browserStackLocalOptions\":{\"localIdentifier\":\"Sep_29_1033_Sanjeeva-Reddy-2.local_8i9g\",\"key\":\"BrUyx5M5aC3uabP5s3sQ\",\"skipBinaryInitialisation\":false},\"testOrchestrationOptions\":{\"retryTestsOnFailure\":{},\"abortBuildOnFailure\":{}},\"apis\":{\"automate\":{\"hub\":\"https://hub.browserstack.com\",\"cdp\":\"https://cdp.browserstack.com\",\"api\":\"https://api.browserstack.com\",\"upload\":\"https://api-cloud.browserstack.com\"},\"appAutomate\":{\"hub\":\"https://hub.browserstack.com\",\"api\":\"https://api.browserstack.com\",\"upload\":\"https://api-cloud.browserstack.com\"},\"percy\":{\"api\":\"https://api.browserstack.com\"},\"turboScale\":{\"api\":\"https://grid.browserstack.com\"},\"accessibility\":{\"api\":\"https://accessibility.browserstack.com\"},\"appAccessibility\":{\"api\":\"https://app-accessibility.browserstack.com\"},\"observability\":{\"api\":\"https://collector-observability.browserstack.com\",\"upload\":\"https://upload-observability.browserstack.com\"},\"configServer\":{\"api\":\"https://sdk.browserstack.com\"},\"edsInstrumentation\":{\"api\":\"https://eds.browserstack.com\"},\"tcg\":{\"api\":\"https://tcg.browserstack.com\"}},\"hubUrl\":\"https://hub.browserstack.com/wd/hub\",\"proxySettings\":{}}"
testhub {
  jwt: "eyJhbGciOiJSUzI1NiJ9.eyJleHAiOiIxNzU5MTMzMDIxIiwiaXNzIjoid3d3LmJyb3dzZXJzdGFjay5jb20iLCJzdWIiOjYxNTkwNDMsInNjb3BlIjp7InByb2R1Y3QiOiJzZGsiLCJ1c2VyX2FjY2VzcyI6eyJ0ZXN0X29ic2VydmFiaWxpdHkiOjEsImF1dG9tYXRlIjoxLCJhcHBfYXV0b21hdGUiOjEsInBlcmN5IjoxLCJhcHBfcGVyY3kiOjEsImFjY2Vzc2liaWxpdHlfdGVzdGluZyI6MCwiYXBwX2FjY2Vzc2liaWxpdHlfdGVzdGluZyI6MSwiYXV0b21hdGVfdHVyYm9zY2FsZSI6MSwibG93X2NvZGVfYXV0b21hdGlvbiI6MX0sImlhYW1fcm9sZSI6Im93bmVyIn0sImdyb3VwX2lkIjo2MDc3MTc3LCJ0ZWFtX2lkIjpudWxsLCJ1ZGFjX2FjY2VzcyI6Imdsb2JhbCJ9.iyo1IFIjX_lARhVQihSN_PUfyjOXwU7kyDbBJRKWiKiCBr9Kmmz3CZP7AQzeRWGqql7ldJd3YvGB_d3k4UOUN1yZW44zFePk1a4rwkMLHJLY6nbjOdmI2_kx9EoYSiX-NM9bhSE2ub7E5OYVInWMz8eulHzCs_dimaoO7vS8mj1c-wiYDE0R10h-cOHFJm2EH7SjnxrgOjrWhbdZbvhTki4sETgecUejwkr9WahCIno8lMkA8_Nrd8rudrY8zsr9TAFTGLFxpzztxN_YpfX1hl8dDbfKjn1ZaiSRjL2Zd98su8nEKF-MYusgsgnWw6Kx0v06Kd8wwX8pjhrXAS3XTw"
  build_hashed_id: "u0hlometeepf7hx7afxjlolmz8nptrycsbzi2e3n"
  testhub_events: true
}
observability {
  success: true
}
percy {
  5: "app"
}
session_framework: ""
8: "selenium"

10:33:52.842 [main] DEBUG com.browserstack.v2.SdkCLI - startChild: child-process connecting
10:33:53.185 [main] DEBUG com.browserstack.v2.SdkCLI - connect-bin-session=bin_session_id: "ff241bae-81d0-485f-8e83-5d6348546378"
config: "{\"userName\":\"sanjeev_efWR7h\",\"accessKey\":\"BrUyx5M5aC3uabP5s3sQ\",\"framework\":\"testng\",\"app\":\"bs://e00f1482142eb25279affa9605b5ded0396b8fec\",\"platforms\":[{\"platformName\":\"android\",\"deviceName\":\"Samsung Galaxy S22 Ultra\",\"platformVersion\":\"12.0\"}],\"browserstackLocal\":true,\"buildName\":\"browserstack-local-build-1\",\"projectName\":\"BrowserStack Sanju\",\"testObservability\":true,\"accessibility\":false,\"browserstackAutomation\":true,\"selfHeal\":false,\"disableAutoCaptureLogs\":false,\"testhub\":true,\"testContextOptions\":{\"skipSessionStatus\":false,\"skipSessionName\":false},\"logDir\":\"/Users/sanjeevareddysj/IdeaProjects/LearAumatingApp/LearAumatingApp/log\",\"buildIdentifier\":\"#7\",\"browserStackLocalOptions\":{\"localIdentifier\":\"Sep_29_1033_Sanjeeva-Reddy-2.local_8i9g\",\"key\":\"BrUyx5M5aC3uabP5s3sQ\",\"skipBinaryInitialisation\":false},\"testOrchestrationOptions\":{\"retryTestsOnFailure\":{},\"abortBuildOnFailure\":{}},\"apis\":{\"automate\":{\"hub\":\"https://hub.browserstack.com\",\"cdp\":\"https://cdp.browserstack.com\",\"api\":\"https://api.browserstack.com\",\"upload\":\"https://api-cloud.browserstack.com\"},\"appAutomate\":{\"hub\":\"https://hub.browserstack.com\",\"api\":\"https://api.browserstack.com\",\"upload\":\"https://api-cloud.browserstack.com\"},\"percy\":{\"api\":\"https://api.browserstack.com\"},\"turboScale\":{\"api\":\"https://grid.browserstack.com\"},\"accessibility\":{\"api\":\"https://accessibility.browserstack.com\"},\"appAccessibility\":{\"api\":\"https://app-accessibility.browserstack.com\"},\"observability\":{\"api\":\"https://collector-observability.browserstack.com\",\"upload\":\"https://upload-observability.browserstack.com\"},\"configServer\":{\"api\":\"https://sdk.browserstack.com\"},\"edsInstrumentation\":{\"api\":\"https://eds.browserstack.com\"},\"tcg\":{\"api\":\"https://tcg.browserstack.com\"}},\"hubUrl\":\"https://hub-aps.browserstack.com/wd/hub\",\"proxySettings\":{}}"
testhub {
  jwt: "eyJhbGciOiJSUzI1NiJ9.eyJleHAiOiIxNzU5MTMzMDIxIiwiaXNzIjoid3d3LmJyb3dzZXJzdGFjay5jb20iLCJzdWIiOjYxNTkwNDMsInNjb3BlIjp7InByb2R1Y3QiOiJzZGsiLCJ1c2VyX2FjY2VzcyI6eyJ0ZXN0X29ic2VydmFiaWxpdHkiOjEsImF1dG9tYXRlIjoxLCJhcHBfYXV0b21hdGUiOjEsInBlcmN5IjoxLCJhcHBfcGVyY3kiOjEsImFjY2Vzc2liaWxpdHlfdGVzdGluZyI6MCwiYXBwX2FjY2Vzc2liaWxpdHlfdGVzdGluZyI6MSwiYXV0b21hdGVfdHVyYm9zY2FsZSI6MSwibG93X2NvZGVfYXV0b21hdGlvbiI6MX0sImlhYW1fcm9sZSI6Im93bmVyIn0sImdyb3VwX2lkIjo2MDc3MTc3LCJ0ZWFtX2lkIjpudWxsLCJ1ZGFjX2FjY2VzcyI6Imdsb2JhbCJ9.iyo1IFIjX_lARhVQihSN_PUfyjOXwU7kyDbBJRKWiKiCBr9Kmmz3CZP7AQzeRWGqql7ldJd3YvGB_d3k4UOUN1yZW44zFePk1a4rwkMLHJLY6nbjOdmI2_kx9EoYSiX-NM9bhSE2ub7E5OYVInWMz8eulHzCs_dimaoO7vS8mj1c-wiYDE0R10h-cOHFJm2EH7SjnxrgOjrWhbdZbvhTki4sETgecUejwkr9WahCIno8lMkA8_Nrd8rudrY8zsr9TAFTGLFxpzztxN_YpfX1hl8dDbfKjn1ZaiSRjL2Zd98su8nEKF-MYusgsgnWw6Kx0v06Kd8wwX8pjhrXAS3XTw"
  build_hashed_id: "u0hlometeepf7hx7afxjlolmz8nptrycsbzi2e3n"
  testhub_events: true
}
observability {
  success: true
}
percy {
  5: "app"
}
session_framework: "selenium"
test_orchestration {
  retry_tests_on_failure {
  }
  abort_build_on_failure {
  }
}

10:33:53.186 [main] INFO  com.browserstack.v2.SdkCLI - loadBinResponse: Loading modules as per LoadBinResponse=bin_session_id: "ff241bae-81d0-485f-8e83-5d6348546378"
config: "{\"userName\":\"sanjeev_efWR7h\",\"accessKey\":\"BrUyx5M5aC3uabP5s3sQ\",\"framework\":\"testng\",\"app\":\"bs://e00f1482142eb25279affa9605b5ded0396b8fec\",\"platforms\":[{\"platformName\":\"android\",\"deviceName\":\"Samsung Galaxy S22 Ultra\",\"platformVersion\":\"12.0\"}],\"browserstackLocal\":true,\"buildName\":\"browserstack-local-build-1\",\"projectName\":\"BrowserStack Sanju\",\"testObservability\":true,\"accessibility\":false,\"browserstackAutomation\":true,\"selfHeal\":false,\"disableAutoCaptureLogs\":false,\"testhub\":true,\"testContextOptions\":{\"skipSessionStatus\":false,\"skipSessionName\":false},\"logDir\":\"/Users/sanjeevareddysj/IdeaProjects/LearAumatingApp/LearAumatingApp/log\",\"buildIdentifier\":\"#7\",\"browserStackLocalOptions\":{\"localIdentifier\":\"Sep_29_1033_Sanjeeva-Reddy-2.local_8i9g\",\"key\":\"BrUyx5M5aC3uabP5s3sQ\",\"skipBinaryInitialisation\":false},\"testOrchestrationOptions\":{\"retryTestsOnFailure\":{},\"abortBuildOnFailure\":{}},\"apis\":{\"automate\":{\"hub\":\"https://hub.browserstack.com\",\"cdp\":\"https://cdp.browserstack.com\",\"api\":\"https://api.browserstack.com\",\"upload\":\"https://api-cloud.browserstack.com\"},\"appAutomate\":{\"hub\":\"https://hub.browserstack.com\",\"api\":\"https://api.browserstack.com\",\"upload\":\"https://api-cloud.browserstack.com\"},\"percy\":{\"api\":\"https://api.browserstack.com\"},\"turboScale\":{\"api\":\"https://grid.browserstack.com\"},\"accessibility\":{\"api\":\"https://accessibility.browserstack.com\"},\"appAccessibility\":{\"api\":\"https://app-accessibility.browserstack.com\"},\"observability\":{\"api\":\"https://collector-observability.browserstack.com\",\"upload\":\"https://upload-observability.browserstack.com\"},\"configServer\":{\"api\":\"https://sdk.browserstack.com\"},\"edsInstrumentation\":{\"api\":\"https://eds.browserstack.com\"},\"tcg\":{\"api\":\"https://tcg.browserstack.com\"}},\"hubUrl\":\"https://hub-aps.browserstack.com/wd/hub\",\"proxySettings\":{}}"
testhub {
  jwt: "eyJhbGciOiJSUzI1NiJ9.eyJleHAiOiIxNzU5MTMzMDIxIiwiaXNzIjoid3d3LmJyb3dzZXJzdGFjay5jb20iLCJzdWIiOjYxNTkwNDMsInNjb3BlIjp7InByb2R1Y3QiOiJzZGsiLCJ1c2VyX2FjY2VzcyI6eyJ0ZXN0X29ic2VydmFiaWxpdHkiOjEsImF1dG9tYXRlIjoxLCJhcHBfYXV0b21hdGUiOjEsInBlcmN5IjoxLCJhcHBfcGVyY3kiOjEsImFjY2Vzc2liaWxpdHlfdGVzdGluZyI6MCwiYXBwX2FjY2Vzc2liaWxpdHlfdGVzdGluZyI6MSwiYXV0b21hdGVfdHVyYm9zY2FsZSI6MSwibG93X2NvZGVfYXV0b21hdGlvbiI6MX0sImlhYW1fcm9sZSI6Im93bmVyIn0sImdyb3VwX2lkIjo2MDc3MTc3LCJ0ZWFtX2lkIjpudWxsLCJ1ZGFjX2FjY2VzcyI6Imdsb2JhbCJ9.iyo1IFIjX_lARhVQihSN_PUfyjOXwU7kyDbBJRKWiKiCBr9Kmmz3CZP7AQzeRWGqql7ldJd3YvGB_d3k4UOUN1yZW44zFePk1a4rwkMLHJLY6nbjOdmI2_kx9EoYSiX-NM9bhSE2ub7E5OYVInWMz8eulHzCs_dimaoO7vS8mj1c-wiYDE0R10h-cOHFJm2EH7SjnxrgOjrWhbdZbvhTki4sETgecUejwkr9WahCIno8lMkA8_Nrd8rudrY8zsr9TAFTGLFxpzztxN_YpfX1hl8dDbfKjn1ZaiSRjL2Zd98su8nEKF-MYusgsgnWw6Kx0v06Kd8wwX8pjhrXAS3XTw"
  build_hashed_id: "u0hlometeepf7hx7afxjlolmz8nptrycsbzi2e3n"
  testhub_events: true
}
observability {
  success: true
}
percy {
  5: "app"
}
session_framework: "selenium"
test_orchestration {
  retry_tests_on_failure {
  }
  abort_build_on_failure {
  }
}

10:33:53.193 [main] DEBUG com.browserstack.v2.SdkCLI - loadBinResponse: configured module=WebdriverModule & ff241bae-81d0-485f-8e83-5d6348546378
10:33:53.193 [main] DEBUG com.browserstack.v2.SdkCLI - loadBinResponse: configured module=ObservabilityModule & ff241bae-81d0-485f-8e83-5d6348546378
10:33:53.193 [main] DEBUG com.browserstack.v2.SdkCLI - loadBinResponse: configured module=TestHubModule & ff241bae-81d0-485f-8e83-5d6348546378
10:33:53.241 [main] INFO  com.browserstack.v2.SdkCLI - startChild: child-process connected
10:33:53.245 [main] INFO  com.browserstack.v2.SdkCLI - startMain: main-process connected
10:33:55.949 [main] INFO  c.browserstack.BrowserStackJavaAgent - Project and debug logs are captured by default. To disable, set disableAutoCaptureLogs: true in config.
10:33:55.962 [main] INFO  com.browserstack.testOps.Listener - onStart: CLI is active
10:33:56.193 [main] DEBUG com.browserstack.v2.SdkCLI - Setting up testng framework
10:33:56.194 [main] DEBUG com.browserstack.v2.SdkCLI - Setting up selenium framework
10:33:56.476 [Test worker] INFO  com.browserstack.testOps.Listener - logCreated: CLI is active
10:33:56.477 [Test worker] INFO  com.browserstack.testOps.Listener - logCreated: CLI is active
10:33:56.477 [Test worker] INFO  com.browserstack.testOps.Listener - logCreated: CLI is active
10:33:56.477 [Test worker] INFO  com.browserstack.testOps.Listener - logCreated: CLI is active
10:33:56.478 [Test worker] INFO  com.browserstack.testOps.Listener - logCreated: CLI is active
10:33:56.478 [Test worker] INFO  com.browserstack.testOps.Listener - logCreated: CLI is active
10:33:56.478 [Test worker] INFO  com.browserstack.testOps.Listener - logCreated: CLI is active
10:33:56.478 [Test worker] INFO  com.browserstack.testOps.Listener - logCreated: CLI is active
10:33:56.479 [Test worker] INFO  com.browserstack.testOps.Listener - logCreated: CLI is active
10:33:56.482 [Test worker] INFO  com.browserstack.testOps.Listener - logCreated: CLI is active
10:33:56.482 [Test worker] INFO  com.browserstack.testOps.Listener - logCreated: CLI is active
10:33:56.483 [Test worker] INFO  com.browserstack.testOps.Listener - logCreated: CLI is active
10:33:56.483 [Test worker] INFO  com.browserstack.testOps.Listener - logCreated: CLI is active
10:33:56.483 [Test worker] INFO  com.browserstack.testOps.Listener - logCreated: CLI is active
10:33:56.483 [Test worker] INFO  com.browserstack.testOps.Listener - logCreated: CLI is active
10:33:56.484 [Test worker] INFO  com.browserstack.testOps.Listener - logCreated: CLI is active
10:33:56.484 [Test worker] INFO  com.browserstack.testOps.Listener - logCreated: CLI is active
10:33:56.484 [Test worker] INFO  com.browserstack.testOps.Listener - logCreated: CLI is active
10:33:56.484 [Test worker] INFO  com.browserstack.testOps.Listener - logCreated: CLI is active
10:33:56.484 [Test worker] INFO  com.browserstack.testOps.Listener - logCreated: CLI is active
10:33:56.484 [Test worker] INFO  com.browserstack.testOps.Listener - logCreated: CLI is active
10:33:56.485 [Test worker] INFO  com.browserstack.testOps.Listener - logCreated: CLI is active
10:33:56.485 [Test worker] INFO  com.browserstack.testOps.Listener - logCreated: CLI is active
10:33:56.485 [Test worker] INFO  com.browserstack.testOps.Listener - logCreated: CLI is active
10:33:56.485 [Test worker] INFO  com.browserstack.testOps.Listener - logCreated: CLI is active
10:33:56.486 [Test worker] INFO  com.browserstack.testOps.Listener - logCreated: CLI is active
10:33:56.486 [Test worker] INFO  com.browserstack.testOps.Listener - logCreated: CLI is active
10:33:56.486 [Test worker] INFO  com.browserstack.testOps.Listener - logCreated: CLI is active
10:33:56.486 [Test worker] INFO  com.browserstack.testOps.Listener - logCreated: CLI is active
10:33:56.486 [Test worker] INFO  com.browserstack.testOps.Listener - logCreated: CLI is active
10:33:56.486 [Test worker] INFO  com.browserstack.testOps.Listener - logCreated: CLI is active
10:33:56.487 [Test worker] INFO  com.browserstack.testOps.Listener - logCreated: CLI is active
10:33:56.487 [Test worker] INFO  com.browserstack.testOps.Listener - logCreated: CLI is active
10:33:56.488 [Test worker] INFO  com.browserstack.testOps.Listener - logCreated: CLI is active
10:33:56.488 [Test worker] INFO  com.browserstack.testOps.Listener - logCreated: CLI is active
10:33:56.488 [Test worker] INFO  com.browserstack.testOps.Listener - logCreated: CLI is active
10:33:56.488 [Test worker] INFO  com.browserstack.testOps.Listener - logCreated: CLI is active
10:33:56.488 [Test worker] INFO  com.browserstack.testOps.Listener - logCreated: CLI is active
10:33:56.488 [Test worker] INFO  com.browserstack.testOps.Listener - logCreated: CLI is active
10:33:56.488 [Test worker] INFO  com.browserstack.testOps.Listener - logCreated: CLI is active
10:33:56.488 [Test worker] INFO  com.browserstack.testOps.Listener - logCreated: CLI is active
10:33:56.496 [Test worker] INFO  com.browserstack.testOps.Listener - logCreated: CLI is active
10:33:56.500 [TestNG-tests-1] INFO  c.b.v2.framework.TestNgFramework - trackTestNgTest: saved instance contextId=1741108805 target=/Users/sanjeevareddysj/IdeaProjects/LearAumatingApp/LearAumatingApp-0@0 instances=[1741108805]
10:33:56.500 [TestNG-tests-1] INFO  c.b.v2.framework.TestNgFramework - trackEvent: found instance, testFrameworkState=TestFrameworkState.INIT_TEST hookState=HookState.PRE instance=1741108805
10:33:56.500 [TestNG-tests-1] INFO  c.b.v2.framework.TestNgFramework - trackEvent: loaded instance, testFrameworkState=TestFrameworkState.INIT_TEST hookState=HookState.PRE instance=1741108805
10:33:56.502 [/Users/sanjeevareddysj/IdeaProjects/LearAumatingApp/LearAumatingApp-0@0] INFO  com.browserstack.testOps.Listener - logCreated: CLI is active
10:33:56.511 [/Users/sanjeevareddysj/IdeaProjects/LearAumatingApp/LearAumatingApp-0@0] INFO  c.b.v2.framework.TestNgFramework - trackEvent: found instance, testFrameworkState=TestFrameworkState.BEFORE_CLASS hookState=HookState.PRE instance=1741108805
10:33:56.511 [/Users/sanjeevareddysj/IdeaProjects/LearAumatingApp/LearAumatingApp-0@0] INFO  c.b.v2.framework.TestNgFramework - trackEvent: loaded common test data, testFrameworkState=TestFrameworkState.BEFORE_CLASS hookState=HookState.PRE instance=1741108805
10:33:56.511 [/Users/sanjeevareddysj/IdeaProjects/LearAumatingApp/LearAumatingApp-0@0] INFO  c.b.v2.framework.TestNgFramework - trackEvent: track hook events
10:33:56.567 [/Users/sanjeevareddysj/IdeaProjects/LearAumatingApp/LearAumatingApp-0@0] INFO  c.b.v2.framework.TestNgFramework - args CHECK = [TestResult name=preRequisit status=STARTED method=GojekWelcomeScreenVerificationTest.preRequisit()[pri:0, instance:gojek.android.gojek.GojekWelcomeScreenVerificationTest@6aa7b67f] output={null}]
10:33:56.568 [/Users/sanjeevareddysj/IdeaProjects/LearAumatingApp/LearAumatingApp-0@0] INFO  c.b.v2.framework.TestNgFramework - Hook Started in PRE key = BEFORE_CLASS & hook = {hook_name=preRequisit, hook_result=pending, test_file_path=LearAumatingApp/src/test/java/gojek/android/gojek/GojekWelcomeScreenVerificationTest.java, event_started_at=2025-09-29T10:33:56.568265, hook_id=63f51f38-7edc-49f2-8a12-224c80be523b, hook_logs=[], key=BEFORE_CLASS, custom_metadata={}, test_location=LearAumatingApp/src/test/java/gojek/android/gojek/GojekWelcomeScreenVerificationTest.java}  and args = [[TestResult name=preRequisit status=STARTED method=GojekWelcomeScreenVerificationTest.preRequisit()[pri:0, instance:gojek.android.gojek.GojekWelcomeScreenVerificationTest@6aa7b67f] output={null}], GojekWelcomeScreenVerificationTest.preRequisit()[pri:0, instance:gojek.android.gojek.GojekWelcomeScreenVerificationTest@6aa7b67f]]
10:33:56.568 [/Users/sanjeevareddysj/IdeaProjects/LearAumatingApp/LearAumatingApp-0@0] INFO  c.b.v2.framework.TestNgFramework - trackHookEvents: hook state=BEFORE_CLASS.HookState.PRE , hooks started={BEFORE_CLASS=[{hook_name=preRequisit, hook_result=pending, test_file_path=LearAumatingApp/src/test/java/gojek/android/gojek/GojekWelcomeScreenVerificationTest.java, event_started_at=2025-09-29T10:33:56.568265, hook_id=63f51f38-7edc-49f2-8a12-224c80be523b, hook_logs=[], key=BEFORE_CLASS, custom_metadata={}, test_location=LearAumatingApp/src/test/java/gojek/android/gojek/GojekWelcomeScreenVerificationTest.java}]} , hooks finished={BEFORE_CLASS=[]}
10:33:56.585 [/Users/sanjeevareddysj/IdeaProjects/LearAumatingApp/LearAumatingApp-0@0] INFO  c.b.v2.module.TestHubModule - sendTestFrameworkEvent: event=com.browserstack.v2.eventBus.Event@b2a7352, response=success: true

10:33:56.627 [preRequisit@0] INFO  c.b.v2.framework.TestNgFramework - trackEvent: found instance, testFrameworkState=TestFrameworkState.LOG hookState=HookState.PRE instance=1741108805
10:33:56.627 [preRequisit@0] INFO  c.b.v2.framework.TestNgFramework - trackEvent: load log entries
10:33:56.635 [preRequisit@0] INFO  c.b.v2.module.TestHubModule - sendLogCreatedEvent: event=com.browserstack.v2.eventBus.Event@32c16804, response=success: true

10:33:56.636 [preRequisit@0] INFO  c.b.v2.module.TestHubModule - sendLogCreatedEvent: event=com.browserstack.v2.eventBus.Event@32c16804
10:33:56.642 [preRequisit@0] INFO  c.b.v2.framework.TestNgFramework - trackEvent: found instance, testFrameworkState=TestFrameworkState.LOG hookState=HookState.PRE instance=1741108805
10:33:56.642 [preRequisit@0] INFO  c.b.v2.framework.TestNgFramework - trackEvent: load log entries
10:33:56.644 [preRequisit@0] INFO  c.b.v2.module.TestHubModule - sendLogCreatedEvent: event=com.browserstack.v2.eventBus.Event@4b2d4cf7, response=success: true

10:33:56.644 [preRequisit@0] INFO  c.b.v2.module.TestHubModule - sendLogCreatedEvent: event=com.browserstack.v2.eventBus.Event@4b2d4cf7
10:33:56.690 [preRequisit@0] INFO  c.b.v2.framework.SeleniumFramework - trackSeleniumTest: saved instance contextId=1385053903 target=5607:41 instances=[1385053903]
10:33:56.690 [preRequisit@0] INFO  c.b.v2.module.WebdriverModule - onBeforeDriverCreate: event=com.browserstack.v2.eventBus.Event@52027a6d
10:33:56.693 [preRequisit@0] INFO  c.b.v2.module.WebdriverModule - onBeforeDriverCreate: event=com.browserstack.v2.eventBus.Event@52027a6d
10:33:56.714 [preRequisit@0] INFO  c.b.v2.module.WebdriverModule - beforeCommandExecute: event=com.browserstack.v2.eventBus.Event@449bc796
10:33:56.714 [preRequisit@0] INFO  c.b.v2.module.WebdriverModule - beforeCommandExecute: event=com.browserstack.v2.eventBus.Event@449bc796
10:34:27.753 [preRequisit@0] INFO  c.b.v2.module.WebdriverModule - afterCommandExecute: event=com.browserstack.v2.eventBus.Event@32dafc39
10:34:27.753 [preRequisit@0] INFO  c.b.v2.module.WebdriverModule - afterCommandExecute: event=com.browserstack.v2.eventBus.Event@32dafc39
10:34:27.753 [preRequisit@0] INFO  c.b.v2.module.ObservabilityModule - THREAD ID Inside Process= 41
10:34:27.754 [preRequisit@0] INFO  c.b.v2.module.ObservabilityModule - Processing TestLevel attachments from directory: /Users/sanjeevareddysj/.browserstack/UploadedAttachments-41/TestLevel
10:34:27.754 [preRequisit@0] INFO  c.b.v2.module.ObservabilityModule - Processing BuildLevel attachments from directory: /Users/sanjeevareddysj/.browserstack/UploadedAttachments-41/BuildLevel
10:34:27.754 [preRequisit@0] INFO  c.b.v2.module.ObservabilityModule - Processing attachments eventLogs: []
10:34:27.754 [preRequisit@0] INFO  c.b.v2.module.ObservabilityModule - sendLogCreatedEvent: No Log Events to send
10:34:27.761 [preRequisit@0] INFO  c.b.v2.framework.SeleniumFramework - trackSeleniumTest: saved instance contextId=1385053903 target=5607:41 instances=[1385053903]
10:34:27.762 [preRequisit@0] INFO  c.b.v2.module.WebdriverModule - onDriverCreated: event=com.browserstack.v2.eventBus.Event@412faa01
10:34:27.762 [preRequisit@0] INFO  c.b.v2.module.WebdriverModule - Found session id=1e33634af946bfbb13f06e1def97de58e1662e8b for instance=com.browserstack.v2.instance.AutomationFrameworkInstance@4a54df42
10:34:27.764 [preRequisit@0] INFO  c.b.v2.module.WebdriverModule - Driver added successfully to automationFramework
10:34:27.766 [preRequisit@0] ERROR c.b.v2.module.WebdriverModule - Error AutomationFrameworkStart to start driver with error java.lang.ClassCastException: class java.lang.Object cannot be cast to class browserstack.sdk.v1.Sdk$AutomationFrameworkStartResponse (java.lang.Object is in module java.base of loader 'bootstrap'; browserstack.sdk.v1.Sdk$AutomationFrameworkStartResponse is in unnamed module of loader 'app')
	at com.browserstack.v2.module.WebdriverModule.startDriver(Unknown Source)
	at com.browserstack.v2.module.WebdriverModule.onDriverCreated(Unknown Source)
	at com.browserstack.v2.eventBus.EventDispatcher.notifyModuleObservers(Unknown Source)
	at com.browserstack.v2.framework.AutomationFramework.runHooks(Unknown Source)
	at com.browserstack.v2.framework.SeleniumFramework.trackEvent(Unknown Source)
	at com.browserstack.selenium.SeleniumHandler.persistDriverInstance(Unknown Source)
	at com.browserstack.selenium.SeleniumHandler.afterDriverInit(Unknown Source)
	at org.openqa.selenium.remote.RemoteWebDriver.<init>(RemoteWebDriver.java:183)
	at io.appium.java_client.AppiumDriver.<init>(AppiumDriver.java:101)
	at io.appium.java_client.AppiumDriver.<init>(AppiumDriver.java:113)
	at io.appium.java_client.android.AndroidDriver.<init>(AndroidDriver.java:109)
	at coreDriver.Drivers.createBrowserStackDriver(Drivers.java:87)
	at coreDriver.Drivers.createDriver(Drivers.java:34)
	at coreDriver.Drivers.getDrivers(Drivers.java:28)
	at gojek.android.gojek.GojekWelcomeScreenVerificationTest.preRequisit(GojekWelcomeScreenVerificationTest.java:21)
	at java.base/jdk.internal.reflect.NativeMethodAccessorImpl.invoke0(Native Method)
	at java.base/jdk.internal.reflect.NativeMethodAccessorImpl.invoke(NativeMethodAccessorImpl.java:77)
	at java.base/jdk.internal.reflect.DelegatingMethodAccessorImpl.invoke(DelegatingMethodAccessorImpl.java:43)
	at java.base/java.lang.reflect.Method.invoke(Method.java:568)
	at org.testng.internal.invokers.MethodInvocationHelper.invokeMethod(MethodInvocationHelper.java:141)
	at org.testng.internal.invokers.MethodInvocationHelper.invokeMethodConsideringTimeout(MethodInvocationHelper.java:71)
	at org.testng.internal.invokers.ConfigInvoker.invokeConfigurationMethod(ConfigInvoker.java:400)
	at org.testng.internal.invokers.ConfigInvoker.invokeConfigurations(ConfigInvoker.java:333)
	at org.testng.internal.invokers.TestMethodWorker.invokeBeforeClassMethods(TestMethodWorker.java:188)
	at org.testng.internal.invokers.TestMethodWorker.run(TestMethodWorker.java:128)
	at java.base/java.util.ArrayList.forEach(ArrayList.java:1511)
	at org.testng.TestRunner.privateRun(TestRunner.java:741)
	at org.testng.TestRunner.run(TestRunner.java:616)
	at org.testng.SuiteRunner.runTest(SuiteRunner.java:421)
	at org.testng.SuiteRunner$SuiteWorker.run(SuiteRunner.java:463)
	at org.testng.internal.thread.ThreadUtil.lambda$execute$0(ThreadUtil.java:64)
	at java.base/java.util.concurrent.FutureTask.run(FutureTask.java:264)
	at java.base/java.util.concurrent.ThreadPoolExecutor.runWorker(ThreadPoolExecutor.java:1136)
	at java.base/java.util.concurrent.ThreadPoolExecutor$Worker.run(ThreadPoolExecutor.java:635)
	at java.base/java.lang.Thread.run(Thread.java:842)

10:34:27.766 [preRequisit@0] INFO  c.b.v2.module.WebdriverModule - onDriverCreated: event=com.browserstack.v2.eventBus.Event@412faa01
10:34:27.766 [preRequisit@0] INFO  c.b.v2.module.WebdriverModule - Found session id=1e33634af946bfbb13f06e1def97de58e1662e8b for instance=com.browserstack.v2.instance.AutomationFrameworkInstance@4a54df42
10:34:27.766 [preRequisit@0] INFO  c.b.v2.module.WebdriverModule - Driver added successfully to automationFramework
10:34:28.036 [preRequisit@0] INFO  c.b.v2.framework.TestNgFramework - trackEvent: found instance, testFrameworkState=TestFrameworkState.BEFORE_CLASS hookState=HookState.POST instance=1741108805
10:34:28.036 [preRequisit@0] INFO  c.b.v2.framework.TestNgFramework - trackEvent: loaded common test data, testFrameworkState=TestFrameworkState.BEFORE_CLASS hookState=HookState.POST instance=1741108805
10:34:28.036 [preRequisit@0] INFO  c.b.v2.framework.TestNgFramework - trackEvent: track hook events
10:34:28.090 [preRequisit@0] INFO  c.b.v2.framework.TestNgFramework - args CHECK = [TestResult name=preRequisit status=SUCCESS method=GojekWelcomeScreenVerificationTest.preRequisit()[pri:0, instance:gojek.android.gojek.GojekWelcomeScreenVerificationTest@6aa7b67f] output={null}]
10:34:28.090 [preRequisit@0] INFO  c.b.v2.framework.TestNgFramework - Hook List in Post [{hook_name=preRequisit, hook_result=pending, test_file_path=LearAumatingApp/src/test/java/gojek/android/gojek/GojekWelcomeScreenVerificationTest.java, event_started_at=2025-09-29T10:33:56.568265, hook_id=63f51f38-7edc-49f2-8a12-224c80be523b, hook_logs=[], key=BEFORE_CLASS, custom_metadata={}, test_location=LearAumatingApp/src/test/java/gojek/android/gojek/GojekWelcomeScreenVerificationTest.java}] and args = [[TestResult name=preRequisit status=SUCCESS method=GojekWelcomeScreenVerificationTest.preRequisit()[pri:0, instance:gojek.android.gojek.GojekWelcomeScreenVerificationTest@6aa7b67f] output={null}], GojekWelcomeScreenVerificationTest.preRequisit()[pri:0, instance:gojek.android.gojek.GojekWelcomeScreenVerificationTest@6aa7b67f]]
10:34:28.090 [preRequisit@0] INFO  c.b.v2.framework.TestNgFramework - Processing HookLevel attachments from directory: /Users/sanjeevareddysj/.browserstack/UploadedAttachments-41/HookLevel
10:34:28.090 [preRequisit@0] INFO  c.b.v2.framework.TestNgFramework - Checking hookLevelFiles: []
10:34:28.090 [preRequisit@0] INFO  c.b.v2.framework.TestNgFramework - checking Paths of files = /Users/sanjeevareddysj/.browserstack/UploadedAttachments-41/HookLevel/BuildLevelHookEvent and abs path = /Users/sanjeevareddysj/.browserstack/UploadedAttachments-41/HookLevel/BuildLevelHookEvent 
10:34:28.090 [preRequisit@0] INFO  c.b.v2.framework.TestNgFramework - Processing BuildLevelHookEvent attachments from directory: /Users/sanjeevareddysj/.browserstack/UploadedAttachments-41/HookLevel/BuildLevelHookEvent
10:34:28.090 [preRequisit@0] INFO  c.b.v2.framework.TestNgFramework - Processing TestLevel attachments eventLogs: []
10:34:28.090 [preRequisit@0] INFO  c.b.v2.framework.TestNgFramework - sendLogCreatedEvent: No Log Events to send
10:34:28.090 [preRequisit@0] INFO  c.b.v2.framework.TestNgFramework - trackHookEvents: hook state=BEFORE_CLASS.HookState.POST , hooks started={BEFORE_CLASS=[]} , hooks finished={BEFORE_CLASS=[{hook_name=preRequisit, hook_result=passed, test_file_path=LearAumatingApp/src/test/java/gojek/android/gojek/GojekWelcomeScreenVerificationTest.java, event_started_at=2025-09-29T10:33:56.568265, hook_id=63f51f38-7edc-49f2-8a12-224c80be523b, hook_logs=[], logs=[], key=BEFORE_CLASS, custom_metadata={}, event_ended_at=2025-09-29T10:34:28.090408, test_location=LearAumatingApp/src/test/java/gojek/android/gojek/GojekWelcomeScreenVerificationTest.java}]}
10:34:28.095 [preRequisit@0] INFO  c.b.v2.module.TestHubModule - sendTestFrameworkEvent: event=com.browserstack.v2.eventBus.Event@6950e7b3, response=success: true

10:34:28.103 [preRequisit@0] INFO  c.b.v2.framework.TestNgFramework - trackEvent: found instance, testFrameworkState=TestFrameworkState.TEST hookState=HookState.PRE instance=1741108805
10:34:28.116 [preRequisit@0] INFO  c.b.v2.framework.TestNgFramework - trackEvent: loaded initial test data to instance, testFrameworkState=TestFrameworkState.TEST hookState=HookState.PRE instance=1741108805 instanceThreadId=41 testResult=/Users/sanjeevareddysj/IdeaProjects/LearAumatingApp/LearAumatingApp-0 testData={test_uuid=b70067e1-e607-47f7-a265-9ecb0f8281ce, test_file_path=src/test/java/gojek/android/gojek/GojekWelcomeScreenVerificationTest.java, test_scope=All Test Suite.gojek.android.gojek.GojekWelcomeScreenVerificationTest, test_meta={}, test_scopes=[All Test Suite, gojek.android.gojek.GojekWelcomeScreenVerificationTest], test_code=public void gojek.android.gojek.GojekWelcomeScreenVerificationTest.changeAppLanguage(), test_session_name=gojek.android.gojek.GojekWelcomeScreenVerificationTest-changeAppLanguage, test_name=changeAppLanguage, test_tags=, custom_metadata={}, test_id=/Users/sanjeevareddysj/IdeaProjects/LearAumatingApp/LearAumatingApp-0@0, test_location=src/test/java/gojek/android/gojek/GojekWelcomeScreenVerificationTest.java}
10:34:28.116 [preRequisit@0] INFO  c.b.v2.module.WebdriverModule - onBeforeTest: event=com.browserstack.v2.eventBus.Event@5f446e68
10:34:28.116 [preRequisit@0] INFO  c.b.v2.module.WebdriverModule - onBeforeTest: event=com.browserstack.v2.eventBus.Event@5f446e68
10:34:28.116 [preRequisit@0] INFO  c.b.v2.module.TestHubModule - onBeforeTest: event={com.browserstack.v2.eventBus.Event@5f446e68}
10:34:28.148 [preRequisit@0] INFO  c.b.v2.module.TestHubModule - sendTestSessionEvent: event=com.browserstack.v2.eventBus.Event@5f446e68, response=success: true

10:34:28.153 [preRequisit@0] INFO  c.b.v2.module.TestHubModule - sendTestFrameworkEvent: event=com.browserstack.v2.eventBus.Event@5f446e68, response=success: true

10:34:28.155 [preRequisit@0] INFO  c.b.v2.module.ObservabilityModule - onBeforeTest: event={instance=com.browserstack.v2.instance.TestFrameworkInstance@62c9541f, testFrameworkState=TestFrameworkState.TEST, testInstance=com.browserstack.v2.instance.TestFrameworkInstance@62c9541f, autoInstance=[com.browserstack.v2.instance.AutomationFrameworkInstance@4a54df42], hookState=HookState.PRE}
10:34:28.155 [preRequisit@0] INFO  c.b.v2.module.ObservabilityModule - performTestReportingSync: Performing TEST REPORTING AND ANALYTICS Sync
10:34:28.197 [changeAppLanguage@0] INFO  c.b.v2.module.WebdriverModule - beforeCommandExecute: event=com.browserstack.v2.eventBus.Event@4eba0e90
10:34:28.197 [changeAppLanguage@0] INFO  c.b.v2.module.WebdriverModule - beforeCommandExecute: event=com.browserstack.v2.eventBus.Event@4eba0e90
10:34:28.197 [changeAppLanguage@0] INFO  c.b.v2.module.WebdriverModule - beforeCommandExecute: event=com.browserstack.v2.eventBus.Event@13d4e1b8
10:34:28.197 [changeAppLanguage@0] INFO  c.b.v2.module.WebdriverModule - beforeCommandExecute: event=com.browserstack.v2.eventBus.Event@13d4e1b8
10:34:28.241 [changeAppLanguage@0] INFO  c.b.v2.module.WebdriverModule - afterCommandExecute: event=com.browserstack.v2.eventBus.Event@6d8a4158
10:34:28.241 [changeAppLanguage@0] INFO  c.b.v2.module.WebdriverModule - afterCommandExecute: event=com.browserstack.v2.eventBus.Event@6d8a4158
10:34:28.241 [changeAppLanguage@0] INFO  c.b.v2.module.ObservabilityModule - THREAD ID Inside Process= 41
10:34:28.241 [changeAppLanguage@0] INFO  c.b.v2.module.ObservabilityModule - Processing TestLevel attachments from directory: /Users/sanjeevareddysj/.browserstack/UploadedAttachments-41/TestLevel
10:34:28.241 [changeAppLanguage@0] INFO  c.b.v2.module.ObservabilityModule - Processing BuildLevel attachments from directory: /Users/sanjeevareddysj/.browserstack/UploadedAttachments-41/BuildLevel
10:34:28.241 [changeAppLanguage@0] INFO  c.b.v2.module.ObservabilityModule - Processing attachments eventLogs: []
10:34:28.241 [changeAppLanguage@0] INFO  c.b.v2.module.ObservabilityModule - sendLogCreatedEvent: No Log Events to send
10:34:28.243 [changeAppLanguage@0] INFO  c.b.v2.module.WebdriverModule - afterCommandExecute: event=com.browserstack.v2.eventBus.Event@478e34e8
10:34:28.243 [changeAppLanguage@0] INFO  c.b.v2.module.WebdriverModule - afterCommandExecute: event=com.browserstack.v2.eventBus.Event@478e34e8
10:34:28.243 [changeAppLanguage@0] INFO  c.b.v2.module.ObservabilityModule - THREAD ID Inside Process= 41
10:34:28.243 [changeAppLanguage@0] INFO  c.b.v2.module.ObservabilityModule - Processing TestLevel attachments from directory: /Users/sanjeevareddysj/.browserstack/UploadedAttachments-41/TestLevel
10:34:28.243 [changeAppLanguage@0] INFO  c.b.v2.module.ObservabilityModule - Processing BuildLevel attachments from directory: /Users/sanjeevareddysj/.browserstack/UploadedAttachments-41/BuildLevel
10:34:28.243 [changeAppLanguage@0] INFO  c.b.v2.module.ObservabilityModule - Processing attachments eventLogs: []
10:34:28.243 [changeAppLanguage@0] INFO  c.b.v2.module.ObservabilityModule - sendLogCreatedEvent: No Log Events to send
10:34:28.246 [changeAppLanguage@0] INFO  c.b.v2.module.WebdriverModule - beforeCommandExecute: event=com.browserstack.v2.eventBus.Event@4b4e98bc
10:34:28.246 [changeAppLanguage@0] INFO  c.b.v2.module.WebdriverModule - beforeCommandExecute: event=com.browserstack.v2.eventBus.Event@4b4e98bc
10:34:28.590 [changeAppLanguage@0] INFO  c.b.v2.module.WebdriverModule - afterCommandExecute: event=com.browserstack.v2.eventBus.Event@1e0e10f8
10:34:28.590 [changeAppLanguage@0] INFO  c.b.v2.module.WebdriverModule - afterCommandExecute: event=com.browserstack.v2.eventBus.Event@1e0e10f8
10:34:28.590 [changeAppLanguage@0] INFO  c.b.v2.module.ObservabilityModule - THREAD ID Inside Process= 41
10:34:28.590 [changeAppLanguage@0] INFO  c.b.v2.module.ObservabilityModule - Processing TestLevel attachments from directory: /Users/sanjeevareddysj/.browserstack/UploadedAttachments-41/TestLevel
10:34:28.591 [changeAppLanguage@0] INFO  c.b.v2.module.ObservabilityModule - Processing BuildLevel attachments from directory: /Users/sanjeevareddysj/.browserstack/UploadedAttachments-41/BuildLevel
10:34:28.591 [changeAppLanguage@0] INFO  c.b.v2.module.ObservabilityModule - Processing attachments eventLogs: []
10:34:28.591 [changeAppLanguage@0] INFO  c.b.v2.module.ObservabilityModule - sendLogCreatedEvent: No Log Events to send
10:34:29.103 [changeAppLanguage@0] INFO  c.b.v2.module.WebdriverModule - beforeCommandExecute: event=com.browserstack.v2.eventBus.Event@7fbfaa43
10:34:29.103 [changeAppLanguage@0] INFO  c.b.v2.module.WebdriverModule - beforeCommandExecute: event=com.browserstack.v2.eventBus.Event@7fbfaa43
10:34:29.171 [changeAppLanguage@0] INFO  c.b.v2.module.WebdriverModule - afterCommandExecute: event=com.browserstack.v2.eventBus.Event@4e3bb2b7
10:34:29.171 [changeAppLanguage@0] INFO  c.b.v2.module.WebdriverModule - afterCommandExecute: event=com.browserstack.v2.eventBus.Event@4e3bb2b7
10:34:29.171 [changeAppLanguage@0] INFO  c.b.v2.module.ObservabilityModule - THREAD ID Inside Process= 41
10:34:29.171 [changeAppLanguage@0] INFO  c.b.v2.module.ObservabilityModule - Processing TestLevel attachments from directory: /Users/sanjeevareddysj/.browserstack/UploadedAttachments-41/TestLevel
10:34:29.171 [changeAppLanguage@0] INFO  c.b.v2.module.ObservabilityModule - Processing BuildLevel attachments from directory: /Users/sanjeevareddysj/.browserstack/UploadedAttachments-41/BuildLevel
10:34:29.172 [changeAppLanguage@0] INFO  c.b.v2.module.ObservabilityModule - Processing attachments eventLogs: []
10:34:29.172 [changeAppLanguage@0] INFO  c.b.v2.module.ObservabilityModule - sendLogCreatedEvent: No Log Events to send
10:34:29.683 [changeAppLanguage@0] INFO  c.b.v2.module.WebdriverModule - beforeCommandExecute: event=com.browserstack.v2.eventBus.Event@7fd2a948
10:34:29.684 [changeAppLanguage@0] INFO  c.b.v2.module.WebdriverModule - beforeCommandExecute: event=com.browserstack.v2.eventBus.Event@7fd2a948
10:34:29.801 [changeAppLanguage@0] INFO  c.b.v2.module.WebdriverModule - afterCommandExecute: event=com.browserstack.v2.eventBus.Event@4a2930a1
10:34:29.801 [changeAppLanguage@0] INFO  c.b.v2.module.WebdriverModule - afterCommandExecute: event=com.browserstack.v2.eventBus.Event@4a2930a1
10:34:29.801 [changeAppLanguage@0] INFO  c.b.v2.module.ObservabilityModule - THREAD ID Inside Process= 41
10:34:29.801 [changeAppLanguage@0] INFO  c.b.v2.module.ObservabilityModule - Processing TestLevel attachments from directory: /Users/sanjeevareddysj/.browserstack/UploadedAttachments-41/TestLevel
10:34:29.801 [changeAppLanguage@0] INFO  c.b.v2.module.ObservabilityModule - Processing BuildLevel attachments from directory: /Users/sanjeevareddysj/.browserstack/UploadedAttachments-41/BuildLevel
10:34:29.801 [changeAppLanguage@0] INFO  c.b.v2.module.ObservabilityModule - Processing attachments eventLogs: []
10:34:29.801 [changeAppLanguage@0] INFO  c.b.v2.module.ObservabilityModule - sendLogCreatedEvent: No Log Events to send
10:34:30.313 [changeAppLanguage@0] INFO  c.b.v2.module.WebdriverModule - beforeCommandExecute: event=com.browserstack.v2.eventBus.Event@31522ebe
10:34:30.313 [changeAppLanguage@0] INFO  c.b.v2.module.WebdriverModule - beforeCommandExecute: event=com.browserstack.v2.eventBus.Event@31522ebe
10:34:30.385 [changeAppLanguage@0] INFO  c.b.v2.module.WebdriverModule - afterCommandExecute: event=com.browserstack.v2.eventBus.Event@65e173f9
10:34:30.385 [changeAppLanguage@0] INFO  c.b.v2.module.WebdriverModule - afterCommandExecute: event=com.browserstack.v2.eventBus.Event@65e173f9
10:34:30.386 [changeAppLanguage@0] INFO  c.b.v2.module.ObservabilityModule - THREAD ID Inside Process= 41
10:34:30.386 [changeAppLanguage@0] INFO  c.b.v2.module.ObservabilityModule - Processing TestLevel attachments from directory: /Users/sanjeevareddysj/.browserstack/UploadedAttachments-41/TestLevel
10:34:30.386 [changeAppLanguage@0] INFO  c.b.v2.module.ObservabilityModule - Processing BuildLevel attachments from directory: /Users/sanjeevareddysj/.browserstack/UploadedAttachments-41/BuildLevel
10:34:30.386 [changeAppLanguage@0] INFO  c.b.v2.module.ObservabilityModule - Processing attachments eventLogs: []
10:34:30.386 [changeAppLanguage@0] INFO  c.b.v2.module.ObservabilityModule - sendLogCreatedEvent: No Log Events to send
10:34:30.403 [changeAppLanguage@0] INFO  c.b.v2.module.WebdriverModule - beforeCommandExecute: event=com.browserstack.v2.eventBus.Event@498cdd03
10:34:30.403 [changeAppLanguage@0] INFO  c.b.v2.module.WebdriverModule - beforeCommandExecute: event=com.browserstack.v2.eventBus.Event@498cdd03
10:34:30.403 [changeAppLanguage@0] INFO  c.b.v2.module.WebdriverModule - beforeCommandExecute: event=com.browserstack.v2.eventBus.Event@756e0c01
10:34:30.403 [changeAppLanguage@0] INFO  c.b.v2.module.WebdriverModule - beforeCommandExecute: event=com.browserstack.v2.eventBus.Event@756e0c01
10:34:30.792 [changeAppLanguage@0] INFO  c.b.v2.module.WebdriverModule - afterCommandExecute: event=com.browserstack.v2.eventBus.Event@4c91c46e
10:34:30.792 [changeAppLanguage@0] INFO  c.b.v2.module.WebdriverModule - afterCommandExecute: event=com.browserstack.v2.eventBus.Event@4c91c46e
10:34:30.792 [changeAppLanguage@0] INFO  c.b.v2.module.ObservabilityModule - THREAD ID Inside Process= 41
10:34:30.792 [changeAppLanguage@0] INFO  c.b.v2.module.ObservabilityModule - Processing TestLevel attachments from directory: /Users/sanjeevareddysj/.browserstack/UploadedAttachments-41/TestLevel
10:34:30.792 [changeAppLanguage@0] INFO  c.b.v2.module.ObservabilityModule - Processing BuildLevel attachments from directory: /Users/sanjeevareddysj/.browserstack/UploadedAttachments-41/BuildLevel
10:34:30.792 [changeAppLanguage@0] INFO  c.b.v2.module.ObservabilityModule - Processing attachments eventLogs: []
10:34:30.792 [changeAppLanguage@0] INFO  c.b.v2.module.ObservabilityModule - sendLogCreatedEvent: No Log Events to send
10:34:30.794 [changeAppLanguage@0] INFO  c.b.v2.module.WebdriverModule - afterCommandExecute: event=com.browserstack.v2.eventBus.Event@58ad7034
10:34:30.794 [changeAppLanguage@0] INFO  c.b.v2.module.WebdriverModule - afterCommandExecute: event=com.browserstack.v2.eventBus.Event@58ad7034
10:34:30.794 [changeAppLanguage@0] INFO  c.b.v2.module.ObservabilityModule - THREAD ID Inside Process= 41
10:34:30.794 [changeAppLanguage@0] INFO  c.b.v2.module.ObservabilityModule - Processing TestLevel attachments from directory: /Users/sanjeevareddysj/.browserstack/UploadedAttachments-41/TestLevel
10:34:30.794 [changeAppLanguage@0] INFO  c.b.v2.module.ObservabilityModule - Processing BuildLevel attachments from directory: /Users/sanjeevareddysj/.browserstack/UploadedAttachments-41/BuildLevel
10:34:30.794 [changeAppLanguage@0] INFO  c.b.v2.module.ObservabilityModule - Processing attachments eventLogs: []
10:34:30.794 [changeAppLanguage@0] INFO  c.b.v2.module.ObservabilityModule - sendLogCreatedEvent: No Log Events to send
10:34:30.809 [changeAppLanguage@0] INFO  c.b.v2.framework.TestNgFramework - trackEvent: found instance, testFrameworkState=TestFrameworkState.LOG_REPORT hookState=HookState.PRE instance=1741108805
10:34:30.809 [changeAppLanguage@0] INFO  c.b.v2.framework.TestNgFramework - trackEvent: found instance, testFrameworkState=TestFrameworkState.LOG_REPORT hookState=HookState.POST instance=1741108805
10:34:30.809 [changeAppLanguage@0] INFO  c.b.v2.framework.TestNgFramework - trackEvent: load test results
10:34:30.810 [changeAppLanguage@0] INFO  c.b.v2.framework.TestNgFramework - trackEvent: found instance, testFrameworkState=TestFrameworkState.TEST hookState=HookState.POST instance=1741108805
10:34:30.810 [changeAppLanguage@0] INFO  c.b.v2.module.WebdriverModule - onAfterTest: event=com.browserstack.v2.eventBus.Event@7ef812c8
10:34:30.810 [changeAppLanguage@0] INFO  c.b.utils.SeleniumMethodUtils - Session Name ID status marking: 1e33634af946bfbb13f06e1def97de58e1662e8b
10:34:31.429 [changeAppLanguage@0] INFO  c.b.utils.SeleniumMethodUtils - Session ID status marking: 1e33634af946bfbb13f06e1def97de58e1662e8b
10:34:32.034 [changeAppLanguage@0] INFO  c.b.v2.module.WebdriverModule - onAfterTest: event=com.browserstack.v2.eventBus.Event@7ef812c8
10:34:32.035 [changeAppLanguage@0] INFO  c.b.utils.SeleniumMethodUtils - Session Name ID status marking: 1e33634af946bfbb13f06e1def97de58e1662e8b
10:34:32.388 [changeAppLanguage@0] INFO  c.b.utils.SeleniumMethodUtils - Session ID status marking: 1e33634af946bfbb13f06e1def97de58e1662e8b
10:34:32.837 [changeAppLanguage@0] INFO  c.b.v2.module.TestHubModule - sendTestFrameworkEvent: event=com.browserstack.v2.eventBus.Event@7ef812c8, response=success: true

10:34:32.849 [changeAppLanguage@0] INFO  c.b.v2.framework.TestNgFramework - trackTestNgTest: saved instance contextId=1741108805 target=/Users/sanjeevareddysj/IdeaProjects/LearAumatingApp/LearAumatingApp-0@0 instances=[1741108805]
10:34:32.850 [changeAppLanguage@0] INFO  c.b.v2.framework.TestNgFramework - trackEvent: found instance, testFrameworkState=TestFrameworkState.TEST hookState=HookState.PRE instance=1741108805
10:34:32.873 [changeAppLanguage@0] INFO  c.b.v2.framework.TestNgFramework - trackEvent: loaded initial test data to instance, testFrameworkState=TestFrameworkState.TEST hookState=HookState.PRE instance=1741108805 instanceThreadId=41 testResult=/Users/sanjeevareddysj/IdeaProjects/LearAumatingApp/LearAumatingApp-0 testData={test_uuid=11a9ad9f-56ce-4d55-9b23-39738f34eb11, test_file_path=src/test/java/gojek/android/gojek/GojekWelcomeScreenVerificationTest.java, test_scope=All Test Suite.gojek.android.gojek.GojekWelcomeScreenVerificationTest, test_meta={}, test_scopes=[All Test Suite, gojek.android.gojek.GojekWelcomeScreenVerificationTest], test_code=public void gojek.android.gojek.GojekWelcomeScreenVerificationTest.verifyWelcomeScreen() throws java.lang.Exception, test_session_name=gojek.android.gojek.GojekWelcomeScreenVerificationTest-verifyWelcomeScreen, test_name=verifyWelcomeScreen, test_tags=, custom_metadata={}, test_id=/Users/sanjeevareddysj/IdeaProjects/LearAumatingApp/LearAumatingApp-0@0, test_location=src/test/java/gojek/android/gojek/GojekWelcomeScreenVerificationTest.java}
10:34:32.873 [changeAppLanguage@0] INFO  c.b.v2.module.WebdriverModule - onBeforeTest: event=com.browserstack.v2.eventBus.Event@5f5419e3
10:34:32.873 [changeAppLanguage@0] INFO  c.b.v2.module.WebdriverModule - onBeforeTest: event=com.browserstack.v2.eventBus.Event@5f5419e3
10:34:32.873 [changeAppLanguage@0] INFO  c.b.v2.module.TestHubModule - onBeforeTest: event={com.browserstack.v2.eventBus.Event@5f5419e3}
10:34:32.878 [changeAppLanguage@0] INFO  c.b.v2.module.TestHubModule - sendTestSessionEvent: event=com.browserstack.v2.eventBus.Event@5f5419e3, response=success: true

10:34:32.881 [changeAppLanguage@0] INFO  c.b.v2.module.TestHubModule - sendTestFrameworkEvent: event=com.browserstack.v2.eventBus.Event@5f5419e3, response=success: true

10:34:32.883 [changeAppLanguage@0] INFO  c.b.v2.module.ObservabilityModule - onBeforeTest: event={instance=com.browserstack.v2.instance.TestFrameworkInstance@1bf1bcb3, testFrameworkState=TestFrameworkState.TEST, testInstance=com.browserstack.v2.instance.TestFrameworkInstance@1bf1bcb3, autoInstance=[com.browserstack.v2.instance.AutomationFrameworkInstance@4a54df42], hookState=HookState.PRE}
10:34:32.883 [changeAppLanguage@0] INFO  c.b.v2.module.ObservabilityModule - performTestReportingSync: Performing TEST REPORTING AND ANALYTICS Sync
10:34:32.916 [verifyWelcomeScreen@0] INFO  c.b.v2.module.WebdriverModule - beforeCommandExecute: event=com.browserstack.v2.eventBus.Event@116782a7
10:34:32.916 [verifyWelcomeScreen@0] INFO  c.b.v2.module.WebdriverModule - beforeCommandExecute: event=com.browserstack.v2.eventBus.Event@116782a7
10:34:32.916 [verifyWelcomeScreen@0] INFO  c.b.v2.module.WebdriverModule - beforeCommandExecute: event=com.browserstack.v2.eventBus.Event@40920430
10:34:32.916 [verifyWelcomeScreen@0] INFO  c.b.v2.module.WebdriverModule - beforeCommandExecute: event=com.browserstack.v2.eventBus.Event@40920430
10:34:32.961 [verifyWelcomeScreen@0] INFO  c.b.v2.module.WebdriverModule - afterCommandExecute: event=com.browserstack.v2.eventBus.Event@4b8a861b
10:34:32.961 [verifyWelcomeScreen@0] INFO  c.b.v2.module.WebdriverModule - afterCommandExecute: event=com.browserstack.v2.eventBus.Event@4b8a861b
10:34:32.961 [verifyWelcomeScreen@0] INFO  c.b.v2.module.ObservabilityModule - THREAD ID Inside Process= 41
10:34:32.961 [verifyWelcomeScreen@0] INFO  c.b.v2.module.ObservabilityModule - Processing TestLevel attachments from directory: /Users/sanjeevareddysj/.browserstack/UploadedAttachments-41/TestLevel
10:34:32.961 [verifyWelcomeScreen@0] INFO  c.b.v2.module.ObservabilityModule - Processing BuildLevel attachments from directory: /Users/sanjeevareddysj/.browserstack/UploadedAttachments-41/BuildLevel
10:34:32.961 [verifyWelcomeScreen@0] INFO  c.b.v2.module.ObservabilityModule - Processing attachments eventLogs: []
10:34:32.961 [verifyWelcomeScreen@0] INFO  c.b.v2.module.ObservabilityModule - sendLogCreatedEvent: No Log Events to send
10:34:32.964 [verifyWelcomeScreen@0] INFO  c.b.v2.module.WebdriverModule - afterCommandExecute: event=com.browserstack.v2.eventBus.Event@26ff7e22
10:34:32.964 [verifyWelcomeScreen@0] INFO  c.b.v2.module.WebdriverModule - afterCommandExecute: event=com.browserstack.v2.eventBus.Event@26ff7e22
10:34:32.964 [verifyWelcomeScreen@0] INFO  c.b.v2.module.ObservabilityModule - THREAD ID Inside Process= 41
10:34:32.964 [verifyWelcomeScreen@0] INFO  c.b.v2.module.ObservabilityModule - Processing TestLevel attachments from directory: /Users/sanjeevareddysj/.browserstack/UploadedAttachments-41/TestLevel
10:34:32.964 [verifyWelcomeScreen@0] INFO  c.b.v2.module.ObservabilityModule - Processing BuildLevel attachments from directory: /Users/sanjeevareddysj/.browserstack/UploadedAttachments-41/BuildLevel
10:34:32.964 [verifyWelcomeScreen@0] INFO  c.b.v2.module.ObservabilityModule - Processing attachments eventLogs: []
10:34:32.964 [verifyWelcomeScreen@0] INFO  c.b.v2.module.ObservabilityModule - sendLogCreatedEvent: No Log Events to send
10:34:32.966 [verifyWelcomeScreen@0] INFO  c.b.v2.module.WebdriverModule - beforeCommandExecute: event=com.browserstack.v2.eventBus.Event@6939b7df
10:34:32.966 [verifyWelcomeScreen@0] INFO  c.b.v2.module.WebdriverModule - beforeCommandExecute: event=com.browserstack.v2.eventBus.Event@6939b7df
10:34:33.069 [verifyWelcomeScreen@0] INFO  c.b.v2.module.WebdriverModule - afterCommandExecute: event=com.browserstack.v2.eventBus.Event@1e5de3eb
10:34:33.069 [verifyWelcomeScreen@0] INFO  c.b.v2.module.WebdriverModule - afterCommandExecute: event=com.browserstack.v2.eventBus.Event@1e5de3eb
10:34:33.069 [verifyWelcomeScreen@0] INFO  c.b.v2.module.ObservabilityModule - THREAD ID Inside Process= 41
10:34:33.069 [verifyWelcomeScreen@0] INFO  c.b.v2.module.ObservabilityModule - Processing TestLevel attachments from directory: /Users/sanjeevareddysj/.browserstack/UploadedAttachments-41/TestLevel
10:34:33.069 [verifyWelcomeScreen@0] INFO  c.b.v2.module.ObservabilityModule - Processing BuildLevel attachments from directory: /Users/sanjeevareddysj/.browserstack/UploadedAttachments-41/BuildLevel
10:34:33.069 [verifyWelcomeScreen@0] INFO  c.b.v2.module.ObservabilityModule - Processing attachments eventLogs: []
10:34:33.069 [verifyWelcomeScreen@0] INFO  c.b.v2.module.ObservabilityModule - sendLogCreatedEvent: No Log Events to send
10:34:33.581 [verifyWelcomeScreen@0] INFO  c.b.v2.module.WebdriverModule - beforeCommandExecute: event=com.browserstack.v2.eventBus.Event@6dcc8fa
10:34:33.581 [verifyWelcomeScreen@0] INFO  c.b.v2.module.WebdriverModule - beforeCommandExecute: event=com.browserstack.v2.eventBus.Event@6dcc8fa
10:34:33.728 [verifyWelcomeScreen@0] INFO  c.b.v2.module.WebdriverModule - afterCommandExecute: event=com.browserstack.v2.eventBus.Event@2b281fe3
10:34:33.728 [verifyWelcomeScreen@0] INFO  c.b.v2.module.WebdriverModule - afterCommandExecute: event=com.browserstack.v2.eventBus.Event@2b281fe3
10:34:33.728 [verifyWelcomeScreen@0] INFO  c.b.v2.module.ObservabilityModule - THREAD ID Inside Process= 41
10:34:33.728 [verifyWelcomeScreen@0] INFO  c.b.v2.module.ObservabilityModule - Processing TestLevel attachments from directory: /Users/sanjeevareddysj/.browserstack/UploadedAttachments-41/TestLevel
10:34:33.728 [verifyWelcomeScreen@0] INFO  c.b.v2.module.ObservabilityModule - Processing BuildLevel attachments from directory: /Users/sanjeevareddysj/.browserstack/UploadedAttachments-41/BuildLevel
10:34:33.728 [verifyWelcomeScreen@0] INFO  c.b.v2.module.ObservabilityModule - Processing attachments eventLogs: []
10:34:33.729 [verifyWelcomeScreen@0] INFO  c.b.v2.module.ObservabilityModule - sendLogCreatedEvent: No Log Events to send
10:34:34.241 [verifyWelcomeScreen@0] INFO  c.b.v2.module.WebdriverModule - beforeCommandExecute: event=com.browserstack.v2.eventBus.Event@bf77db0
10:34:34.241 [verifyWelcomeScreen@0] INFO  c.b.v2.module.WebdriverModule - beforeCommandExecute: event=com.browserstack.v2.eventBus.Event@bf77db0
10:34:34.356 [verifyWelcomeScreen@0] INFO  c.b.v2.module.WebdriverModule - afterCommandExecute: event=com.browserstack.v2.eventBus.Event@9abde9e
10:34:34.356 [verifyWelcomeScreen@0] INFO  c.b.v2.module.WebdriverModule - afterCommandExecute: event=com.browserstack.v2.eventBus.Event@9abde9e
10:34:34.357 [verifyWelcomeScreen@0] INFO  c.b.v2.module.ObservabilityModule - THREAD ID Inside Process= 41
10:34:34.357 [verifyWelcomeScreen@0] INFO  c.b.v2.module.ObservabilityModule - Processing TestLevel attachments from directory: /Users/sanjeevareddysj/.browserstack/UploadedAttachments-41/TestLevel
10:34:34.357 [verifyWelcomeScreen@0] INFO  c.b.v2.module.ObservabilityModule - Processing BuildLevel attachments from directory: /Users/sanjeevareddysj/.browserstack/UploadedAttachments-41/BuildLevel
10:34:34.357 [verifyWelcomeScreen@0] INFO  c.b.v2.module.ObservabilityModule - Processing attachments eventLogs: []
10:34:34.357 [verifyWelcomeScreen@0] INFO  c.b.v2.module.ObservabilityModule - sendLogCreatedEvent: No Log Events to send
10:34:34.862 [verifyWelcomeScreen@0] INFO  c.b.v2.module.WebdriverModule - beforeCommandExecute: event=com.browserstack.v2.eventBus.Event@70d14c15
10:34:34.862 [verifyWelcomeScreen@0] INFO  c.b.v2.module.WebdriverModule - beforeCommandExecute: event=com.browserstack.v2.eventBus.Event@70d14c15
10:34:34.982 [verifyWelcomeScreen@0] INFO  c.b.v2.module.WebdriverModule - afterCommandExecute: event=com.browserstack.v2.eventBus.Event@473d56c6
10:34:34.982 [verifyWelcomeScreen@0] INFO  c.b.v2.module.WebdriverModule - afterCommandExecute: event=com.browserstack.v2.eventBus.Event@473d56c6
10:34:34.982 [verifyWelcomeScreen@0] INFO  c.b.v2.module.ObservabilityModule - THREAD ID Inside Process= 41
10:34:34.982 [verifyWelcomeScreen@0] INFO  c.b.v2.module.ObservabilityModule - Processing TestLevel attachments from directory: /Users/sanjeevareddysj/.browserstack/UploadedAttachments-41/TestLevel
10:34:34.982 [verifyWelcomeScreen@0] INFO  c.b.v2.module.ObservabilityModule - Processing BuildLevel attachments from directory: /Users/sanjeevareddysj/.browserstack/UploadedAttachments-41/BuildLevel
10:34:34.983 [verifyWelcomeScreen@0] INFO  c.b.v2.module.ObservabilityModule - Processing attachments eventLogs: []
10:34:34.983 [verifyWelcomeScreen@0] INFO  c.b.v2.module.ObservabilityModule - sendLogCreatedEvent: No Log Events to send
10:34:34.993 [verifyWelcomeScreen@0] INFO  c.b.v2.module.WebdriverModule - beforeCommandExecute: event=com.browserstack.v2.eventBus.Event@12ce5213
10:34:34.993 [verifyWelcomeScreen@0] INFO  c.b.v2.module.WebdriverModule - beforeCommandExecute: event=com.browserstack.v2.eventBus.Event@12ce5213
10:34:34.993 [verifyWelcomeScreen@0] INFO  c.b.v2.module.WebdriverModule - beforeCommandExecute: event=com.browserstack.v2.eventBus.Event@2f2caec6
10:34:34.994 [verifyWelcomeScreen@0] INFO  c.b.v2.module.WebdriverModule - beforeCommandExecute: event=com.browserstack.v2.eventBus.Event@2f2caec6
10:34:35.727 [verifyWelcomeScreen@0] INFO  c.b.v2.module.WebdriverModule - afterCommandExecute: event=com.browserstack.v2.eventBus.Event@5fe6e5fb
10:34:35.727 [verifyWelcomeScreen@0] INFO  c.b.v2.module.WebdriverModule - afterCommandExecute: event=com.browserstack.v2.eventBus.Event@5fe6e5fb
10:34:35.727 [verifyWelcomeScreen@0] INFO  c.b.v2.module.ObservabilityModule - THREAD ID Inside Process= 41
10:34:35.727 [verifyWelcomeScreen@0] INFO  c.b.v2.module.ObservabilityModule - Processing TestLevel attachments from directory: /Users/sanjeevareddysj/.browserstack/UploadedAttachments-41/TestLevel
10:34:35.727 [verifyWelcomeScreen@0] INFO  c.b.v2.module.ObservabilityModule - Processing BuildLevel attachments from directory: /Users/sanjeevareddysj/.browserstack/UploadedAttachments-41/BuildLevel
10:34:35.727 [verifyWelcomeScreen@0] INFO  c.b.v2.module.ObservabilityModule - Processing attachments eventLogs: []
10:34:35.727 [verifyWelcomeScreen@0] INFO  c.b.v2.module.ObservabilityModule - sendLogCreatedEvent: No Log Events to send
10:34:35.730 [verifyWelcomeScreen@0] INFO  c.b.v2.module.WebdriverModule - afterCommandExecute: event=com.browserstack.v2.eventBus.Event@7b553525
10:34:35.730 [verifyWelcomeScreen@0] INFO  c.b.v2.module.WebdriverModule - afterCommandExecute: event=com.browserstack.v2.eventBus.Event@7b553525
10:34:35.730 [verifyWelcomeScreen@0] INFO  c.b.v2.module.ObservabilityModule - THREAD ID Inside Process= 41
10:34:35.730 [verifyWelcomeScreen@0] INFO  c.b.v2.module.ObservabilityModule - Processing TestLevel attachments from directory: /Users/sanjeevareddysj/.browserstack/UploadedAttachments-41/TestLevel
10:34:35.731 [verifyWelcomeScreen@0] INFO  c.b.v2.module.ObservabilityModule - Processing BuildLevel attachments from directory: /Users/sanjeevareddysj/.browserstack/UploadedAttachments-41/BuildLevel
10:34:35.731 [verifyWelcomeScreen@0] INFO  c.b.v2.module.ObservabilityModule - Processing attachments eventLogs: []
10:34:35.731 [verifyWelcomeScreen@0] INFO  c.b.v2.module.ObservabilityModule - sendLogCreatedEvent: No Log Events to send
10:34:35.745 [verifyWelcomeScreen@0] INFO  c.b.v2.framework.TestNgFramework - trackEvent: found instance, testFrameworkState=TestFrameworkState.LOG_REPORT hookState=HookState.PRE instance=1741108805
10:34:35.745 [verifyWelcomeScreen@0] INFO  c.b.v2.framework.TestNgFramework - trackEvent: found instance, testFrameworkState=TestFrameworkState.LOG_REPORT hookState=HookState.POST instance=1741108805
10:34:35.745 [verifyWelcomeScreen@0] INFO  c.b.v2.framework.TestNgFramework - trackEvent: load test results
10:34:35.745 [verifyWelcomeScreen@0] INFO  c.b.v2.framework.TestNgFramework - trackEvent: found instance, testFrameworkState=TestFrameworkState.TEST hookState=HookState.POST instance=1741108805
10:34:35.745 [verifyWelcomeScreen@0] INFO  c.b.v2.module.WebdriverModule - onAfterTest: event=com.browserstack.v2.eventBus.Event@59640cf9
10:34:35.745 [verifyWelcomeScreen@0] INFO  c.b.utils.SeleniumMethodUtils - Session Name ID status marking: 1e33634af946bfbb13f06e1def97de58e1662e8b
10:34:36.147 [verifyWelcomeScreen@0] INFO  c.b.utils.SeleniumMethodUtils - Session ID status marking: 1e33634af946bfbb13f06e1def97de58e1662e8b
10:34:36.638 [verifyWelcomeScreen@0] INFO  c.b.v2.module.WebdriverModule - onAfterTest: event=com.browserstack.v2.eventBus.Event@59640cf9
10:34:36.638 [verifyWelcomeScreen@0] INFO  c.b.utils.SeleniumMethodUtils - Session Name ID status marking: 1e33634af946bfbb13f06e1def97de58e1662e8b
10:34:37.101 [verifyWelcomeScreen@0] INFO  c.b.utils.SeleniumMethodUtils - Session ID status marking: 1e33634af946bfbb13f06e1def97de58e1662e8b
10:34:37.596 [verifyWelcomeScreen@0] INFO  c.b.v2.module.TestHubModule - sendTestFrameworkEvent: event=com.browserstack.v2.eventBus.Event@59640cf9, response=success: true

10:34:38.200 [Test worker] INFO  com.browserstack.testOps.Listener - logCreated: CLI is active
10:34:38.209 [Thread-0] INFO  com.browserstack.testOps.Listener - onComplete: CLI is active
10:34:38.219 [Thread-0] INFO  com.browserstack.v2.SdkCLI - stop: cli stop triggered
10:34:43.913 [Thread-0] DEBUG com.browserstack.v2.SdkCLI - stop-bin-session=success: true
automate_buildlink: "https://app-automate.browserstack.com/dashboard/v2/builds/d47ede4cfee42d7e614dae551f8cb1bdf2036a9c"
hashed_id: "d47ede4cfee42d7e614dae551f8cb1bdf2036a9c"

10:34:43.925 [Thread-0] INFO  com.browserstack.v2.SdkCLI - stop: shutting down CLI
10:34:45.601 [Thread-0] INFO  c.browserstack.utils.UtilityMethods - Visit https://automation.browserstack.com/builds/u0hlometeepf7hx7afxjlolmz8nptrycsbzi2e3n to view build report, insights, and many more debugging information all at one place!
10:34:45.601 [Thread-0] INFO  c.b.config.BrowserStackConfig - INFO
10:34:45.601 [Thread-0] INFO  c.browserstack.utils.UtilityMethods - View build on BrowserStack dashboard: https://app-automate.browserstack.com/dashboard/v2/builds/d47ede4cfee42d7e614dae551f8cb1bdf2036a9c
10:34:45.601 [Thread-0] INFO  c.b.config.BrowserStackConfig - INFO
10:34:45.603 [Thread-0] INFO  c.browserstack.BrowserStackJavaAgent - SDK run ended for id: 138cb43d-a356-4ffb-8843-cd02c9bcb162, testhub id: u0hlometeepf7hx7afxjlolmz8nptrycsbzi2e3n
10:34:45.603 [Thread-0] INFO  c.b.config.BrowserStackConfig - INFO
10:43:21.587 [main] DEBUG c.browserstack.BrowserStackJavaAgent - Extracted CLI argument from system : null
10:43:21.607 [main] INFO  c.browserstack.BrowserStackJavaAgent - Selenium version detected - 4.34.0
10:43:21.607 [main] INFO  c.browserstack.BrowserStackJavaAgent - Appium version detected - 9.5.0
10:43:21.717 [main] DEBUG c.b.config.BrowserStackConfig - Cli Config passed - {}
10:43:21.726 [main] INFO  c.b.config.BrowserStackConfig - Detected Framework testng
10:43:22.335 [main] INFO  c.browserstack.BrowserStackJavaAgent - Using app: [-bs://10b3879a9bcc83cce31ac6dcd114a9d335e8b688]
10:43:22.335 [main] INFO  c.browserstack.BrowserStackJavaAgent - Framework set to testng
10:43:22.337 [main] INFO  c.browserstack.BrowserStackJavaAgent - SDK run started with id: a8fce60d-c93b-4c8b-91ac-830a405eb6c0
10:43:22.337 [main] INFO  c.b.config.BrowserStackConfig - INFO
10:43:22.343 [main] DEBUG com.browserstack.v2.SdkCliUtils - File /Users/sanjeevareddysj/.browserstack already exist
10:43:22.344 [main] DEBUG com.browserstack.v2.SdkCliUtils - Current CLI Path Found: /Users/sanjeevareddysj/.browserstack/cli/binary-macos-arm64
10:43:23.968 [main] DEBUG com.browserstack.v2.SdkCliUtils - Resolved binary path: /Users/sanjeevareddysj/.browserstack/cli/binary-macos-arm64
10:43:23.974 [main] DEBUG com.browserstack.v2.SdkCLI - startMain: main-process starting
10:43:23.975 [main] INFO  com.browserstack.v2.SdkCLI - spawning command='/Users/sanjeevareddysj/.browserstack/cli/binary-macos-arm64' 'sdk' 'tcp'
10:43:24.265 [ForkJoinPool.commonPool-worker-1] INFO  com.browserstack.v2.SdkCLI - loadCLIParams: start binSessionId=f3b6d957-2947-4bc4-a53e-3a8f9e41e31f listenAddress=127.0.0.1:5400
10:43:24.265 [main] DEBUG com.browserstack.v2.SdkCLI - startMain: main-process started
10:43:24.265 [main] DEBUG com.browserstack.v2.SdkCLI - startMain: main-process connecting {id=f3b6d957-2947-4bc4-a53e-3a8f9e41e31f, port=5400, listen=127.0.0.1:5400}
10:43:24.274 [main] DEBUG com.browserstack.v2.SdkCliUtils - File /Users/sanjeevareddysj/.browserstack already exist
10:43:37.053 [main] DEBUG com.browserstack.v2.SdkCLI - start-bin-session=bin_session_id: "f3b6d957-2947-4bc4-a53e-3a8f9e41e31f"
config: "{\"userName\":\"sanjeev_efWR7h\",\"accessKey\":\"BrUyx5M5aC3uabP5s3sQ\",\"framework\":\"testng\",\"app\":\"bs://10b3879a9bcc83cce31ac6dcd114a9d335e8b688\",\"platforms\":[{\"platformName\":\"android\",\"deviceName\":\"Samsung Galaxy S22 Ultra\",\"platformVersion\":\"12.0\"}],\"browserstackLocal\":true,\"buildName\":\"browserstack-local-build-1\",\"projectName\":\"BrowserStack Sanju\",\"testObservability\":true,\"accessibility\":false,\"browserstackAutomation\":true,\"selfHeal\":false,\"disableAutoCaptureLogs\":false,\"testhub\":true,\"testContextOptions\":{\"skipSessionStatus\":false,\"skipSessionName\":false},\"logDir\":\"/Users/sanjeevareddysj/IdeaProjects/LearAumatingApp/LearAumatingApp/log\",\"buildIdentifier\":\"#8\",\"browserStackLocalOptions\":{\"localIdentifier\":\"Sep_29_1043_Sanjeeva-Reddy-2.local_6sor\",\"key\":\"BrUyx5M5aC3uabP5s3sQ\",\"skipBinaryInitialisation\":false},\"testOrchestrationOptions\":{\"retryTestsOnFailure\":{},\"abortBuildOnFailure\":{}},\"apis\":{\"automate\":{\"hub\":\"https://hub.browserstack.com\",\"cdp\":\"https://cdp.browserstack.com\",\"api\":\"https://api.browserstack.com\",\"upload\":\"https://api-cloud.browserstack.com\"},\"appAutomate\":{\"hub\":\"https://hub.browserstack.com\",\"api\":\"https://api.browserstack.com\",\"upload\":\"https://api-cloud.browserstack.com\"},\"percy\":{\"api\":\"https://api.browserstack.com\"},\"turboScale\":{\"api\":\"https://grid.browserstack.com\"},\"accessibility\":{\"api\":\"https://accessibility.browserstack.com\"},\"appAccessibility\":{\"api\":\"https://app-accessibility.browserstack.com\"},\"observability\":{\"api\":\"https://collector-observability.browserstack.com\",\"upload\":\"https://upload-observability.browserstack.com\"},\"configServer\":{\"api\":\"https://sdk.browserstack.com\"},\"edsInstrumentation\":{\"api\":\"https://eds.browserstack.com\"},\"tcg\":{\"api\":\"https://tcg.browserstack.com\"}},\"hubUrl\":\"https://hub.browserstack.com/wd/hub\",\"proxySettings\":{}}"
testhub {
  jwt: "eyJhbGciOiJSUzI1NiJ9.eyJleHAiOiIxNzU5MTMzNjA1IiwiaXNzIjoid3d3LmJyb3dzZXJzdGFjay5jb20iLCJzdWIiOjYxNTkwNDMsInNjb3BlIjp7InByb2R1Y3QiOiJzZGsiLCJ1c2VyX2FjY2VzcyI6eyJ0ZXN0X29ic2VydmFiaWxpdHkiOjEsImF1dG9tYXRlIjoxLCJhcHBfYXV0b21hdGUiOjEsInBlcmN5IjoxLCJhcHBfcGVyY3kiOjEsImFjY2Vzc2liaWxpdHlfdGVzdGluZyI6MCwiYXBwX2FjY2Vzc2liaWxpdHlfdGVzdGluZyI6MSwiYXV0b21hdGVfdHVyYm9zY2FsZSI6MSwibG93X2NvZGVfYXV0b21hdGlvbiI6MX0sImlhYW1fcm9sZSI6Im93bmVyIn0sImdyb3VwX2lkIjo2MDc3MTc3LCJ0ZWFtX2lkIjpudWxsLCJ1ZGFjX2FjY2VzcyI6Imdsb2JhbCJ9.S7JEk61cy8LYm4NAhWOmBQ-Xi92whovWHecjEpnLm8go9LKD3qxiufTg3dhZ29aK9SQ3HVz-KapuKLmMTdBVp7OL0Vti7mINv01cbarkAdRJH7QuqV4wQrgIhWM85hPz69VXbwACU4CzLFF03qeZ05XhJq7NOmrRs1PGKWl2_6mfaLE1ymAHMdIKdJZ4RP6V4_ydqH8bYl__vU8e-_e48lnF1ujpXNAH3-e0TwLQSl1gRYWqhQv0KVfTZsg5Mq8OSaLms-qocABQT8t5gXQstbAFB4GPEOKkjryf3nG0UgKfCLsYowFbxFhsHXfR_flSkDTRVlEUzekWBWbxtt2tXg"
  build_hashed_id: "jackfsvpxkde7k3bojgizix9f8gj3nlixgcjzyup"
  testhub_events: true
}
observability {
  success: true
}
percy {
  5: "app"
}
session_framework: ""
8: "selenium"

10:43:37.080 [main] DEBUG com.browserstack.v2.SdkCLI - startChild: child-process connecting
10:43:37.444 [main] DEBUG com.browserstack.v2.SdkCLI - connect-bin-session=bin_session_id: "f3b6d957-2947-4bc4-a53e-3a8f9e41e31f"
config: "{\"userName\":\"sanjeev_efWR7h\",\"accessKey\":\"BrUyx5M5aC3uabP5s3sQ\",\"framework\":\"testng\",\"app\":\"bs://10b3879a9bcc83cce31ac6dcd114a9d335e8b688\",\"platforms\":[{\"platformName\":\"android\",\"deviceName\":\"Samsung Galaxy S22 Ultra\",\"platformVersion\":\"12.0\"}],\"browserstackLocal\":true,\"buildName\":\"browserstack-local-build-1\",\"projectName\":\"BrowserStack Sanju\",\"testObservability\":true,\"accessibility\":false,\"browserstackAutomation\":true,\"selfHeal\":false,\"disableAutoCaptureLogs\":false,\"testhub\":true,\"testContextOptions\":{\"skipSessionStatus\":false,\"skipSessionName\":false},\"logDir\":\"/Users/sanjeevareddysj/IdeaProjects/LearAumatingApp/LearAumatingApp/log\",\"buildIdentifier\":\"#8\",\"browserStackLocalOptions\":{\"localIdentifier\":\"Sep_29_1043_Sanjeeva-Reddy-2.local_6sor\",\"key\":\"BrUyx5M5aC3uabP5s3sQ\",\"skipBinaryInitialisation\":false},\"testOrchestrationOptions\":{\"retryTestsOnFailure\":{},\"abortBuildOnFailure\":{}},\"apis\":{\"automate\":{\"hub\":\"https://hub.browserstack.com\",\"cdp\":\"https://cdp.browserstack.com\",\"api\":\"https://api.browserstack.com\",\"upload\":\"https://api-cloud.browserstack.com\"},\"appAutomate\":{\"hub\":\"https://hub.browserstack.com\",\"api\":\"https://api.browserstack.com\",\"upload\":\"https://api-cloud.browserstack.com\"},\"percy\":{\"api\":\"https://api.browserstack.com\"},\"turboScale\":{\"api\":\"https://grid.browserstack.com\"},\"accessibility\":{\"api\":\"https://accessibility.browserstack.com\"},\"appAccessibility\":{\"api\":\"https://app-accessibility.browserstack.com\"},\"observability\":{\"api\":\"https://collector-observability.browserstack.com\",\"upload\":\"https://upload-observability.browserstack.com\"},\"configServer\":{\"api\":\"https://sdk.browserstack.com\"},\"edsInstrumentation\":{\"api\":\"https://eds.browserstack.com\"},\"tcg\":{\"api\":\"https://tcg.browserstack.com\"}},\"hubUrl\":\"https://hub-aps.browserstack.com/wd/hub\",\"proxySettings\":{}}"
testhub {
  jwt: "eyJhbGciOiJSUzI1NiJ9.eyJleHAiOiIxNzU5MTMzNjA1IiwiaXNzIjoid3d3LmJyb3dzZXJzdGFjay5jb20iLCJzdWIiOjYxNTkwNDMsInNjb3BlIjp7InByb2R1Y3QiOiJzZGsiLCJ1c2VyX2FjY2VzcyI6eyJ0ZXN0X29ic2VydmFiaWxpdHkiOjEsImF1dG9tYXRlIjoxLCJhcHBfYXV0b21hdGUiOjEsInBlcmN5IjoxLCJhcHBfcGVyY3kiOjEsImFjY2Vzc2liaWxpdHlfdGVzdGluZyI6MCwiYXBwX2FjY2Vzc2liaWxpdHlfdGVzdGluZyI6MSwiYXV0b21hdGVfdHVyYm9zY2FsZSI6MSwibG93X2NvZGVfYXV0b21hdGlvbiI6MX0sImlhYW1fcm9sZSI6Im93bmVyIn0sImdyb3VwX2lkIjo2MDc3MTc3LCJ0ZWFtX2lkIjpudWxsLCJ1ZGFjX2FjY2VzcyI6Imdsb2JhbCJ9.S7JEk61cy8LYm4NAhWOmBQ-Xi92whovWHecjEpnLm8go9LKD3qxiufTg3dhZ29aK9SQ3HVz-KapuKLmMTdBVp7OL0Vti7mINv01cbarkAdRJH7QuqV4wQrgIhWM85hPz69VXbwACU4CzLFF03qeZ05XhJq7NOmrRs1PGKWl2_6mfaLE1ymAHMdIKdJZ4RP6V4_ydqH8bYl__vU8e-_e48lnF1ujpXNAH3-e0TwLQSl1gRYWqhQv0KVfTZsg5Mq8OSaLms-qocABQT8t5gXQstbAFB4GPEOKkjryf3nG0UgKfCLsYowFbxFhsHXfR_flSkDTRVlEUzekWBWbxtt2tXg"
  build_hashed_id: "jackfsvpxkde7k3bojgizix9f8gj3nlixgcjzyup"
  testhub_events: true
}
observability {
  success: true
}
percy {
  5: "app"
}
session_framework: "selenium"
test_orchestration {
  retry_tests_on_failure {
  }
  abort_build_on_failure {
  }
}

10:43:37.446 [main] INFO  com.browserstack.v2.SdkCLI - loadBinResponse: Loading modules as per LoadBinResponse=bin_session_id: "f3b6d957-2947-4bc4-a53e-3a8f9e41e31f"
config: "{\"userName\":\"sanjeev_efWR7h\",\"accessKey\":\"BrUyx5M5aC3uabP5s3sQ\",\"framework\":\"testng\",\"app\":\"bs://10b3879a9bcc83cce31ac6dcd114a9d335e8b688\",\"platforms\":[{\"platformName\":\"android\",\"deviceName\":\"Samsung Galaxy S22 Ultra\",\"platformVersion\":\"12.0\"}],\"browserstackLocal\":true,\"buildName\":\"browserstack-local-build-1\",\"projectName\":\"BrowserStack Sanju\",\"testObservability\":true,\"accessibility\":false,\"browserstackAutomation\":true,\"selfHeal\":false,\"disableAutoCaptureLogs\":false,\"testhub\":true,\"testContextOptions\":{\"skipSessionStatus\":false,\"skipSessionName\":false},\"logDir\":\"/Users/sanjeevareddysj/IdeaProjects/LearAumatingApp/LearAumatingApp/log\",\"buildIdentifier\":\"#8\",\"browserStackLocalOptions\":{\"localIdentifier\":\"Sep_29_1043_Sanjeeva-Reddy-2.local_6sor\",\"key\":\"BrUyx5M5aC3uabP5s3sQ\",\"skipBinaryInitialisation\":false},\"testOrchestrationOptions\":{\"retryTestsOnFailure\":{},\"abortBuildOnFailure\":{}},\"apis\":{\"automate\":{\"hub\":\"https://hub.browserstack.com\",\"cdp\":\"https://cdp.browserstack.com\",\"api\":\"https://api.browserstack.com\",\"upload\":\"https://api-cloud.browserstack.com\"},\"appAutomate\":{\"hub\":\"https://hub.browserstack.com\",\"api\":\"https://api.browserstack.com\",\"upload\":\"https://api-cloud.browserstack.com\"},\"percy\":{\"api\":\"https://api.browserstack.com\"},\"turboScale\":{\"api\":\"https://grid.browserstack.com\"},\"accessibility\":{\"api\":\"https://accessibility.browserstack.com\"},\"appAccessibility\":{\"api\":\"https://app-accessibility.browserstack.com\"},\"observability\":{\"api\":\"https://collector-observability.browserstack.com\",\"upload\":\"https://upload-observability.browserstack.com\"},\"configServer\":{\"api\":\"https://sdk.browserstack.com\"},\"edsInstrumentation\":{\"api\":\"https://eds.browserstack.com\"},\"tcg\":{\"api\":\"https://tcg.browserstack.com\"}},\"hubUrl\":\"https://hub-aps.browserstack.com/wd/hub\",\"proxySettings\":{}}"
testhub {
  jwt: "eyJhbGciOiJSUzI1NiJ9.eyJleHAiOiIxNzU5MTMzNjA1IiwiaXNzIjoid3d3LmJyb3dzZXJzdGFjay5jb20iLCJzdWIiOjYxNTkwNDMsInNjb3BlIjp7InByb2R1Y3QiOiJzZGsiLCJ1c2VyX2FjY2VzcyI6eyJ0ZXN0X29ic2VydmFiaWxpdHkiOjEsImF1dG9tYXRlIjoxLCJhcHBfYXV0b21hdGUiOjEsInBlcmN5IjoxLCJhcHBfcGVyY3kiOjEsImFjY2Vzc2liaWxpdHlfdGVzdGluZyI6MCwiYXBwX2FjY2Vzc2liaWxpdHlfdGVzdGluZyI6MSwiYXV0b21hdGVfdHVyYm9zY2FsZSI6MSwibG93X2NvZGVfYXV0b21hdGlvbiI6MX0sImlhYW1fcm9sZSI6Im93bmVyIn0sImdyb3VwX2lkIjo2MDc3MTc3LCJ0ZWFtX2lkIjpudWxsLCJ1ZGFjX2FjY2VzcyI6Imdsb2JhbCJ9.S7JEk61cy8LYm4NAhWOmBQ-Xi92whovWHecjEpnLm8go9LKD3qxiufTg3dhZ29aK9SQ3HVz-KapuKLmMTdBVp7OL0Vti7mINv01cbarkAdRJH7QuqV4wQrgIhWM85hPz69VXbwACU4CzLFF03qeZ05XhJq7NOmrRs1PGKWl2_6mfaLE1ymAHMdIKdJZ4RP6V4_ydqH8bYl__vU8e-_e48lnF1ujpXNAH3-e0TwLQSl1gRYWqhQv0KVfTZsg5Mq8OSaLms-qocABQT8t5gXQstbAFB4GPEOKkjryf3nG0UgKfCLsYowFbxFhsHXfR_flSkDTRVlEUzekWBWbxtt2tXg"
  build_hashed_id: "jackfsvpxkde7k3bojgizix9f8gj3nlixgcjzyup"
  testhub_events: true
}
observability {
  success: true
}
percy {
  5: "app"
}
session_framework: "selenium"
test_orchestration {
  retry_tests_on_failure {
  }
  abort_build_on_failure {
  }
}

10:43:37.459 [main] DEBUG com.browserstack.v2.SdkCLI - loadBinResponse: configured module=WebdriverModule & f3b6d957-2947-4bc4-a53e-3a8f9e41e31f
10:43:37.459 [main] DEBUG com.browserstack.v2.SdkCLI - loadBinResponse: configured module=ObservabilityModule & f3b6d957-2947-4bc4-a53e-3a8f9e41e31f
10:43:37.459 [main] DEBUG com.browserstack.v2.SdkCLI - loadBinResponse: configured module=TestHubModule & f3b6d957-2947-4bc4-a53e-3a8f9e41e31f
10:43:37.478 [main] INFO  com.browserstack.v2.SdkCLI - startChild: child-process connected
10:43:37.483 [main] INFO  com.browserstack.v2.SdkCLI - startMain: main-process connected
10:43:40.023 [main] INFO  c.browserstack.BrowserStackJavaAgent - Project and debug logs are captured by default. To disable, set disableAutoCaptureLogs: true in config.
10:43:40.032 [main] INFO  com.browserstack.testOps.Listener - onStart: CLI is active
10:43:40.254 [main] DEBUG com.browserstack.v2.SdkCLI - Setting up testng framework
10:43:40.256 [main] DEBUG com.browserstack.v2.SdkCLI - Setting up selenium framework
10:43:40.514 [Test worker] INFO  com.browserstack.testOps.Listener - logCreated: CLI is active
10:43:40.515 [Test worker] INFO  com.browserstack.testOps.Listener - logCreated: CLI is active
10:43:40.515 [Test worker] INFO  com.browserstack.testOps.Listener - logCreated: CLI is active
10:43:40.515 [Test worker] INFO  com.browserstack.testOps.Listener - logCreated: CLI is active
10:43:40.515 [Test worker] INFO  com.browserstack.testOps.Listener - logCreated: CLI is active
10:43:40.516 [Test worker] INFO  com.browserstack.testOps.Listener - logCreated: CLI is active
10:43:40.516 [Test worker] INFO  com.browserstack.testOps.Listener - logCreated: CLI is active
10:43:40.516 [Test worker] INFO  com.browserstack.testOps.Listener - logCreated: CLI is active
10:43:40.517 [Test worker] INFO  com.browserstack.testOps.Listener - logCreated: CLI is active
10:43:40.520 [Test worker] INFO  com.browserstack.testOps.Listener - logCreated: CLI is active
10:43:40.521 [Test worker] INFO  com.browserstack.testOps.Listener - logCreated: CLI is active
10:43:40.522 [Test worker] INFO  com.browserstack.testOps.Listener - logCreated: CLI is active
10:43:40.522 [Test worker] INFO  com.browserstack.testOps.Listener - logCreated: CLI is active
10:43:40.522 [Test worker] INFO  com.browserstack.testOps.Listener - logCreated: CLI is active
10:43:40.522 [Test worker] INFO  com.browserstack.testOps.Listener - logCreated: CLI is active
10:43:40.522 [Test worker] INFO  com.browserstack.testOps.Listener - logCreated: CLI is active
10:43:40.522 [Test worker] INFO  com.browserstack.testOps.Listener - logCreated: CLI is active
10:43:40.522 [Test worker] INFO  com.browserstack.testOps.Listener - logCreated: CLI is active
10:43:40.523 [Test worker] INFO  com.browserstack.testOps.Listener - logCreated: CLI is active
10:43:40.523 [Test worker] INFO  com.browserstack.testOps.Listener - logCreated: CLI is active
10:43:40.523 [Test worker] INFO  com.browserstack.testOps.Listener - logCreated: CLI is active
10:43:40.523 [Test worker] INFO  com.browserstack.testOps.Listener - logCreated: CLI is active
10:43:40.523 [Test worker] INFO  com.browserstack.testOps.Listener - logCreated: CLI is active
10:43:40.524 [Test worker] INFO  com.browserstack.testOps.Listener - logCreated: CLI is active
10:43:40.524 [Test worker] INFO  com.browserstack.testOps.Listener - logCreated: CLI is active
10:43:40.524 [Test worker] INFO  com.browserstack.testOps.Listener - logCreated: CLI is active
10:43:40.524 [Test worker] INFO  com.browserstack.testOps.Listener - logCreated: CLI is active
10:43:40.524 [Test worker] INFO  com.browserstack.testOps.Listener - logCreated: CLI is active
10:43:40.525 [Test worker] INFO  com.browserstack.testOps.Listener - logCreated: CLI is active
10:43:40.525 [Test worker] INFO  com.browserstack.testOps.Listener - logCreated: CLI is active
10:43:40.525 [Test worker] INFO  com.browserstack.testOps.Listener - logCreated: CLI is active
10:43:40.525 [Test worker] INFO  com.browserstack.testOps.Listener - logCreated: CLI is active
10:43:40.525 [Test worker] INFO  com.browserstack.testOps.Listener - logCreated: CLI is active
10:43:40.526 [Test worker] INFO  com.browserstack.testOps.Listener - logCreated: CLI is active
10:43:40.526 [Test worker] INFO  com.browserstack.testOps.Listener - logCreated: CLI is active
10:43:40.526 [Test worker] INFO  com.browserstack.testOps.Listener - logCreated: CLI is active
10:43:40.526 [Test worker] INFO  com.browserstack.testOps.Listener - logCreated: CLI is active
10:43:40.527 [Test worker] INFO  com.browserstack.testOps.Listener - logCreated: CLI is active
10:43:40.527 [Test worker] INFO  com.browserstack.testOps.Listener - logCreated: CLI is active
10:43:40.527 [Test worker] INFO  com.browserstack.testOps.Listener - logCreated: CLI is active
10:43:40.527 [Test worker] INFO  com.browserstack.testOps.Listener - logCreated: CLI is active
10:43:40.536 [Test worker] INFO  com.browserstack.testOps.Listener - logCreated: CLI is active
10:43:40.540 [TestNG-tests-1] INFO  c.b.v2.framework.TestNgFramework - trackTestNgTest: saved instance contextId=1741108805 target=/Users/sanjeevareddysj/IdeaProjects/LearAumatingApp/LearAumatingApp-0@0 instances=[1741108805]
10:43:40.540 [TestNG-tests-1] INFO  c.b.v2.framework.TestNgFramework - trackEvent: found instance, testFrameworkState=TestFrameworkState.INIT_TEST hookState=HookState.PRE instance=1741108805
10:43:40.540 [TestNG-tests-1] INFO  c.b.v2.framework.TestNgFramework - trackEvent: loaded instance, testFrameworkState=TestFrameworkState.INIT_TEST hookState=HookState.PRE instance=1741108805
10:43:40.542 [/Users/sanjeevareddysj/IdeaProjects/LearAumatingApp/LearAumatingApp-0@0] INFO  com.browserstack.testOps.Listener - logCreated: CLI is active
10:43:40.551 [/Users/sanjeevareddysj/IdeaProjects/LearAumatingApp/LearAumatingApp-0@0] INFO  c.b.v2.framework.TestNgFramework - trackEvent: found instance, testFrameworkState=TestFrameworkState.BEFORE_CLASS hookState=HookState.PRE instance=1741108805
10:43:40.552 [/Users/sanjeevareddysj/IdeaProjects/LearAumatingApp/LearAumatingApp-0@0] INFO  c.b.v2.framework.TestNgFramework - trackEvent: loaded common test data, testFrameworkState=TestFrameworkState.BEFORE_CLASS hookState=HookState.PRE instance=1741108805
10:43:40.552 [/Users/sanjeevareddysj/IdeaProjects/LearAumatingApp/LearAumatingApp-0@0] INFO  c.b.v2.framework.TestNgFramework - trackEvent: track hook events
10:43:40.599 [/Users/sanjeevareddysj/IdeaProjects/LearAumatingApp/LearAumatingApp-0@0] INFO  c.b.v2.framework.TestNgFramework - args CHECK = [TestResult name=preRequisit status=STARTED method=GojekWelcomeScreenVerificationTest.preRequisit()[pri:0, instance:gojek.android.gojek.GojekWelcomeScreenVerificationTest@2721044] output={null}]
10:43:40.600 [/Users/sanjeevareddysj/IdeaProjects/LearAumatingApp/LearAumatingApp-0@0] INFO  c.b.v2.framework.TestNgFramework - Hook Started in PRE key = BEFORE_CLASS & hook = {hook_name=preRequisit, hook_result=pending, test_file_path=LearAumatingApp/src/test/java/gojek/android/gojek/GojekWelcomeScreenVerificationTest.java, event_started_at=2025-09-29T10:43:40.600318, hook_id=c25c694d-6214-41ea-b813-0b640a588c57, hook_logs=[], key=BEFORE_CLASS, custom_metadata={}, test_location=LearAumatingApp/src/test/java/gojek/android/gojek/GojekWelcomeScreenVerificationTest.java}  and args = [[TestResult name=preRequisit status=STARTED method=GojekWelcomeScreenVerificationTest.preRequisit()[pri:0, instance:gojek.android.gojek.GojekWelcomeScreenVerificationTest@2721044] output={null}], GojekWelcomeScreenVerificationTest.preRequisit()[pri:0, instance:gojek.android.gojek.GojekWelcomeScreenVerificationTest@2721044]]
10:43:40.600 [/Users/sanjeevareddysj/IdeaProjects/LearAumatingApp/LearAumatingApp-0@0] INFO  c.b.v2.framework.TestNgFramework - trackHookEvents: hook state=BEFORE_CLASS.HookState.PRE , hooks started={BEFORE_CLASS=[{hook_name=preRequisit, hook_result=pending, test_file_path=LearAumatingApp/src/test/java/gojek/android/gojek/GojekWelcomeScreenVerificationTest.java, event_started_at=2025-09-29T10:43:40.600318, hook_id=c25c694d-6214-41ea-b813-0b640a588c57, hook_logs=[], key=BEFORE_CLASS, custom_metadata={}, test_location=LearAumatingApp/src/test/java/gojek/android/gojek/GojekWelcomeScreenVerificationTest.java}]} , hooks finished={BEFORE_CLASS=[]}
10:43:40.616 [/Users/sanjeevareddysj/IdeaProjects/LearAumatingApp/LearAumatingApp-0@0] INFO  c.b.v2.module.TestHubModule - sendTestFrameworkEvent: event=com.browserstack.v2.eventBus.Event@53ab2047, response=success: true

10:43:40.654 [preRequisit@0] INFO  c.b.v2.framework.TestNgFramework - trackEvent: found instance, testFrameworkState=TestFrameworkState.LOG hookState=HookState.PRE instance=1741108805
10:43:40.654 [preRequisit@0] INFO  c.b.v2.framework.TestNgFramework - trackEvent: load log entries
10:43:40.662 [preRequisit@0] INFO  c.b.v2.module.TestHubModule - sendLogCreatedEvent: event=com.browserstack.v2.eventBus.Event@448eabe0, response=success: true

10:43:40.662 [preRequisit@0] INFO  c.b.v2.module.TestHubModule - sendLogCreatedEvent: event=com.browserstack.v2.eventBus.Event@448eabe0
10:43:40.667 [preRequisit@0] INFO  c.b.v2.framework.TestNgFramework - trackEvent: found instance, testFrameworkState=TestFrameworkState.LOG hookState=HookState.PRE instance=1741108805
10:43:40.667 [preRequisit@0] INFO  c.b.v2.framework.TestNgFramework - trackEvent: load log entries
10:43:40.669 [preRequisit@0] INFO  c.b.v2.module.TestHubModule - sendLogCreatedEvent: event=com.browserstack.v2.eventBus.Event@3ef7c436, response=success: true

10:43:40.669 [preRequisit@0] INFO  c.b.v2.module.TestHubModule - sendLogCreatedEvent: event=com.browserstack.v2.eventBus.Event@3ef7c436
10:43:40.705 [preRequisit@0] INFO  c.b.v2.framework.SeleniumFramework - trackSeleniumTest: saved instance contextId=1475499379 target=5955:41 instances=[1475499379]
10:43:40.705 [preRequisit@0] INFO  c.b.v2.module.WebdriverModule - onBeforeDriverCreate: event=com.browserstack.v2.eventBus.Event@6b37754e
10:43:40.708 [preRequisit@0] INFO  c.b.v2.module.WebdriverModule - onBeforeDriverCreate: event=com.browserstack.v2.eventBus.Event@6b37754e
10:43:40.731 [preRequisit@0] INFO  c.b.v2.module.WebdriverModule - beforeCommandExecute: event=com.browserstack.v2.eventBus.Event@2833ba68
10:43:40.731 [preRequisit@0] INFO  c.b.v2.module.WebdriverModule - beforeCommandExecute: event=com.browserstack.v2.eventBus.Event@2833ba68
10:44:13.361 [preRequisit@0] INFO  c.b.v2.module.WebdriverModule - afterCommandExecute: event=com.browserstack.v2.eventBus.Event@58efa376
10:44:13.362 [preRequisit@0] INFO  c.b.v2.module.WebdriverModule - afterCommandExecute: event=com.browserstack.v2.eventBus.Event@58efa376
10:44:13.362 [preRequisit@0] INFO  c.b.v2.module.ObservabilityModule - THREAD ID Inside Process= 41
10:44:13.362 [preRequisit@0] INFO  c.b.v2.module.ObservabilityModule - Processing TestLevel attachments from directory: /Users/sanjeevareddysj/.browserstack/UploadedAttachments-41/TestLevel
10:44:13.362 [preRequisit@0] INFO  c.b.v2.module.ObservabilityModule - Processing BuildLevel attachments from directory: /Users/sanjeevareddysj/.browserstack/UploadedAttachments-41/BuildLevel
10:44:13.362 [preRequisit@0] INFO  c.b.v2.module.ObservabilityModule - Processing attachments eventLogs: []
10:44:13.363 [preRequisit@0] INFO  c.b.v2.module.ObservabilityModule - sendLogCreatedEvent: No Log Events to send
10:44:13.370 [preRequisit@0] INFO  c.b.v2.framework.SeleniumFramework - trackSeleniumTest: saved instance contextId=1475499379 target=5955:41 instances=[1475499379]
10:44:13.370 [preRequisit@0] INFO  c.b.v2.module.WebdriverModule - onDriverCreated: event=com.browserstack.v2.eventBus.Event@1445ec22
10:44:13.370 [preRequisit@0] INFO  c.b.v2.module.WebdriverModule - Found session id=e5ceacc7db995dfbb9df13601ca1600f98b98149 for instance=com.browserstack.v2.instance.AutomationFrameworkInstance@473df29
10:44:13.372 [preRequisit@0] INFO  c.b.v2.module.WebdriverModule - Driver added successfully to automationFramework
10:44:13.374 [preRequisit@0] ERROR c.b.v2.module.WebdriverModule - Error AutomationFrameworkStart to start driver with error java.lang.ClassCastException: class java.lang.Object cannot be cast to class browserstack.sdk.v1.Sdk$AutomationFrameworkStartResponse (java.lang.Object is in module java.base of loader 'bootstrap'; browserstack.sdk.v1.Sdk$AutomationFrameworkStartResponse is in unnamed module of loader 'app')
	at com.browserstack.v2.module.WebdriverModule.startDriver(Unknown Source)
	at com.browserstack.v2.module.WebdriverModule.onDriverCreated(Unknown Source)
	at com.browserstack.v2.eventBus.EventDispatcher.notifyModuleObservers(Unknown Source)
	at com.browserstack.v2.framework.AutomationFramework.runHooks(Unknown Source)
	at com.browserstack.v2.framework.SeleniumFramework.trackEvent(Unknown Source)
	at com.browserstack.selenium.SeleniumHandler.persistDriverInstance(Unknown Source)
	at com.browserstack.selenium.SeleniumHandler.afterDriverInit(Unknown Source)
	at org.openqa.selenium.remote.RemoteWebDriver.<init>(RemoteWebDriver.java:183)
	at io.appium.java_client.AppiumDriver.<init>(AppiumDriver.java:101)
	at io.appium.java_client.AppiumDriver.<init>(AppiumDriver.java:113)
	at io.appium.java_client.android.AndroidDriver.<init>(AndroidDriver.java:109)
	at coreDriver.Drivers.createBrowserStackDriver(Drivers.java:87)
	at coreDriver.Drivers.createDriver(Drivers.java:34)
	at coreDriver.Drivers.getDrivers(Drivers.java:28)
	at gojek.android.gojek.GojekWelcomeScreenVerificationTest.preRequisit(GojekWelcomeScreenVerificationTest.java:21)
	at java.base/jdk.internal.reflect.NativeMethodAccessorImpl.invoke0(Native Method)
	at java.base/jdk.internal.reflect.NativeMethodAccessorImpl.invoke(NativeMethodAccessorImpl.java:77)
	at java.base/jdk.internal.reflect.DelegatingMethodAccessorImpl.invoke(DelegatingMethodAccessorImpl.java:43)
	at java.base/java.lang.reflect.Method.invoke(Method.java:568)
	at org.testng.internal.invokers.MethodInvocationHelper.invokeMethod(MethodInvocationHelper.java:141)
	at org.testng.internal.invokers.MethodInvocationHelper.invokeMethodConsideringTimeout(MethodInvocationHelper.java:71)
	at org.testng.internal.invokers.ConfigInvoker.invokeConfigurationMethod(ConfigInvoker.java:400)
	at org.testng.internal.invokers.ConfigInvoker.invokeConfigurations(ConfigInvoker.java:333)
	at org.testng.internal.invokers.TestMethodWorker.invokeBeforeClassMethods(TestMethodWorker.java:188)
	at org.testng.internal.invokers.TestMethodWorker.run(TestMethodWorker.java:128)
	at java.base/java.util.ArrayList.forEach(ArrayList.java:1511)
	at org.testng.TestRunner.privateRun(TestRunner.java:741)
	at org.testng.TestRunner.run(TestRunner.java:616)
	at org.testng.SuiteRunner.runTest(SuiteRunner.java:421)
	at org.testng.SuiteRunner$SuiteWorker.run(SuiteRunner.java:463)
	at org.testng.internal.thread.ThreadUtil.lambda$execute$0(ThreadUtil.java:64)
	at java.base/java.util.concurrent.FutureTask.run(FutureTask.java:264)
	at java.base/java.util.concurrent.ThreadPoolExecutor.runWorker(ThreadPoolExecutor.java:1136)
	at java.base/java.util.concurrent.ThreadPoolExecutor$Worker.run(ThreadPoolExecutor.java:635)
	at java.base/java.lang.Thread.run(Thread.java:842)

10:44:13.374 [preRequisit@0] INFO  c.b.v2.module.WebdriverModule - onDriverCreated: event=com.browserstack.v2.eventBus.Event@1445ec22
10:44:13.374 [preRequisit@0] INFO  c.b.v2.module.WebdriverModule - Found session id=e5ceacc7db995dfbb9df13601ca1600f98b98149 for instance=com.browserstack.v2.instance.AutomationFrameworkInstance@473df29
10:44:13.375 [preRequisit@0] INFO  c.b.v2.module.WebdriverModule - Driver added successfully to automationFramework
10:44:13.746 [preRequisit@0] INFO  c.b.v2.framework.TestNgFramework - trackEvent: found instance, testFrameworkState=TestFrameworkState.BEFORE_CLASS hookState=HookState.POST instance=1741108805
10:44:13.746 [preRequisit@0] INFO  c.b.v2.framework.TestNgFramework - trackEvent: loaded common test data, testFrameworkState=TestFrameworkState.BEFORE_CLASS hookState=HookState.POST instance=1741108805
10:44:13.746 [preRequisit@0] INFO  c.b.v2.framework.TestNgFramework - trackEvent: track hook events
10:44:13.803 [preRequisit@0] INFO  c.b.v2.framework.TestNgFramework - args CHECK = [TestResult name=preRequisit status=SUCCESS method=GojekWelcomeScreenVerificationTest.preRequisit()[pri:0, instance:gojek.android.gojek.GojekWelcomeScreenVerificationTest@2721044] output={null}]
10:44:13.803 [preRequisit@0] INFO  c.b.v2.framework.TestNgFramework - Hook List in Post [{hook_name=preRequisit, hook_result=pending, test_file_path=LearAumatingApp/src/test/java/gojek/android/gojek/GojekWelcomeScreenVerificationTest.java, event_started_at=2025-09-29T10:43:40.600318, hook_id=c25c694d-6214-41ea-b813-0b640a588c57, hook_logs=[], key=BEFORE_CLASS, custom_metadata={}, test_location=LearAumatingApp/src/test/java/gojek/android/gojek/GojekWelcomeScreenVerificationTest.java}] and args = [[TestResult name=preRequisit status=SUCCESS method=GojekWelcomeScreenVerificationTest.preRequisit()[pri:0, instance:gojek.android.gojek.GojekWelcomeScreenVerificationTest@2721044] output={null}], GojekWelcomeScreenVerificationTest.preRequisit()[pri:0, instance:gojek.android.gojek.GojekWelcomeScreenVerificationTest@2721044]]
10:44:13.804 [preRequisit@0] INFO  c.b.v2.framework.TestNgFramework - Processing HookLevel attachments from directory: /Users/sanjeevareddysj/.browserstack/UploadedAttachments-41/HookLevel
10:44:13.804 [preRequisit@0] INFO  c.b.v2.framework.TestNgFramework - Checking hookLevelFiles: []
10:44:13.804 [preRequisit@0] INFO  c.b.v2.framework.TestNgFramework - checking Paths of files = /Users/sanjeevareddysj/.browserstack/UploadedAttachments-41/HookLevel/BuildLevelHookEvent and abs path = /Users/sanjeevareddysj/.browserstack/UploadedAttachments-41/HookLevel/BuildLevelHookEvent 
10:44:13.804 [preRequisit@0] INFO  c.b.v2.framework.TestNgFramework - Processing BuildLevelHookEvent attachments from directory: /Users/sanjeevareddysj/.browserstack/UploadedAttachments-41/HookLevel/BuildLevelHookEvent
10:44:13.804 [preRequisit@0] INFO  c.b.v2.framework.TestNgFramework - Processing TestLevel attachments eventLogs: []
10:44:13.804 [preRequisit@0] INFO  c.b.v2.framework.TestNgFramework - sendLogCreatedEvent: No Log Events to send
10:44:13.804 [preRequisit@0] INFO  c.b.v2.framework.TestNgFramework - trackHookEvents: hook state=BEFORE_CLASS.HookState.POST , hooks started={BEFORE_CLASS=[]} , hooks finished={BEFORE_CLASS=[{hook_name=preRequisit, hook_result=passed, test_file_path=LearAumatingApp/src/test/java/gojek/android/gojek/GojekWelcomeScreenVerificationTest.java, event_started_at=2025-09-29T10:43:40.600318, hook_id=c25c694d-6214-41ea-b813-0b640a588c57, hook_logs=[], logs=[], key=BEFORE_CLASS, custom_metadata={}, event_ended_at=2025-09-29T10:44:13.804035, test_location=LearAumatingApp/src/test/java/gojek/android/gojek/GojekWelcomeScreenVerificationTest.java}]}
10:44:13.809 [preRequisit@0] INFO  c.b.v2.module.TestHubModule - sendTestFrameworkEvent: event=com.browserstack.v2.eventBus.Event@5efb75a, response=success: true

10:44:13.817 [preRequisit@0] INFO  c.b.v2.framework.TestNgFramework - trackEvent: found instance, testFrameworkState=TestFrameworkState.TEST hookState=HookState.PRE instance=1741108805
10:44:13.832 [preRequisit@0] INFO  c.b.v2.framework.TestNgFramework - trackEvent: loaded initial test data to instance, testFrameworkState=TestFrameworkState.TEST hookState=HookState.PRE instance=1741108805 instanceThreadId=41 testResult=/Users/sanjeevareddysj/IdeaProjects/LearAumatingApp/LearAumatingApp-0 testData={test_uuid=3bb86e78-ee63-4d6a-9b5e-1251f438179f, test_file_path=src/test/java/gojek/android/gojek/GojekWelcomeScreenVerificationTest.java, test_scope=All Test Suite.gojek.android.gojek.GojekWelcomeScreenVerificationTest, test_meta={}, test_scopes=[All Test Suite, gojek.android.gojek.GojekWelcomeScreenVerificationTest], test_code=public void gojek.android.gojek.GojekWelcomeScreenVerificationTest.changeAppLanguage(), test_session_name=gojek.android.gojek.GojekWelcomeScreenVerificationTest-changeAppLanguage, test_name=changeAppLanguage, test_tags=, custom_metadata={}, test_id=/Users/sanjeevareddysj/IdeaProjects/LearAumatingApp/LearAumatingApp-0@0, test_location=src/test/java/gojek/android/gojek/GojekWelcomeScreenVerificationTest.java}
10:44:13.832 [preRequisit@0] INFO  c.b.v2.module.WebdriverModule - onBeforeTest: event=com.browserstack.v2.eventBus.Event@74ec6160
10:44:13.832 [preRequisit@0] INFO  c.b.v2.module.WebdriverModule - onBeforeTest: event=com.browserstack.v2.eventBus.Event@74ec6160
10:44:13.832 [preRequisit@0] INFO  c.b.v2.module.TestHubModule - onBeforeTest: event={com.browserstack.v2.eventBus.Event@74ec6160}
10:44:13.864 [preRequisit@0] INFO  c.b.v2.module.TestHubModule - sendTestSessionEvent: event=com.browserstack.v2.eventBus.Event@74ec6160, response=success: true

10:44:13.875 [preRequisit@0] INFO  c.b.v2.module.TestHubModule - sendTestFrameworkEvent: event=com.browserstack.v2.eventBus.Event@74ec6160, response=success: true

10:44:13.877 [preRequisit@0] INFO  c.b.v2.module.ObservabilityModule - onBeforeTest: event={instance=com.browserstack.v2.instance.TestFrameworkInstance@300f9621, testFrameworkState=TestFrameworkState.TEST, testInstance=com.browserstack.v2.instance.TestFrameworkInstance@300f9621, autoInstance=[com.browserstack.v2.instance.AutomationFrameworkInstance@473df29], hookState=HookState.PRE}
10:44:13.878 [preRequisit@0] INFO  c.b.v2.module.ObservabilityModule - performTestReportingSync: Performing TEST REPORTING AND ANALYTICS Sync
10:44:13.921 [changeAppLanguage@0] INFO  c.b.v2.module.WebdriverModule - beforeCommandExecute: event=com.browserstack.v2.eventBus.Event@456efa96
10:44:13.921 [changeAppLanguage@0] INFO  c.b.v2.module.WebdriverModule - beforeCommandExecute: event=com.browserstack.v2.eventBus.Event@456efa96
10:44:13.921 [changeAppLanguage@0] INFO  c.b.v2.module.WebdriverModule - beforeCommandExecute: event=com.browserstack.v2.eventBus.Event@6def798b
10:44:13.921 [changeAppLanguage@0] INFO  c.b.v2.module.WebdriverModule - beforeCommandExecute: event=com.browserstack.v2.eventBus.Event@6def798b
10:44:13.973 [changeAppLanguage@0] INFO  c.b.v2.module.WebdriverModule - afterCommandExecute: event=com.browserstack.v2.eventBus.Event@613278f8
10:44:13.973 [changeAppLanguage@0] INFO  c.b.v2.module.WebdriverModule - afterCommandExecute: event=com.browserstack.v2.eventBus.Event@613278f8
10:44:13.973 [changeAppLanguage@0] INFO  c.b.v2.module.ObservabilityModule - THREAD ID Inside Process= 41
10:44:13.973 [changeAppLanguage@0] INFO  c.b.v2.module.ObservabilityModule - Processing TestLevel attachments from directory: /Users/sanjeevareddysj/.browserstack/UploadedAttachments-41/TestLevel
10:44:13.973 [changeAppLanguage@0] INFO  c.b.v2.module.ObservabilityModule - Processing BuildLevel attachments from directory: /Users/sanjeevareddysj/.browserstack/UploadedAttachments-41/BuildLevel
10:44:13.973 [changeAppLanguage@0] INFO  c.b.v2.module.ObservabilityModule - Processing attachments eventLogs: []
10:44:13.973 [changeAppLanguage@0] INFO  c.b.v2.module.ObservabilityModule - sendLogCreatedEvent: No Log Events to send
10:44:13.975 [changeAppLanguage@0] INFO  c.b.v2.module.WebdriverModule - afterCommandExecute: event=com.browserstack.v2.eventBus.Event@79b3325f
10:44:13.975 [changeAppLanguage@0] INFO  c.b.v2.module.WebdriverModule - afterCommandExecute: event=com.browserstack.v2.eventBus.Event@79b3325f
10:44:13.975 [changeAppLanguage@0] INFO  c.b.v2.module.ObservabilityModule - THREAD ID Inside Process= 41
10:44:13.975 [changeAppLanguage@0] INFO  c.b.v2.module.ObservabilityModule - Processing TestLevel attachments from directory: /Users/sanjeevareddysj/.browserstack/UploadedAttachments-41/TestLevel
10:44:13.975 [changeAppLanguage@0] INFO  c.b.v2.module.ObservabilityModule - Processing BuildLevel attachments from directory: /Users/sanjeevareddysj/.browserstack/UploadedAttachments-41/BuildLevel
10:44:13.975 [changeAppLanguage@0] INFO  c.b.v2.module.ObservabilityModule - Processing attachments eventLogs: []
10:44:13.975 [changeAppLanguage@0] INFO  c.b.v2.module.ObservabilityModule - sendLogCreatedEvent: No Log Events to send
10:44:13.978 [changeAppLanguage@0] INFO  c.b.v2.module.WebdriverModule - beforeCommandExecute: event=com.browserstack.v2.eventBus.Event@4de8cc4a
10:44:13.978 [changeAppLanguage@0] INFO  c.b.v2.module.WebdriverModule - beforeCommandExecute: event=com.browserstack.v2.eventBus.Event@4de8cc4a
10:44:14.941 [changeAppLanguage@0] INFO  c.b.v2.module.WebdriverModule - afterCommandExecute: event=com.browserstack.v2.eventBus.Event@5f422528
10:44:14.941 [changeAppLanguage@0] INFO  c.b.v2.module.WebdriverModule - afterCommandExecute: event=com.browserstack.v2.eventBus.Event@5f422528
10:44:14.941 [changeAppLanguage@0] INFO  c.b.v2.module.ObservabilityModule - THREAD ID Inside Process= 41
10:44:14.941 [changeAppLanguage@0] INFO  c.b.v2.module.ObservabilityModule - Processing TestLevel attachments from directory: /Users/sanjeevareddysj/.browserstack/UploadedAttachments-41/TestLevel
10:44:14.941 [changeAppLanguage@0] INFO  c.b.v2.module.ObservabilityModule - Processing BuildLevel attachments from directory: /Users/sanjeevareddysj/.browserstack/UploadedAttachments-41/BuildLevel
10:44:14.941 [changeAppLanguage@0] INFO  c.b.v2.module.ObservabilityModule - Processing attachments eventLogs: []
10:44:14.942 [changeAppLanguage@0] INFO  c.b.v2.module.ObservabilityModule - sendLogCreatedEvent: No Log Events to send
10:44:15.447 [changeAppLanguage@0] INFO  c.b.v2.module.WebdriverModule - beforeCommandExecute: event=com.browserstack.v2.eventBus.Event@46490449
10:44:15.447 [changeAppLanguage@0] INFO  c.b.v2.module.WebdriverModule - beforeCommandExecute: event=com.browserstack.v2.eventBus.Event@46490449
10:44:16.260 [changeAppLanguage@0] INFO  c.b.v2.module.WebdriverModule - afterCommandExecute: event=com.browserstack.v2.eventBus.Event@1cd6451f
10:44:16.260 [changeAppLanguage@0] INFO  c.b.v2.module.WebdriverModule - afterCommandExecute: event=com.browserstack.v2.eventBus.Event@1cd6451f
10:44:16.260 [changeAppLanguage@0] INFO  c.b.v2.module.ObservabilityModule - THREAD ID Inside Process= 41
10:44:16.261 [changeAppLanguage@0] INFO  c.b.v2.module.ObservabilityModule - Processing TestLevel attachments from directory: /Users/sanjeevareddysj/.browserstack/UploadedAttachments-41/TestLevel
10:44:16.261 [changeAppLanguage@0] INFO  c.b.v2.module.ObservabilityModule - Processing BuildLevel attachments from directory: /Users/sanjeevareddysj/.browserstack/UploadedAttachments-41/BuildLevel
10:44:16.261 [changeAppLanguage@0] INFO  c.b.v2.module.ObservabilityModule - Processing attachments eventLogs: []
10:44:16.261 [changeAppLanguage@0] INFO  c.b.v2.module.ObservabilityModule - sendLogCreatedEvent: No Log Events to send
10:44:16.267 [changeAppLanguage@0] INFO  c.b.v2.module.WebdriverModule - beforeCommandExecute: event=com.browserstack.v2.eventBus.Event@487bd368
10:44:16.267 [changeAppLanguage@0] INFO  c.b.v2.module.WebdriverModule - beforeCommandExecute: event=com.browserstack.v2.eventBus.Event@487bd368
10:44:16.393 [changeAppLanguage@0] INFO  c.b.v2.module.WebdriverModule - afterCommandExecute: event=com.browserstack.v2.eventBus.Event@76494a56
10:44:16.393 [changeAppLanguage@0] INFO  c.b.v2.module.WebdriverModule - afterCommandExecute: event=com.browserstack.v2.eventBus.Event@76494a56
10:44:16.393 [changeAppLanguage@0] INFO  c.b.v2.module.ObservabilityModule - THREAD ID Inside Process= 41
10:44:16.393 [changeAppLanguage@0] INFO  c.b.v2.module.ObservabilityModule - Processing TestLevel attachments from directory: /Users/sanjeevareddysj/.browserstack/UploadedAttachments-41/TestLevel
10:44:16.393 [changeAppLanguage@0] INFO  c.b.v2.module.ObservabilityModule - Processing BuildLevel attachments from directory: /Users/sanjeevareddysj/.browserstack/UploadedAttachments-41/BuildLevel
10:44:16.393 [changeAppLanguage@0] INFO  c.b.v2.module.ObservabilityModule - Processing attachments eventLogs: []
10:44:16.393 [changeAppLanguage@0] INFO  c.b.v2.module.ObservabilityModule - sendLogCreatedEvent: No Log Events to send
10:44:16.396 [changeAppLanguage@0] INFO  c.b.v2.module.WebdriverModule - beforeCommandExecute: event=com.browserstack.v2.eventBus.Event@6396bd82
10:44:16.396 [changeAppLanguage@0] INFO  c.b.v2.module.WebdriverModule - beforeCommandExecute: event=com.browserstack.v2.eventBus.Event@6396bd82
10:44:16.396 [changeAppLanguage@0] INFO  c.b.v2.module.WebdriverModule - beforeCommandExecute: event=com.browserstack.v2.eventBus.Event@5f31405c
10:44:16.396 [changeAppLanguage@0] INFO  c.b.v2.module.WebdriverModule - beforeCommandExecute: event=com.browserstack.v2.eventBus.Event@5f31405c
10:44:16.457 [changeAppLanguage@0] INFO  c.b.v2.module.WebdriverModule - afterCommandExecute: event=com.browserstack.v2.eventBus.Event@1813a519
10:44:16.457 [changeAppLanguage@0] INFO  c.b.v2.module.WebdriverModule - afterCommandExecute: event=com.browserstack.v2.eventBus.Event@1813a519
10:44:16.457 [changeAppLanguage@0] INFO  c.b.v2.module.ObservabilityModule - THREAD ID Inside Process= 41
10:44:16.458 [changeAppLanguage@0] INFO  c.b.v2.module.ObservabilityModule - Processing TestLevel attachments from directory: /Users/sanjeevareddysj/.browserstack/UploadedAttachments-41/TestLevel
10:44:16.458 [changeAppLanguage@0] INFO  c.b.v2.module.ObservabilityModule - Processing BuildLevel attachments from directory: /Users/sanjeevareddysj/.browserstack/UploadedAttachments-41/BuildLevel
10:44:16.458 [changeAppLanguage@0] INFO  c.b.v2.module.ObservabilityModule - Processing attachments eventLogs: []
10:44:16.458 [changeAppLanguage@0] INFO  c.b.v2.module.ObservabilityModule - sendLogCreatedEvent: No Log Events to send
10:44:16.460 [changeAppLanguage@0] INFO  c.b.v2.module.WebdriverModule - afterCommandExecute: event=com.browserstack.v2.eventBus.Event@2ed9a02
10:44:16.460 [changeAppLanguage@0] INFO  c.b.v2.module.WebdriverModule - afterCommandExecute: event=com.browserstack.v2.eventBus.Event@2ed9a02
10:44:16.460 [changeAppLanguage@0] INFO  c.b.v2.module.ObservabilityModule - THREAD ID Inside Process= 41
10:44:16.460 [changeAppLanguage@0] INFO  c.b.v2.module.ObservabilityModule - Processing TestLevel attachments from directory: /Users/sanjeevareddysj/.browserstack/UploadedAttachments-41/TestLevel
10:44:16.460 [changeAppLanguage@0] INFO  c.b.v2.module.ObservabilityModule - Processing BuildLevel attachments from directory: /Users/sanjeevareddysj/.browserstack/UploadedAttachments-41/BuildLevel
10:44:16.460 [changeAppLanguage@0] INFO  c.b.v2.module.ObservabilityModule - Processing attachments eventLogs: []
10:44:16.461 [changeAppLanguage@0] INFO  c.b.v2.module.ObservabilityModule - sendLogCreatedEvent: No Log Events to send
10:44:16.463 [changeAppLanguage@0] INFO  c.b.v2.module.WebdriverModule - beforeCommandExecute: event=com.browserstack.v2.eventBus.Event@52b54536
10:44:16.463 [changeAppLanguage@0] INFO  c.b.v2.module.WebdriverModule - beforeCommandExecute: event=com.browserstack.v2.eventBus.Event@52b54536
10:44:17.417 [changeAppLanguage@0] INFO  c.b.v2.module.WebdriverModule - afterCommandExecute: event=com.browserstack.v2.eventBus.Event@16d6fdc8
10:44:17.417 [changeAppLanguage@0] INFO  c.b.v2.module.WebdriverModule - afterCommandExecute: event=com.browserstack.v2.eventBus.Event@16d6fdc8
10:44:17.417 [changeAppLanguage@0] INFO  c.b.v2.module.ObservabilityModule - THREAD ID Inside Process= 41
10:44:17.417 [changeAppLanguage@0] INFO  c.b.v2.module.ObservabilityModule - Processing TestLevel attachments from directory: /Users/sanjeevareddysj/.browserstack/UploadedAttachments-41/TestLevel
10:44:17.418 [changeAppLanguage@0] INFO  c.b.v2.module.ObservabilityModule - Processing BuildLevel attachments from directory: /Users/sanjeevareddysj/.browserstack/UploadedAttachments-41/BuildLevel
10:44:17.418 [changeAppLanguage@0] INFO  c.b.v2.module.ObservabilityModule - Processing attachments eventLogs: []
10:44:17.418 [changeAppLanguage@0] INFO  c.b.v2.module.ObservabilityModule - sendLogCreatedEvent: No Log Events to send
10:44:17.425 [changeAppLanguage@0] INFO  c.b.v2.module.WebdriverModule - beforeCommandExecute: event=com.browserstack.v2.eventBus.Event@27fd2298
10:44:17.425 [changeAppLanguage@0] INFO  c.b.v2.module.WebdriverModule - beforeCommandExecute: event=com.browserstack.v2.eventBus.Event@27fd2298
10:44:17.495 [changeAppLanguage@0] INFO  c.b.v2.module.WebdriverModule - afterCommandExecute: event=com.browserstack.v2.eventBus.Event@7f98a6ca
10:44:17.495 [changeAppLanguage@0] INFO  c.b.v2.module.WebdriverModule - afterCommandExecute: event=com.browserstack.v2.eventBus.Event@7f98a6ca
10:44:17.495 [changeAppLanguage@0] INFO  c.b.v2.module.ObservabilityModule - THREAD ID Inside Process= 41
10:44:17.495 [changeAppLanguage@0] INFO  c.b.v2.module.ObservabilityModule - Processing TestLevel attachments from directory: /Users/sanjeevareddysj/.browserstack/UploadedAttachments-41/TestLevel
10:44:17.496 [changeAppLanguage@0] INFO  c.b.v2.module.ObservabilityModule - Processing BuildLevel attachments from directory: /Users/sanjeevareddysj/.browserstack/UploadedAttachments-41/BuildLevel
10:44:17.496 [changeAppLanguage@0] INFO  c.b.v2.module.ObservabilityModule - Processing attachments eventLogs: []
10:44:17.496 [changeAppLanguage@0] INFO  c.b.v2.module.ObservabilityModule - sendLogCreatedEvent: No Log Events to send
10:44:17.503 [changeAppLanguage@0] INFO  c.b.v2.module.WebdriverModule - beforeCommandExecute: event=com.browserstack.v2.eventBus.Event@1db21d09
10:44:17.503 [changeAppLanguage@0] INFO  c.b.v2.module.WebdriverModule - beforeCommandExecute: event=com.browserstack.v2.eventBus.Event@1db21d09
10:44:17.503 [changeAppLanguage@0] INFO  c.b.v2.module.WebdriverModule - beforeCommandExecute: event=com.browserstack.v2.eventBus.Event@531515c5
10:44:17.503 [changeAppLanguage@0] INFO  c.b.v2.module.WebdriverModule - beforeCommandExecute: event=com.browserstack.v2.eventBus.Event@531515c5
10:44:17.554 [changeAppLanguage@0] INFO  c.b.v2.module.WebdriverModule - afterCommandExecute: event=com.browserstack.v2.eventBus.Event@6901479b
10:44:17.554 [changeAppLanguage@0] INFO  c.b.v2.module.WebdriverModule - afterCommandExecute: event=com.browserstack.v2.eventBus.Event@6901479b
10:44:17.554 [changeAppLanguage@0] INFO  c.b.v2.module.ObservabilityModule - THREAD ID Inside Process= 41
10:44:17.554 [changeAppLanguage@0] INFO  c.b.v2.module.ObservabilityModule - Processing TestLevel attachments from directory: /Users/sanjeevareddysj/.browserstack/UploadedAttachments-41/TestLevel
10:44:17.554 [changeAppLanguage@0] INFO  c.b.v2.module.ObservabilityModule - Processing BuildLevel attachments from directory: /Users/sanjeevareddysj/.browserstack/UploadedAttachments-41/BuildLevel
10:44:17.554 [changeAppLanguage@0] INFO  c.b.v2.module.ObservabilityModule - Processing attachments eventLogs: []
10:44:17.554 [changeAppLanguage@0] INFO  c.b.v2.module.ObservabilityModule - sendLogCreatedEvent: No Log Events to send
10:44:17.558 [changeAppLanguage@0] INFO  c.b.v2.module.WebdriverModule - afterCommandExecute: event=com.browserstack.v2.eventBus.Event@3362ed31
10:44:17.558 [changeAppLanguage@0] INFO  c.b.v2.module.WebdriverModule - afterCommandExecute: event=com.browserstack.v2.eventBus.Event@3362ed31
10:44:17.558 [changeAppLanguage@0] INFO  c.b.v2.module.ObservabilityModule - THREAD ID Inside Process= 41
10:44:17.558 [changeAppLanguage@0] INFO  c.b.v2.module.ObservabilityModule - Processing TestLevel attachments from directory: /Users/sanjeevareddysj/.browserstack/UploadedAttachments-41/TestLevel
10:44:17.558 [changeAppLanguage@0] INFO  c.b.v2.module.ObservabilityModule - Processing BuildLevel attachments from directory: /Users/sanjeevareddysj/.browserstack/UploadedAttachments-41/BuildLevel
10:44:17.558 [changeAppLanguage@0] INFO  c.b.v2.module.ObservabilityModule - Processing attachments eventLogs: []
10:44:17.559 [changeAppLanguage@0] INFO  c.b.v2.module.ObservabilityModule - sendLogCreatedEvent: No Log Events to send
10:44:17.561 [changeAppLanguage@0] INFO  c.b.v2.module.WebdriverModule - beforeCommandExecute: event=com.browserstack.v2.eventBus.Event@2bfcd6a5
10:44:17.561 [changeAppLanguage@0] INFO  c.b.v2.module.WebdriverModule - beforeCommandExecute: event=com.browserstack.v2.eventBus.Event@2bfcd6a5
10:44:17.652 [changeAppLanguage@0] INFO  c.b.v2.module.WebdriverModule - afterCommandExecute: event=com.browserstack.v2.eventBus.Event@1ecb5259
10:44:17.652 [changeAppLanguage@0] INFO  c.b.v2.module.WebdriverModule - afterCommandExecute: event=com.browserstack.v2.eventBus.Event@1ecb5259
10:44:17.652 [changeAppLanguage@0] INFO  c.b.v2.module.ObservabilityModule - THREAD ID Inside Process= 41
10:44:17.652 [changeAppLanguage@0] INFO  c.b.v2.module.ObservabilityModule - Processing TestLevel attachments from directory: /Users/sanjeevareddysj/.browserstack/UploadedAttachments-41/TestLevel
10:44:17.652 [changeAppLanguage@0] INFO  c.b.v2.module.ObservabilityModule - Processing BuildLevel attachments from directory: /Users/sanjeevareddysj/.browserstack/UploadedAttachments-41/BuildLevel
10:44:17.652 [changeAppLanguage@0] INFO  c.b.v2.module.ObservabilityModule - Processing attachments eventLogs: []
10:44:17.652 [changeAppLanguage@0] INFO  c.b.v2.module.ObservabilityModule - sendLogCreatedEvent: No Log Events to send
10:44:17.655 [changeAppLanguage@0] INFO  c.b.v2.module.WebdriverModule - beforeCommandExecute: event=com.browserstack.v2.eventBus.Event@74ab62b0
10:44:17.655 [changeAppLanguage@0] INFO  c.b.v2.module.WebdriverModule - beforeCommandExecute: event=com.browserstack.v2.eventBus.Event@74ab62b0
10:44:17.769 [changeAppLanguage@0] INFO  c.b.v2.module.WebdriverModule - afterCommandExecute: event=com.browserstack.v2.eventBus.Event@6796bbd1
10:44:17.769 [changeAppLanguage@0] INFO  c.b.v2.module.WebdriverModule - afterCommandExecute: event=com.browserstack.v2.eventBus.Event@6796bbd1
10:44:17.769 [changeAppLanguage@0] INFO  c.b.v2.module.ObservabilityModule - THREAD ID Inside Process= 41
10:44:17.770 [changeAppLanguage@0] INFO  c.b.v2.module.ObservabilityModule - Processing TestLevel attachments from directory: /Users/sanjeevareddysj/.browserstack/UploadedAttachments-41/TestLevel
10:44:17.770 [changeAppLanguage@0] INFO  c.b.v2.module.ObservabilityModule - Processing BuildLevel attachments from directory: /Users/sanjeevareddysj/.browserstack/UploadedAttachments-41/BuildLevel
10:44:17.770 [changeAppLanguage@0] INFO  c.b.v2.module.ObservabilityModule - Processing attachments eventLogs: []
10:44:17.770 [changeAppLanguage@0] INFO  c.b.v2.module.ObservabilityModule - sendLogCreatedEvent: No Log Events to send
10:44:17.774 [changeAppLanguage@0] INFO  c.b.v2.module.WebdriverModule - beforeCommandExecute: event=com.browserstack.v2.eventBus.Event@5c7b67fe
10:44:17.774 [changeAppLanguage@0] INFO  c.b.v2.module.WebdriverModule - beforeCommandExecute: event=com.browserstack.v2.eventBus.Event@5c7b67fe
10:44:17.774 [changeAppLanguage@0] INFO  c.b.v2.module.WebdriverModule - beforeCommandExecute: event=com.browserstack.v2.eventBus.Event@7a9b0e77
10:44:17.774 [changeAppLanguage@0] INFO  c.b.v2.module.WebdriverModule - beforeCommandExecute: event=com.browserstack.v2.eventBus.Event@7a9b0e77
10:44:17.815 [changeAppLanguage@0] INFO  c.b.v2.module.WebdriverModule - afterCommandExecute: event=com.browserstack.v2.eventBus.Event@28816ac6
10:44:17.815 [changeAppLanguage@0] INFO  c.b.v2.module.WebdriverModule - afterCommandExecute: event=com.browserstack.v2.eventBus.Event@28816ac6
10:44:17.815 [changeAppLanguage@0] INFO  c.b.v2.module.ObservabilityModule - THREAD ID Inside Process= 41
10:44:17.815 [changeAppLanguage@0] INFO  c.b.v2.module.ObservabilityModule - Processing TestLevel attachments from directory: /Users/sanjeevareddysj/.browserstack/UploadedAttachments-41/TestLevel
10:44:17.816 [changeAppLanguage@0] INFO  c.b.v2.module.ObservabilityModule - Processing BuildLevel attachments from directory: /Users/sanjeevareddysj/.browserstack/UploadedAttachments-41/BuildLevel
10:44:17.816 [changeAppLanguage@0] INFO  c.b.v2.module.ObservabilityModule - Processing attachments eventLogs: []
10:44:17.816 [changeAppLanguage@0] INFO  c.b.v2.module.ObservabilityModule - sendLogCreatedEvent: No Log Events to send
10:44:17.820 [changeAppLanguage@0] INFO  c.b.v2.module.WebdriverModule - afterCommandExecute: event=com.browserstack.v2.eventBus.Event@5fbb4c6b
10:44:17.820 [changeAppLanguage@0] INFO  c.b.v2.module.WebdriverModule - afterCommandExecute: event=com.browserstack.v2.eventBus.Event@5fbb4c6b
10:44:17.820 [changeAppLanguage@0] INFO  c.b.v2.module.ObservabilityModule - THREAD ID Inside Process= 41
10:44:17.820 [changeAppLanguage@0] INFO  c.b.v2.module.ObservabilityModule - Processing TestLevel attachments from directory: /Users/sanjeevareddysj/.browserstack/UploadedAttachments-41/TestLevel
10:44:17.820 [changeAppLanguage@0] INFO  c.b.v2.module.ObservabilityModule - Processing BuildLevel attachments from directory: /Users/sanjeevareddysj/.browserstack/UploadedAttachments-41/BuildLevel
10:44:17.821 [changeAppLanguage@0] INFO  c.b.v2.module.ObservabilityModule - Processing attachments eventLogs: []
10:44:17.821 [changeAppLanguage@0] INFO  c.b.v2.module.ObservabilityModule - sendLogCreatedEvent: No Log Events to send
10:44:17.825 [changeAppLanguage@0] INFO  c.b.v2.module.WebdriverModule - beforeCommandExecute: event=com.browserstack.v2.eventBus.Event@5e059b6f
10:44:17.825 [changeAppLanguage@0] INFO  c.b.v2.module.WebdriverModule - beforeCommandExecute: event=com.browserstack.v2.eventBus.Event@5e059b6f
10:44:18.457 [changeAppLanguage@0] INFO  c.b.v2.module.WebdriverModule - afterCommandExecute: event=com.browserstack.v2.eventBus.Event@7ad093f8
10:44:18.457 [changeAppLanguage@0] INFO  c.b.v2.module.WebdriverModule - afterCommandExecute: event=com.browserstack.v2.eventBus.Event@7ad093f8
10:44:18.457 [changeAppLanguage@0] INFO  c.b.v2.module.ObservabilityModule - THREAD ID Inside Process= 41
10:44:18.457 [changeAppLanguage@0] INFO  c.b.v2.module.ObservabilityModule - Processing TestLevel attachments from directory: /Users/sanjeevareddysj/.browserstack/UploadedAttachments-41/TestLevel
10:44:18.457 [changeAppLanguage@0] INFO  c.b.v2.module.ObservabilityModule - Processing BuildLevel attachments from directory: /Users/sanjeevareddysj/.browserstack/UploadedAttachments-41/BuildLevel
10:44:18.457 [changeAppLanguage@0] INFO  c.b.v2.module.ObservabilityModule - Processing attachments eventLogs: []
10:44:18.458 [changeAppLanguage@0] INFO  c.b.v2.module.ObservabilityModule - sendLogCreatedEvent: No Log Events to send
10:44:18.463 [changeAppLanguage@0] INFO  c.b.v2.module.WebdriverModule - beforeCommandExecute: event=com.browserstack.v2.eventBus.Event@48abb33
10:44:18.463 [changeAppLanguage@0] INFO  c.b.v2.module.WebdriverModule - beforeCommandExecute: event=com.browserstack.v2.eventBus.Event@48abb33
10:44:20.162 [changeAppLanguage@0] INFO  c.b.v2.module.WebdriverModule - afterCommandExecute: event=com.browserstack.v2.eventBus.Event@322611d5
10:44:20.162 [changeAppLanguage@0] INFO  c.b.v2.module.WebdriverModule - afterCommandExecute: event=com.browserstack.v2.eventBus.Event@322611d5
10:44:20.162 [changeAppLanguage@0] INFO  c.b.v2.module.ObservabilityModule - THREAD ID Inside Process= 41
10:44:20.162 [changeAppLanguage@0] INFO  c.b.v2.module.ObservabilityModule - Processing TestLevel attachments from directory: /Users/sanjeevareddysj/.browserstack/UploadedAttachments-41/TestLevel
10:44:20.162 [changeAppLanguage@0] INFO  c.b.v2.module.ObservabilityModule - Processing BuildLevel attachments from directory: /Users/sanjeevareddysj/.browserstack/UploadedAttachments-41/BuildLevel
10:44:20.163 [changeAppLanguage@0] INFO  c.b.v2.module.ObservabilityModule - Processing attachments eventLogs: []
10:44:20.163 [changeAppLanguage@0] INFO  c.b.v2.module.ObservabilityModule - sendLogCreatedEvent: No Log Events to send
10:44:20.169 [changeAppLanguage@0] INFO  c.b.v2.module.WebdriverModule - beforeCommandExecute: event=com.browserstack.v2.eventBus.Event@26ac2df3
10:44:20.169 [changeAppLanguage@0] INFO  c.b.v2.module.WebdriverModule - beforeCommandExecute: event=com.browserstack.v2.eventBus.Event@26ac2df3
10:44:20.169 [changeAppLanguage@0] INFO  c.b.v2.module.WebdriverModule - beforeCommandExecute: event=com.browserstack.v2.eventBus.Event@671e9adc
10:44:20.169 [changeAppLanguage@0] INFO  c.b.v2.module.WebdriverModule - beforeCommandExecute: event=com.browserstack.v2.eventBus.Event@671e9adc
10:44:20.220 [changeAppLanguage@0] INFO  c.b.v2.module.WebdriverModule - afterCommandExecute: event=com.browserstack.v2.eventBus.Event@65349753
10:44:20.221 [changeAppLanguage@0] INFO  c.b.v2.module.WebdriverModule - afterCommandExecute: event=com.browserstack.v2.eventBus.Event@65349753
10:44:20.221 [changeAppLanguage@0] INFO  c.b.v2.module.ObservabilityModule - THREAD ID Inside Process= 41
10:44:20.221 [changeAppLanguage@0] INFO  c.b.v2.module.ObservabilityModule - Processing TestLevel attachments from directory: /Users/sanjeevareddysj/.browserstack/UploadedAttachments-41/TestLevel
10:44:20.221 [changeAppLanguage@0] INFO  c.b.v2.module.ObservabilityModule - Processing BuildLevel attachments from directory: /Users/sanjeevareddysj/.browserstack/UploadedAttachments-41/BuildLevel
10:44:20.221 [changeAppLanguage@0] INFO  c.b.v2.module.ObservabilityModule - Processing attachments eventLogs: []
10:44:20.221 [changeAppLanguage@0] INFO  c.b.v2.module.ObservabilityModule - sendLogCreatedEvent: No Log Events to send
10:44:20.227 [changeAppLanguage@0] INFO  c.b.v2.module.WebdriverModule - afterCommandExecute: event=com.browserstack.v2.eventBus.Event@19fb65be
10:44:20.227 [changeAppLanguage@0] INFO  c.b.v2.module.WebdriverModule - afterCommandExecute: event=com.browserstack.v2.eventBus.Event@19fb65be
10:44:20.227 [changeAppLanguage@0] INFO  c.b.v2.module.ObservabilityModule - THREAD ID Inside Process= 41
10:44:20.227 [changeAppLanguage@0] INFO  c.b.v2.module.ObservabilityModule - Processing TestLevel attachments from directory: /Users/sanjeevareddysj/.browserstack/UploadedAttachments-41/TestLevel
10:44:20.227 [changeAppLanguage@0] INFO  c.b.v2.module.ObservabilityModule - Processing BuildLevel attachments from directory: /Users/sanjeevareddysj/.browserstack/UploadedAttachments-41/BuildLevel
10:44:20.227 [changeAppLanguage@0] INFO  c.b.v2.module.ObservabilityModule - Processing attachments eventLogs: []
10:44:20.227 [changeAppLanguage@0] INFO  c.b.v2.module.ObservabilityModule - sendLogCreatedEvent: No Log Events to send
10:44:20.231 [changeAppLanguage@0] INFO  c.b.v2.module.WebdriverModule - beforeCommandExecute: event=com.browserstack.v2.eventBus.Event@4b6f543f
10:44:20.231 [changeAppLanguage@0] INFO  c.b.v2.module.WebdriverModule - beforeCommandExecute: event=com.browserstack.v2.eventBus.Event@4b6f543f
10:44:20.334 [changeAppLanguage@0] INFO  c.b.v2.module.WebdriverModule - afterCommandExecute: event=com.browserstack.v2.eventBus.Event@4f97327d
10:44:20.334 [changeAppLanguage@0] INFO  c.b.v2.module.WebdriverModule - afterCommandExecute: event=com.browserstack.v2.eventBus.Event@4f97327d
10:44:20.334 [changeAppLanguage@0] INFO  c.b.v2.module.ObservabilityModule - THREAD ID Inside Process= 41
10:44:20.334 [changeAppLanguage@0] INFO  c.b.v2.module.ObservabilityModule - Processing TestLevel attachments from directory: /Users/sanjeevareddysj/.browserstack/UploadedAttachments-41/TestLevel
10:44:20.334 [changeAppLanguage@0] INFO  c.b.v2.module.ObservabilityModule - Processing BuildLevel attachments from directory: /Users/sanjeevareddysj/.browserstack/UploadedAttachments-41/BuildLevel
10:44:20.334 [changeAppLanguage@0] INFO  c.b.v2.module.ObservabilityModule - Processing attachments eventLogs: []
10:44:20.334 [changeAppLanguage@0] INFO  c.b.v2.module.ObservabilityModule - sendLogCreatedEvent: No Log Events to send
10:44:20.339 [changeAppLanguage@0] INFO  c.b.v2.module.WebdriverModule - beforeCommandExecute: event=com.browserstack.v2.eventBus.Event@75c76e60
10:44:20.339 [changeAppLanguage@0] INFO  c.b.v2.module.WebdriverModule - beforeCommandExecute: event=com.browserstack.v2.eventBus.Event@75c76e60
10:44:20.432 [changeAppLanguage@0] INFO  c.b.v2.module.WebdriverModule - afterCommandExecute: event=com.browserstack.v2.eventBus.Event@712b2997
10:44:20.432 [changeAppLanguage@0] INFO  c.b.v2.module.WebdriverModule - afterCommandExecute: event=com.browserstack.v2.eventBus.Event@712b2997
10:44:20.432 [changeAppLanguage@0] INFO  c.b.v2.module.ObservabilityModule - THREAD ID Inside Process= 41
10:44:20.432 [changeAppLanguage@0] INFO  c.b.v2.module.ObservabilityModule - Processing TestLevel attachments from directory: /Users/sanjeevareddysj/.browserstack/UploadedAttachments-41/TestLevel
10:44:20.433 [changeAppLanguage@0] INFO  c.b.v2.module.ObservabilityModule - Processing BuildLevel attachments from directory: /Users/sanjeevareddysj/.browserstack/UploadedAttachments-41/BuildLevel
10:44:20.433 [changeAppLanguage@0] INFO  c.b.v2.module.ObservabilityModule - Processing attachments eventLogs: []
10:44:20.433 [changeAppLanguage@0] INFO  c.b.v2.module.ObservabilityModule - sendLogCreatedEvent: No Log Events to send
10:44:20.447 [changeAppLanguage@0] INFO  c.b.v2.framework.TestNgFramework - trackEvent: found instance, testFrameworkState=TestFrameworkState.LOG_REPORT hookState=HookState.PRE instance=1741108805
10:44:20.447 [changeAppLanguage@0] INFO  c.b.v2.framework.TestNgFramework - trackEvent: found instance, testFrameworkState=TestFrameworkState.LOG_REPORT hookState=HookState.POST instance=1741108805
10:44:20.447 [changeAppLanguage@0] INFO  c.b.v2.framework.TestNgFramework - trackEvent: load test results
10:44:20.448 [changeAppLanguage@0] INFO  c.b.v2.framework.TestNgFramework - trackEvent: found instance, testFrameworkState=TestFrameworkState.TEST hookState=HookState.POST instance=1741108805
10:44:20.448 [changeAppLanguage@0] INFO  c.b.v2.module.WebdriverModule - onAfterTest: event=com.browserstack.v2.eventBus.Event@672558ed
10:44:20.448 [changeAppLanguage@0] INFO  c.b.utils.SeleniumMethodUtils - Session Name ID status marking: e5ceacc7db995dfbb9df13601ca1600f98b98149
10:44:20.943 [changeAppLanguage@0] INFO  c.b.utils.SeleniumMethodUtils - Session ID status marking: e5ceacc7db995dfbb9df13601ca1600f98b98149
10:44:21.390 [changeAppLanguage@0] INFO  c.b.v2.module.WebdriverModule - onAfterTest: event=com.browserstack.v2.eventBus.Event@672558ed
10:44:21.391 [changeAppLanguage@0] INFO  c.b.utils.SeleniumMethodUtils - Session Name ID status marking: e5ceacc7db995dfbb9df13601ca1600f98b98149
10:44:21.741 [changeAppLanguage@0] INFO  c.b.utils.SeleniumMethodUtils - Session ID status marking: e5ceacc7db995dfbb9df13601ca1600f98b98149
10:44:22.251 [changeAppLanguage@0] INFO  c.b.v2.module.TestHubModule - sendTestFrameworkEvent: event=com.browserstack.v2.eventBus.Event@672558ed, response=success: true

10:44:22.261 [changeAppLanguage@0] INFO  c.b.v2.framework.TestNgFramework - trackTestNgTest: saved instance contextId=1741108805 target=/Users/sanjeevareddysj/IdeaProjects/LearAumatingApp/LearAumatingApp-0@0 instances=[1741108805]
10:44:22.262 [changeAppLanguage@0] INFO  c.b.v2.framework.TestNgFramework - trackEvent: found instance, testFrameworkState=TestFrameworkState.TEST hookState=HookState.PRE instance=1741108805
10:44:22.287 [changeAppLanguage@0] INFO  c.b.v2.framework.TestNgFramework - trackEvent: loaded initial test data to instance, testFrameworkState=TestFrameworkState.TEST hookState=HookState.PRE instance=1741108805 instanceThreadId=41 testResult=/Users/sanjeevareddysj/IdeaProjects/LearAumatingApp/LearAumatingApp-0 testData={test_uuid=ae2e7e1e-4ce4-4323-9928-1be57b3f7ca5, test_file_path=src/test/java/gojek/android/gojek/GojekWelcomeScreenVerificationTest.java, test_scope=All Test Suite.gojek.android.gojek.GojekWelcomeScreenVerificationTest, test_meta={}, test_scopes=[All Test Suite, gojek.android.gojek.GojekWelcomeScreenVerificationTest], test_code=public void gojek.android.gojek.GojekWelcomeScreenVerificationTest.verifyWelcomeScreen() throws java.lang.Exception, test_session_name=gojek.android.gojek.GojekWelcomeScreenVerificationTest-verifyWelcomeScreen, test_name=verifyWelcomeScreen, test_tags=, custom_metadata={}, test_id=/Users/sanjeevareddysj/IdeaProjects/LearAumatingApp/LearAumatingApp-0@0, test_location=src/test/java/gojek/android/gojek/GojekWelcomeScreenVerificationTest.java}
10:44:22.287 [changeAppLanguage@0] INFO  c.b.v2.module.WebdriverModule - onBeforeTest: event=com.browserstack.v2.eventBus.Event@636732e7
10:44:22.287 [changeAppLanguage@0] INFO  c.b.v2.module.WebdriverModule - onBeforeTest: event=com.browserstack.v2.eventBus.Event@636732e7
10:44:22.287 [changeAppLanguage@0] INFO  c.b.v2.module.TestHubModule - onBeforeTest: event={com.browserstack.v2.eventBus.Event@636732e7}
10:44:22.297 [changeAppLanguage@0] INFO  c.b.v2.module.TestHubModule - sendTestSessionEvent: event=com.browserstack.v2.eventBus.Event@636732e7, response=success: true

10:44:22.304 [changeAppLanguage@0] INFO  c.b.v2.module.TestHubModule - sendTestFrameworkEvent: event=com.browserstack.v2.eventBus.Event@636732e7, response=success: true

10:44:22.307 [changeAppLanguage@0] INFO  c.b.v2.module.ObservabilityModule - onBeforeTest: event={instance=com.browserstack.v2.instance.TestFrameworkInstance@1a005b99, testFrameworkState=TestFrameworkState.TEST, testInstance=com.browserstack.v2.instance.TestFrameworkInstance@1a005b99, autoInstance=[com.browserstack.v2.instance.AutomationFrameworkInstance@473df29], hookState=HookState.PRE}
10:44:22.307 [changeAppLanguage@0] INFO  c.b.v2.module.ObservabilityModule - performTestReportingSync: Performing TEST REPORTING AND ANALYTICS Sync
10:44:22.351 [verifyWelcomeScreen@0] INFO  c.b.v2.module.WebdriverModule - beforeCommandExecute: event=com.browserstack.v2.eventBus.Event@7be3f97b
10:44:22.351 [verifyWelcomeScreen@0] INFO  c.b.v2.module.WebdriverModule - beforeCommandExecute: event=com.browserstack.v2.eventBus.Event@7be3f97b
10:44:22.351 [verifyWelcomeScreen@0] INFO  c.b.v2.module.WebdriverModule - beforeCommandExecute: event=com.browserstack.v2.eventBus.Event@1e258d3b
10:44:22.351 [verifyWelcomeScreen@0] INFO  c.b.v2.module.WebdriverModule - beforeCommandExecute: event=com.browserstack.v2.eventBus.Event@1e258d3b
10:44:22.411 [verifyWelcomeScreen@0] INFO  c.b.v2.module.WebdriverModule - afterCommandExecute: event=com.browserstack.v2.eventBus.Event@5bec0ce9
10:44:22.412 [verifyWelcomeScreen@0] INFO  c.b.v2.module.WebdriverModule - afterCommandExecute: event=com.browserstack.v2.eventBus.Event@5bec0ce9
10:44:22.412 [verifyWelcomeScreen@0] INFO  c.b.v2.module.ObservabilityModule - THREAD ID Inside Process= 41
10:44:22.412 [verifyWelcomeScreen@0] INFO  c.b.v2.module.ObservabilityModule - Processing TestLevel attachments from directory: /Users/sanjeevareddysj/.browserstack/UploadedAttachments-41/TestLevel
10:44:22.412 [verifyWelcomeScreen@0] INFO  c.b.v2.module.ObservabilityModule - Processing BuildLevel attachments from directory: /Users/sanjeevareddysj/.browserstack/UploadedAttachments-41/BuildLevel
10:44:22.412 [verifyWelcomeScreen@0] INFO  c.b.v2.module.ObservabilityModule - Processing attachments eventLogs: []
10:44:22.412 [verifyWelcomeScreen@0] INFO  c.b.v2.module.ObservabilityModule - sendLogCreatedEvent: No Log Events to send
10:44:22.416 [verifyWelcomeScreen@0] INFO  c.b.v2.module.WebdriverModule - afterCommandExecute: event=com.browserstack.v2.eventBus.Event@16397e53
10:44:22.416 [verifyWelcomeScreen@0] INFO  c.b.v2.module.WebdriverModule - afterCommandExecute: event=com.browserstack.v2.eventBus.Event@16397e53
10:44:22.416 [verifyWelcomeScreen@0] INFO  c.b.v2.module.ObservabilityModule - THREAD ID Inside Process= 41
10:44:22.416 [verifyWelcomeScreen@0] INFO  c.b.v2.module.ObservabilityModule - Processing TestLevel attachments from directory: /Users/sanjeevareddysj/.browserstack/UploadedAttachments-41/TestLevel
10:44:22.417 [verifyWelcomeScreen@0] INFO  c.b.v2.module.ObservabilityModule - Processing BuildLevel attachments from directory: /Users/sanjeevareddysj/.browserstack/UploadedAttachments-41/BuildLevel
10:44:22.417 [verifyWelcomeScreen@0] INFO  c.b.v2.module.ObservabilityModule - Processing attachments eventLogs: []
10:44:22.417 [verifyWelcomeScreen@0] INFO  c.b.v2.module.ObservabilityModule - sendLogCreatedEvent: No Log Events to send
10:44:22.420 [verifyWelcomeScreen@0] INFO  c.b.v2.module.WebdriverModule - beforeCommandExecute: event=com.browserstack.v2.eventBus.Event@1f77becf
10:44:22.420 [verifyWelcomeScreen@0] INFO  c.b.v2.module.WebdriverModule - beforeCommandExecute: event=com.browserstack.v2.eventBus.Event@1f77becf
10:44:22.580 [verifyWelcomeScreen@0] INFO  c.b.v2.module.WebdriverModule - afterCommandExecute: event=com.browserstack.v2.eventBus.Event@20bce2a
10:44:22.580 [verifyWelcomeScreen@0] INFO  c.b.v2.module.WebdriverModule - afterCommandExecute: event=com.browserstack.v2.eventBus.Event@20bce2a
10:44:22.580 [verifyWelcomeScreen@0] INFO  c.b.v2.module.ObservabilityModule - THREAD ID Inside Process= 41
10:44:22.581 [verifyWelcomeScreen@0] INFO  c.b.v2.module.ObservabilityModule - Processing TestLevel attachments from directory: /Users/sanjeevareddysj/.browserstack/UploadedAttachments-41/TestLevel
10:44:22.584 [verifyWelcomeScreen@0] INFO  c.b.v2.module.ObservabilityModule - Processing BuildLevel attachments from directory: /Users/sanjeevareddysj/.browserstack/UploadedAttachments-41/BuildLevel
10:44:22.584 [verifyWelcomeScreen@0] INFO  c.b.v2.module.ObservabilityModule - Processing attachments eventLogs: []
10:44:22.586 [verifyWelcomeScreen@0] INFO  c.b.v2.module.ObservabilityModule - sendLogCreatedEvent: No Log Events to send
10:44:22.594 [verifyWelcomeScreen@0] INFO  c.b.v2.module.WebdriverModule - beforeCommandExecute: event=com.browserstack.v2.eventBus.Event@4695a5ef
10:44:22.594 [verifyWelcomeScreen@0] INFO  c.b.v2.module.WebdriverModule - beforeCommandExecute: event=com.browserstack.v2.eventBus.Event@4695a5ef
10:44:22.700 [verifyWelcomeScreen@0] INFO  c.b.v2.module.WebdriverModule - afterCommandExecute: event=com.browserstack.v2.eventBus.Event@2967b84b
10:44:22.700 [verifyWelcomeScreen@0] INFO  c.b.v2.module.WebdriverModule - afterCommandExecute: event=com.browserstack.v2.eventBus.Event@2967b84b
10:44:22.700 [verifyWelcomeScreen@0] INFO  c.b.v2.module.ObservabilityModule - THREAD ID Inside Process= 41
10:44:22.700 [verifyWelcomeScreen@0] INFO  c.b.v2.module.ObservabilityModule - Processing TestLevel attachments from directory: /Users/sanjeevareddysj/.browserstack/UploadedAttachments-41/TestLevel
10:44:22.701 [verifyWelcomeScreen@0] INFO  c.b.v2.module.ObservabilityModule - Processing BuildLevel attachments from directory: /Users/sanjeevareddysj/.browserstack/UploadedAttachments-41/BuildLevel
10:44:22.702 [verifyWelcomeScreen@0] INFO  c.b.v2.module.ObservabilityModule - Processing attachments eventLogs: []
10:44:22.702 [verifyWelcomeScreen@0] INFO  c.b.v2.module.ObservabilityModule - sendLogCreatedEvent: No Log Events to send
10:44:22.705 [verifyWelcomeScreen@0] INFO  c.b.v2.module.WebdriverModule - beforeCommandExecute: event=com.browserstack.v2.eventBus.Event@283a1a19
10:44:22.705 [verifyWelcomeScreen@0] INFO  c.b.v2.module.WebdriverModule - beforeCommandExecute: event=com.browserstack.v2.eventBus.Event@283a1a19
10:44:22.705 [verifyWelcomeScreen@0] INFO  c.b.v2.module.WebdriverModule - beforeCommandExecute: event=com.browserstack.v2.eventBus.Event@57ca410c
10:44:22.705 [verifyWelcomeScreen@0] INFO  c.b.v2.module.WebdriverModule - beforeCommandExecute: event=com.browserstack.v2.eventBus.Event@57ca410c
10:44:22.751 [verifyWelcomeScreen@0] INFO  c.b.v2.module.WebdriverModule - afterCommandExecute: event=com.browserstack.v2.eventBus.Event@51b9db6a
10:44:22.751 [verifyWelcomeScreen@0] INFO  c.b.v2.module.WebdriverModule - afterCommandExecute: event=com.browserstack.v2.eventBus.Event@51b9db6a
10:44:22.751 [verifyWelcomeScreen@0] INFO  c.b.v2.module.ObservabilityModule - THREAD ID Inside Process= 41
10:44:22.751 [verifyWelcomeScreen@0] INFO  c.b.v2.module.ObservabilityModule - Processing TestLevel attachments from directory: /Users/sanjeevareddysj/.browserstack/UploadedAttachments-41/TestLevel
10:44:22.751 [verifyWelcomeScreen@0] INFO  c.b.v2.module.ObservabilityModule - Processing BuildLevel attachments from directory: /Users/sanjeevareddysj/.browserstack/UploadedAttachments-41/BuildLevel
10:44:22.752 [verifyWelcomeScreen@0] INFO  c.b.v2.module.ObservabilityModule - Processing attachments eventLogs: []
10:44:22.752 [verifyWelcomeScreen@0] INFO  c.b.v2.module.ObservabilityModule - sendLogCreatedEvent: No Log Events to send
10:44:22.754 [verifyWelcomeScreen@0] INFO  c.b.v2.module.WebdriverModule - afterCommandExecute: event=com.browserstack.v2.eventBus.Event@4f076517
10:44:22.754 [verifyWelcomeScreen@0] INFO  c.b.v2.module.WebdriverModule - afterCommandExecute: event=com.browserstack.v2.eventBus.Event@4f076517
10:44:22.754 [verifyWelcomeScreen@0] INFO  c.b.v2.module.ObservabilityModule - THREAD ID Inside Process= 41
10:44:22.754 [verifyWelcomeScreen@0] INFO  c.b.v2.module.ObservabilityModule - Processing TestLevel attachments from directory: /Users/sanjeevareddysj/.browserstack/UploadedAttachments-41/TestLevel
10:44:22.754 [verifyWelcomeScreen@0] INFO  c.b.v2.module.ObservabilityModule - Processing BuildLevel attachments from directory: /Users/sanjeevareddysj/.browserstack/UploadedAttachments-41/BuildLevel
10:44:22.755 [verifyWelcomeScreen@0] INFO  c.b.v2.module.ObservabilityModule - Processing attachments eventLogs: []
10:44:22.755 [verifyWelcomeScreen@0] INFO  c.b.v2.module.ObservabilityModule - sendLogCreatedEvent: No Log Events to send
10:44:22.757 [verifyWelcomeScreen@0] INFO  c.b.v2.module.WebdriverModule - beforeCommandExecute: event=com.browserstack.v2.eventBus.Event@55bd7f73
10:44:22.757 [verifyWelcomeScreen@0] INFO  c.b.v2.module.WebdriverModule - beforeCommandExecute: event=com.browserstack.v2.eventBus.Event@55bd7f73
10:44:22.856 [verifyWelcomeScreen@0] INFO  c.b.v2.module.WebdriverModule - afterCommandExecute: event=com.browserstack.v2.eventBus.Event@64138ddf
10:44:22.857 [verifyWelcomeScreen@0] INFO  c.b.v2.module.WebdriverModule - afterCommandExecute: event=com.browserstack.v2.eventBus.Event@64138ddf
10:44:22.857 [verifyWelcomeScreen@0] INFO  c.b.v2.module.ObservabilityModule - THREAD ID Inside Process= 41
10:44:22.857 [verifyWelcomeScreen@0] INFO  c.b.v2.module.ObservabilityModule - Processing TestLevel attachments from directory: /Users/sanjeevareddysj/.browserstack/UploadedAttachments-41/TestLevel
10:44:22.857 [verifyWelcomeScreen@0] INFO  c.b.v2.module.ObservabilityModule - Processing BuildLevel attachments from directory: /Users/sanjeevareddysj/.browserstack/UploadedAttachments-41/BuildLevel
10:44:22.857 [verifyWelcomeScreen@0] INFO  c.b.v2.module.ObservabilityModule - Processing attachments eventLogs: []
10:44:22.857 [verifyWelcomeScreen@0] INFO  c.b.v2.module.ObservabilityModule - sendLogCreatedEvent: No Log Events to send
10:44:23.083 [verifyWelcomeScreen@0] INFO  c.b.v2.module.WebdriverModule - beforeCommandExecute: event=com.browserstack.v2.eventBus.Event@24758bfe
10:44:23.083 [verifyWelcomeScreen@0] INFO  c.b.v2.module.WebdriverModule - beforeCommandExecute: event=com.browserstack.v2.eventBus.Event@24758bfe
10:44:23.083 [verifyWelcomeScreen@0] INFO  c.b.v2.module.WebdriverModule - beforeCommandExecute: event=com.browserstack.v2.eventBus.Event@5108dea6
10:44:23.083 [verifyWelcomeScreen@0] INFO  c.b.v2.module.WebdriverModule - beforeCommandExecute: event=com.browserstack.v2.eventBus.Event@5108dea6
10:44:23.121 [verifyWelcomeScreen@0] INFO  c.b.v2.module.WebdriverModule - afterCommandExecute: event=com.browserstack.v2.eventBus.Event@399c09f
10:44:23.121 [verifyWelcomeScreen@0] INFO  c.b.v2.module.WebdriverModule - afterCommandExecute: event=com.browserstack.v2.eventBus.Event@399c09f
10:44:23.121 [verifyWelcomeScreen@0] INFO  c.b.v2.module.ObservabilityModule - THREAD ID Inside Process= 41
10:44:23.121 [verifyWelcomeScreen@0] INFO  c.b.v2.module.ObservabilityModule - Processing TestLevel attachments from directory: /Users/sanjeevareddysj/.browserstack/UploadedAttachments-41/TestLevel
10:44:23.121 [verifyWelcomeScreen@0] INFO  c.b.v2.module.ObservabilityModule - Processing BuildLevel attachments from directory: /Users/sanjeevareddysj/.browserstack/UploadedAttachments-41/BuildLevel
10:44:23.121 [verifyWelcomeScreen@0] INFO  c.b.v2.module.ObservabilityModule - Processing attachments eventLogs: []
10:44:23.121 [verifyWelcomeScreen@0] INFO  c.b.v2.module.ObservabilityModule - sendLogCreatedEvent: No Log Events to send
10:44:23.123 [verifyWelcomeScreen@0] INFO  c.b.v2.module.WebdriverModule - afterCommandExecute: event=com.browserstack.v2.eventBus.Event@1b02c19e
10:44:23.123 [verifyWelcomeScreen@0] INFO  c.b.v2.module.WebdriverModule - afterCommandExecute: event=com.browserstack.v2.eventBus.Event@1b02c19e
10:44:23.123 [verifyWelcomeScreen@0] INFO  c.b.v2.module.ObservabilityModule - THREAD ID Inside Process= 41
10:44:23.123 [verifyWelcomeScreen@0] INFO  c.b.v2.module.ObservabilityModule - Processing TestLevel attachments from directory: /Users/sanjeevareddysj/.browserstack/UploadedAttachments-41/TestLevel
10:44:23.123 [verifyWelcomeScreen@0] INFO  c.b.v2.module.ObservabilityModule - Processing BuildLevel attachments from directory: /Users/sanjeevareddysj/.browserstack/UploadedAttachments-41/BuildLevel
10:44:23.123 [verifyWelcomeScreen@0] INFO  c.b.v2.module.ObservabilityModule - Processing attachments eventLogs: []
10:44:23.123 [verifyWelcomeScreen@0] INFO  c.b.v2.module.ObservabilityModule - sendLogCreatedEvent: No Log Events to send
10:44:23.124 [verifyWelcomeScreen@0] INFO  c.b.v2.module.WebdriverModule - beforeCommandExecute: event=com.browserstack.v2.eventBus.Event@41b8758c
10:44:23.124 [verifyWelcomeScreen@0] INFO  c.b.v2.module.WebdriverModule - beforeCommandExecute: event=com.browserstack.v2.eventBus.Event@41b8758c
10:44:23.202 [verifyWelcomeScreen@0] INFO  c.b.v2.module.WebdriverModule - afterCommandExecute: event=com.browserstack.v2.eventBus.Event@34d3a42b
10:44:23.202 [verifyWelcomeScreen@0] INFO  c.b.v2.module.WebdriverModule - afterCommandExecute: event=com.browserstack.v2.eventBus.Event@34d3a42b
10:44:23.202 [verifyWelcomeScreen@0] INFO  c.b.v2.module.ObservabilityModule - THREAD ID Inside Process= 41
10:44:23.202 [verifyWelcomeScreen@0] INFO  c.b.v2.module.ObservabilityModule - Processing TestLevel attachments from directory: /Users/sanjeevareddysj/.browserstack/UploadedAttachments-41/TestLevel
10:44:23.202 [verifyWelcomeScreen@0] INFO  c.b.v2.module.ObservabilityModule - Processing BuildLevel attachments from directory: /Users/sanjeevareddysj/.browserstack/UploadedAttachments-41/BuildLevel
10:44:23.202 [verifyWelcomeScreen@0] INFO  c.b.v2.module.ObservabilityModule - Processing attachments eventLogs: []
10:44:23.202 [verifyWelcomeScreen@0] INFO  c.b.v2.module.ObservabilityModule - sendLogCreatedEvent: No Log Events to send
10:44:23.204 [verifyWelcomeScreen@0] INFO  c.b.v2.module.WebdriverModule - beforeCommandExecute: event=com.browserstack.v2.eventBus.Event@14c6387f
10:44:23.204 [verifyWelcomeScreen@0] INFO  c.b.v2.module.WebdriverModule - beforeCommandExecute: event=com.browserstack.v2.eventBus.Event@14c6387f
10:44:23.273 [verifyWelcomeScreen@0] INFO  c.b.v2.module.WebdriverModule - afterCommandExecute: event=com.browserstack.v2.eventBus.Event@2be1ca29
10:44:23.273 [verifyWelcomeScreen@0] INFO  c.b.v2.module.WebdriverModule - afterCommandExecute: event=com.browserstack.v2.eventBus.Event@2be1ca29
10:44:23.273 [verifyWelcomeScreen@0] INFO  c.b.v2.module.ObservabilityModule - THREAD ID Inside Process= 41
10:44:23.273 [verifyWelcomeScreen@0] INFO  c.b.v2.module.ObservabilityModule - Processing TestLevel attachments from directory: /Users/sanjeevareddysj/.browserstack/UploadedAttachments-41/TestLevel
10:44:23.273 [verifyWelcomeScreen@0] INFO  c.b.v2.module.ObservabilityModule - Processing BuildLevel attachments from directory: /Users/sanjeevareddysj/.browserstack/UploadedAttachments-41/BuildLevel
10:44:23.273 [verifyWelcomeScreen@0] INFO  c.b.v2.module.ObservabilityModule - Processing attachments eventLogs: []
10:44:23.273 [verifyWelcomeScreen@0] INFO  c.b.v2.module.ObservabilityModule - sendLogCreatedEvent: No Log Events to send
10:44:23.275 [verifyWelcomeScreen@0] INFO  c.b.v2.framework.TestNgFramework - trackEvent: found instance, testFrameworkState=TestFrameworkState.LOG hookState=HookState.PRE instance=1741108805
10:44:23.275 [verifyWelcomeScreen@0] INFO  c.b.v2.framework.TestNgFramework - trackEvent: load log entries
10:44:23.282 [verifyWelcomeScreen@0] INFO  c.b.v2.module.TestHubModule - sendLogCreatedEvent: event=com.browserstack.v2.eventBus.Event@1a62762e, response=success: true

10:44:23.284 [verifyWelcomeScreen@0] INFO  c.b.v2.module.TestHubModule - sendLogCreatedEvent: event=com.browserstack.v2.eventBus.Event@1a62762e
10:44:23.286 [verifyWelcomeScreen@0] INFO  c.b.v2.module.WebdriverModule - beforeCommandExecute: event=com.browserstack.v2.eventBus.Event@685d959a
10:44:23.286 [verifyWelcomeScreen@0] INFO  c.b.v2.module.WebdriverModule - beforeCommandExecute: event=com.browserstack.v2.eventBus.Event@685d959a
10:44:23.286 [verifyWelcomeScreen@0] INFO  c.b.v2.module.WebdriverModule - beforeCommandExecute: event=com.browserstack.v2.eventBus.Event@6db46ff1
10:44:23.286 [verifyWelcomeScreen@0] INFO  c.b.v2.module.WebdriverModule - beforeCommandExecute: event=com.browserstack.v2.eventBus.Event@6db46ff1
10:44:23.326 [verifyWelcomeScreen@0] INFO  c.b.v2.module.WebdriverModule - afterCommandExecute: event=com.browserstack.v2.eventBus.Event@646ea76f
10:44:23.326 [verifyWelcomeScreen@0] INFO  c.b.v2.module.WebdriverModule - afterCommandExecute: event=com.browserstack.v2.eventBus.Event@646ea76f
10:44:23.326 [verifyWelcomeScreen@0] INFO  c.b.v2.module.ObservabilityModule - THREAD ID Inside Process= 41
10:44:23.326 [verifyWelcomeScreen@0] INFO  c.b.v2.module.ObservabilityModule - Processing TestLevel attachments from directory: /Users/sanjeevareddysj/.browserstack/UploadedAttachments-41/TestLevel
10:44:23.326 [verifyWelcomeScreen@0] INFO  c.b.v2.module.ObservabilityModule - Processing BuildLevel attachments from directory: /Users/sanjeevareddysj/.browserstack/UploadedAttachments-41/BuildLevel
10:44:23.326 [verifyWelcomeScreen@0] INFO  c.b.v2.module.ObservabilityModule - Processing attachments eventLogs: []
10:44:23.326 [verifyWelcomeScreen@0] INFO  c.b.v2.module.ObservabilityModule - sendLogCreatedEvent: No Log Events to send
10:44:23.327 [verifyWelcomeScreen@0] INFO  c.b.v2.module.WebdriverModule - afterCommandExecute: event=com.browserstack.v2.eventBus.Event@2e448140
10:44:23.327 [verifyWelcomeScreen@0] INFO  c.b.v2.module.WebdriverModule - afterCommandExecute: event=com.browserstack.v2.eventBus.Event@2e448140
10:44:23.327 [verifyWelcomeScreen@0] INFO  c.b.v2.module.ObservabilityModule - THREAD ID Inside Process= 41
10:44:23.327 [verifyWelcomeScreen@0] INFO  c.b.v2.module.ObservabilityModule - Processing TestLevel attachments from directory: /Users/sanjeevareddysj/.browserstack/UploadedAttachments-41/TestLevel
10:44:23.327 [verifyWelcomeScreen@0] INFO  c.b.v2.module.ObservabilityModule - Processing BuildLevel attachments from directory: /Users/sanjeevareddysj/.browserstack/UploadedAttachments-41/BuildLevel
10:44:23.327 [verifyWelcomeScreen@0] INFO  c.b.v2.module.ObservabilityModule - Processing attachments eventLogs: []
10:44:23.327 [verifyWelcomeScreen@0] INFO  c.b.v2.module.ObservabilityModule - sendLogCreatedEvent: No Log Events to send
10:44:23.328 [verifyWelcomeScreen@0] INFO  c.b.v2.module.WebdriverModule - beforeCommandExecute: event=com.browserstack.v2.eventBus.Event@71052e36
10:44:23.328 [verifyWelcomeScreen@0] INFO  c.b.v2.module.WebdriverModule - beforeCommandExecute: event=com.browserstack.v2.eventBus.Event@71052e36
10:44:23.497 [verifyWelcomeScreen@0] INFO  c.b.v2.module.WebdriverModule - afterCommandExecute: event=com.browserstack.v2.eventBus.Event@255b985e
10:44:23.497 [verifyWelcomeScreen@0] INFO  c.b.v2.module.WebdriverModule - afterCommandExecute: event=com.browserstack.v2.eventBus.Event@255b985e
10:44:23.497 [verifyWelcomeScreen@0] INFO  c.b.v2.module.ObservabilityModule - THREAD ID Inside Process= 41
10:44:23.497 [verifyWelcomeScreen@0] INFO  c.b.v2.module.ObservabilityModule - Processing TestLevel attachments from directory: /Users/sanjeevareddysj/.browserstack/UploadedAttachments-41/TestLevel
10:44:23.497 [verifyWelcomeScreen@0] INFO  c.b.v2.module.ObservabilityModule - Processing BuildLevel attachments from directory: /Users/sanjeevareddysj/.browserstack/UploadedAttachments-41/BuildLevel
10:44:23.497 [verifyWelcomeScreen@0] INFO  c.b.v2.module.ObservabilityModule - Processing attachments eventLogs: []
10:44:23.497 [verifyWelcomeScreen@0] INFO  c.b.v2.module.ObservabilityModule - sendLogCreatedEvent: No Log Events to send
10:44:23.500 [verifyWelcomeScreen@0] INFO  c.b.v2.module.WebdriverModule - beforeCommandExecute: event=com.browserstack.v2.eventBus.Event@4666f3c4
10:44:23.500 [verifyWelcomeScreen@0] INFO  c.b.v2.module.WebdriverModule - beforeCommandExecute: event=com.browserstack.v2.eventBus.Event@4666f3c4
10:44:23.562 [verifyWelcomeScreen@0] INFO  c.b.v2.module.WebdriverModule - afterCommandExecute: event=com.browserstack.v2.eventBus.Event@41fba52d
10:44:23.562 [verifyWelcomeScreen@0] INFO  c.b.v2.module.WebdriverModule - afterCommandExecute: event=com.browserstack.v2.eventBus.Event@41fba52d
10:44:23.563 [verifyWelcomeScreen@0] INFO  c.b.v2.module.ObservabilityModule - THREAD ID Inside Process= 41
10:44:23.563 [verifyWelcomeScreen@0] INFO  c.b.v2.module.ObservabilityModule - Processing TestLevel attachments from directory: /Users/sanjeevareddysj/.browserstack/UploadedAttachments-41/TestLevel
10:44:23.563 [verifyWelcomeScreen@0] INFO  c.b.v2.module.ObservabilityModule - Processing BuildLevel attachments from directory: /Users/sanjeevareddysj/.browserstack/UploadedAttachments-41/BuildLevel
10:44:23.563 [verifyWelcomeScreen@0] INFO  c.b.v2.module.ObservabilityModule - Processing attachments eventLogs: []
10:44:23.563 [verifyWelcomeScreen@0] INFO  c.b.v2.module.ObservabilityModule - sendLogCreatedEvent: No Log Events to send
10:44:23.567 [verifyWelcomeScreen@0] INFO  c.b.v2.framework.TestNgFramework - trackEvent: found instance, testFrameworkState=TestFrameworkState.LOG hookState=HookState.PRE instance=1741108805
10:44:23.567 [verifyWelcomeScreen@0] INFO  c.b.v2.framework.TestNgFramework - trackEvent: load log entries
10:44:23.575 [verifyWelcomeScreen@0] INFO  c.b.v2.module.TestHubModule - sendLogCreatedEvent: event=com.browserstack.v2.eventBus.Event@1fd1d9aa, response=success: true

10:44:23.576 [verifyWelcomeScreen@0] INFO  c.b.v2.module.TestHubModule - sendLogCreatedEvent: event=com.browserstack.v2.eventBus.Event@1fd1d9aa
10:44:27.583 [verifyWelcomeScreen@0] INFO  c.b.v2.module.WebdriverModule - beforeCommandExecute: event=com.browserstack.v2.eventBus.Event@38815dde
10:44:27.583 [verifyWelcomeScreen@0] INFO  c.b.v2.module.WebdriverModule - beforeCommandExecute: event=com.browserstack.v2.eventBus.Event@38815dde
10:44:27.583 [verifyWelcomeScreen@0] INFO  c.b.v2.module.WebdriverModule - beforeCommandExecute: event=com.browserstack.v2.eventBus.Event@45d2faf9
10:44:27.583 [verifyWelcomeScreen@0] INFO  c.b.v2.module.WebdriverModule - beforeCommandExecute: event=com.browserstack.v2.eventBus.Event@45d2faf9
10:44:27.631 [verifyWelcomeScreen@0] INFO  c.b.v2.module.WebdriverModule - afterCommandExecute: event=com.browserstack.v2.eventBus.Event@54df7760
10:44:27.631 [verifyWelcomeScreen@0] INFO  c.b.v2.module.WebdriverModule - afterCommandExecute: event=com.browserstack.v2.eventBus.Event@54df7760
10:44:27.631 [verifyWelcomeScreen@0] INFO  c.b.v2.module.ObservabilityModule - THREAD ID Inside Process= 41
10:44:27.631 [verifyWelcomeScreen@0] INFO  c.b.v2.module.ObservabilityModule - Processing TestLevel attachments from directory: /Users/sanjeevareddysj/.browserstack/UploadedAttachments-41/TestLevel
10:44:27.632 [verifyWelcomeScreen@0] INFO  c.b.v2.module.ObservabilityModule - Processing BuildLevel attachments from directory: /Users/sanjeevareddysj/.browserstack/UploadedAttachments-41/BuildLevel
10:44:27.632 [verifyWelcomeScreen@0] INFO  c.b.v2.module.ObservabilityModule - Processing attachments eventLogs: []
10:44:27.632 [verifyWelcomeScreen@0] INFO  c.b.v2.module.ObservabilityModule - sendLogCreatedEvent: No Log Events to send
10:44:27.635 [verifyWelcomeScreen@0] INFO  c.b.v2.module.WebdriverModule - afterCommandExecute: event=com.browserstack.v2.eventBus.Event@511c16e4
10:44:27.635 [verifyWelcomeScreen@0] INFO  c.b.v2.module.WebdriverModule - afterCommandExecute: event=com.browserstack.v2.eventBus.Event@511c16e4
10:44:27.635 [verifyWelcomeScreen@0] INFO  c.b.v2.module.ObservabilityModule - THREAD ID Inside Process= 41
10:44:27.635 [verifyWelcomeScreen@0] INFO  c.b.v2.module.ObservabilityModule - Processing TestLevel attachments from directory: /Users/sanjeevareddysj/.browserstack/UploadedAttachments-41/TestLevel
10:44:27.636 [verifyWelcomeScreen@0] INFO  c.b.v2.module.ObservabilityModule - Processing BuildLevel attachments from directory: /Users/sanjeevareddysj/.browserstack/UploadedAttachments-41/BuildLevel
10:44:27.636 [verifyWelcomeScreen@0] INFO  c.b.v2.module.ObservabilityModule - Processing attachments eventLogs: []
10:44:27.636 [verifyWelcomeScreen@0] INFO  c.b.v2.module.ObservabilityModule - sendLogCreatedEvent: No Log Events to send
10:44:27.637 [verifyWelcomeScreen@0] INFO  c.b.v2.module.WebdriverModule - beforeCommandExecute: event=com.browserstack.v2.eventBus.Event@2c003872
10:44:27.638 [verifyWelcomeScreen@0] INFO  c.b.v2.module.WebdriverModule - beforeCommandExecute: event=com.browserstack.v2.eventBus.Event@2c003872
10:44:27.728 [verifyWelcomeScreen@0] INFO  c.b.v2.module.WebdriverModule - afterCommandExecute: event=com.browserstack.v2.eventBus.Event@2cfccfed
10:44:27.728 [verifyWelcomeScreen@0] INFO  c.b.v2.module.WebdriverModule - afterCommandExecute: event=com.browserstack.v2.eventBus.Event@2cfccfed
10:44:27.728 [verifyWelcomeScreen@0] INFO  c.b.v2.module.ObservabilityModule - THREAD ID Inside Process= 41
10:44:27.728 [verifyWelcomeScreen@0] INFO  c.b.v2.module.ObservabilityModule - Processing TestLevel attachments from directory: /Users/sanjeevareddysj/.browserstack/UploadedAttachments-41/TestLevel
10:44:27.728 [verifyWelcomeScreen@0] INFO  c.b.v2.module.ObservabilityModule - Processing BuildLevel attachments from directory: /Users/sanjeevareddysj/.browserstack/UploadedAttachments-41/BuildLevel
10:44:27.728 [verifyWelcomeScreen@0] INFO  c.b.v2.module.ObservabilityModule - Processing attachments eventLogs: []
10:44:27.729 [verifyWelcomeScreen@0] INFO  c.b.v2.module.ObservabilityModule - sendLogCreatedEvent: No Log Events to send
10:44:27.950 [verifyWelcomeScreen@0] INFO  c.b.v2.module.WebdriverModule - beforeCommandExecute: event=com.browserstack.v2.eventBus.Event@4be169fe
10:44:27.950 [verifyWelcomeScreen@0] INFO  c.b.v2.module.WebdriverModule - beforeCommandExecute: event=com.browserstack.v2.eventBus.Event@4be169fe
10:44:27.950 [verifyWelcomeScreen@0] INFO  c.b.v2.module.WebdriverModule - beforeCommandExecute: event=com.browserstack.v2.eventBus.Event@155f556a
10:44:27.950 [verifyWelcomeScreen@0] INFO  c.b.v2.module.WebdriverModule - beforeCommandExecute: event=com.browserstack.v2.eventBus.Event@155f556a
10:44:27.996 [verifyWelcomeScreen@0] INFO  c.b.v2.module.WebdriverModule - afterCommandExecute: event=com.browserstack.v2.eventBus.Event@52bdec4b
10:44:27.996 [verifyWelcomeScreen@0] INFO  c.b.v2.module.WebdriverModule - afterCommandExecute: event=com.browserstack.v2.eventBus.Event@52bdec4b
10:44:27.996 [verifyWelcomeScreen@0] INFO  c.b.v2.module.ObservabilityModule - THREAD ID Inside Process= 41
10:44:27.997 [verifyWelcomeScreen@0] INFO  c.b.v2.module.ObservabilityModule - Processing TestLevel attachments from directory: /Users/sanjeevareddysj/.browserstack/UploadedAttachments-41/TestLevel
10:44:27.997 [verifyWelcomeScreen@0] INFO  c.b.v2.module.ObservabilityModule - Processing BuildLevel attachments from directory: /Users/sanjeevareddysj/.browserstack/UploadedAttachments-41/BuildLevel
10:44:27.997 [verifyWelcomeScreen@0] INFO  c.b.v2.module.ObservabilityModule - Processing attachments eventLogs: []
10:44:27.997 [verifyWelcomeScreen@0] INFO  c.b.v2.module.ObservabilityModule - sendLogCreatedEvent: No Log Events to send
10:44:28.003 [verifyWelcomeScreen@0] INFO  c.b.v2.module.WebdriverModule - afterCommandExecute: event=com.browserstack.v2.eventBus.Event@6e83cb2c
10:44:28.003 [verifyWelcomeScreen@0] INFO  c.b.v2.module.WebdriverModule - afterCommandExecute: event=com.browserstack.v2.eventBus.Event@6e83cb2c
10:44:28.003 [verifyWelcomeScreen@0] INFO  c.b.v2.module.ObservabilityModule - THREAD ID Inside Process= 41
10:44:28.003 [verifyWelcomeScreen@0] INFO  c.b.v2.module.ObservabilityModule - Processing TestLevel attachments from directory: /Users/sanjeevareddysj/.browserstack/UploadedAttachments-41/TestLevel
10:44:28.003 [verifyWelcomeScreen@0] INFO  c.b.v2.module.ObservabilityModule - Processing BuildLevel attachments from directory: /Users/sanjeevareddysj/.browserstack/UploadedAttachments-41/BuildLevel
10:44:28.004 [verifyWelcomeScreen@0] INFO  c.b.v2.module.ObservabilityModule - Processing attachments eventLogs: []
10:44:28.004 [verifyWelcomeScreen@0] INFO  c.b.v2.module.ObservabilityModule - sendLogCreatedEvent: No Log Events to send
10:44:28.007 [verifyWelcomeScreen@0] INFO  c.b.v2.module.WebdriverModule - beforeCommandExecute: event=com.browserstack.v2.eventBus.Event@3c7a4c5f
10:44:28.007 [verifyWelcomeScreen@0] INFO  c.b.v2.module.WebdriverModule - beforeCommandExecute: event=com.browserstack.v2.eventBus.Event@3c7a4c5f
10:44:28.118 [verifyWelcomeScreen@0] INFO  c.b.v2.module.WebdriverModule - afterCommandExecute: event=com.browserstack.v2.eventBus.Event@7bc44576
10:44:28.118 [verifyWelcomeScreen@0] INFO  c.b.v2.module.WebdriverModule - afterCommandExecute: event=com.browserstack.v2.eventBus.Event@7bc44576
10:44:28.118 [verifyWelcomeScreen@0] INFO  c.b.v2.module.ObservabilityModule - THREAD ID Inside Process= 41
10:44:28.118 [verifyWelcomeScreen@0] INFO  c.b.v2.module.ObservabilityModule - Processing TestLevel attachments from directory: /Users/sanjeevareddysj/.browserstack/UploadedAttachments-41/TestLevel
10:44:28.119 [verifyWelcomeScreen@0] INFO  c.b.v2.module.ObservabilityModule - Processing BuildLevel attachments from directory: /Users/sanjeevareddysj/.browserstack/UploadedAttachments-41/BuildLevel
10:44:28.119 [verifyWelcomeScreen@0] INFO  c.b.v2.module.ObservabilityModule - Processing attachments eventLogs: []
10:44:28.119 [verifyWelcomeScreen@0] INFO  c.b.v2.module.ObservabilityModule - sendLogCreatedEvent: No Log Events to send
10:44:28.124 [verifyWelcomeScreen@0] INFO  c.b.v2.module.WebdriverModule - beforeCommandExecute: event=com.browserstack.v2.eventBus.Event@ebe8544
10:44:28.124 [verifyWelcomeScreen@0] INFO  c.b.v2.module.WebdriverModule - beforeCommandExecute: event=com.browserstack.v2.eventBus.Event@ebe8544
10:44:28.184 [verifyWelcomeScreen@0] INFO  c.b.v2.module.WebdriverModule - afterCommandExecute: event=com.browserstack.v2.eventBus.Event@4faf7576
10:44:28.184 [verifyWelcomeScreen@0] INFO  c.b.v2.module.WebdriverModule - afterCommandExecute: event=com.browserstack.v2.eventBus.Event@4faf7576
10:44:28.184 [verifyWelcomeScreen@0] INFO  c.b.v2.module.ObservabilityModule - THREAD ID Inside Process= 41
10:44:28.185 [verifyWelcomeScreen@0] INFO  c.b.v2.module.ObservabilityModule - Processing TestLevel attachments from directory: /Users/sanjeevareddysj/.browserstack/UploadedAttachments-41/TestLevel
10:44:28.185 [verifyWelcomeScreen@0] INFO  c.b.v2.module.ObservabilityModule - Processing BuildLevel attachments from directory: /Users/sanjeevareddysj/.browserstack/UploadedAttachments-41/BuildLevel
10:44:28.185 [verifyWelcomeScreen@0] INFO  c.b.v2.module.ObservabilityModule - Processing attachments eventLogs: []
10:44:28.185 [verifyWelcomeScreen@0] INFO  c.b.v2.module.ObservabilityModule - sendLogCreatedEvent: No Log Events to send
10:44:28.190 [verifyWelcomeScreen@0] INFO  c.b.v2.framework.TestNgFramework - trackEvent: found instance, testFrameworkState=TestFrameworkState.LOG hookState=HookState.PRE instance=1741108805
10:44:28.190 [verifyWelcomeScreen@0] INFO  c.b.v2.framework.TestNgFramework - trackEvent: load log entries
10:44:28.197 [verifyWelcomeScreen@0] INFO  c.b.v2.module.TestHubModule - sendLogCreatedEvent: event=com.browserstack.v2.eventBus.Event@173b184e, response=success: true

10:44:28.197 [verifyWelcomeScreen@0] INFO  c.b.v2.module.TestHubModule - sendLogCreatedEvent: event=com.browserstack.v2.eventBus.Event@173b184e
10:44:28.201 [verifyWelcomeScreen@0] INFO  c.b.v2.module.WebdriverModule - beforeCommandExecute: event=com.browserstack.v2.eventBus.Event@3c667c28
10:44:28.201 [verifyWelcomeScreen@0] INFO  c.b.v2.module.WebdriverModule - beforeCommandExecute: event=com.browserstack.v2.eventBus.Event@3c667c28
10:44:28.201 [verifyWelcomeScreen@0] INFO  c.b.v2.module.WebdriverModule - beforeCommandExecute: event=com.browserstack.v2.eventBus.Event@417c2185
10:44:28.201 [verifyWelcomeScreen@0] INFO  c.b.v2.module.WebdriverModule - beforeCommandExecute: event=com.browserstack.v2.eventBus.Event@417c2185
10:44:28.241 [verifyWelcomeScreen@0] INFO  c.b.v2.module.WebdriverModule - afterCommandExecute: event=com.browserstack.v2.eventBus.Event@e4ab88c
10:44:28.241 [verifyWelcomeScreen@0] INFO  c.b.v2.module.WebdriverModule - afterCommandExecute: event=com.browserstack.v2.eventBus.Event@e4ab88c
10:44:28.241 [verifyWelcomeScreen@0] INFO  c.b.v2.module.ObservabilityModule - THREAD ID Inside Process= 41
10:44:28.241 [verifyWelcomeScreen@0] INFO  c.b.v2.module.ObservabilityModule - Processing TestLevel attachments from directory: /Users/sanjeevareddysj/.browserstack/UploadedAttachments-41/TestLevel
10:44:28.242 [verifyWelcomeScreen@0] INFO  c.b.v2.module.ObservabilityModule - Processing BuildLevel attachments from directory: /Users/sanjeevareddysj/.browserstack/UploadedAttachments-41/BuildLevel
10:44:28.242 [verifyWelcomeScreen@0] INFO  c.b.v2.module.ObservabilityModule - Processing attachments eventLogs: []
10:44:28.242 [verifyWelcomeScreen@0] INFO  c.b.v2.module.ObservabilityModule - sendLogCreatedEvent: No Log Events to send
10:44:28.245 [verifyWelcomeScreen@0] INFO  c.b.v2.module.WebdriverModule - afterCommandExecute: event=com.browserstack.v2.eventBus.Event@3597d9e0
10:44:28.245 [verifyWelcomeScreen@0] INFO  c.b.v2.module.WebdriverModule - afterCommandExecute: event=com.browserstack.v2.eventBus.Event@3597d9e0
10:44:28.245 [verifyWelcomeScreen@0] INFO  c.b.v2.module.ObservabilityModule - THREAD ID Inside Process= 41
10:44:28.245 [verifyWelcomeScreen@0] INFO  c.b.v2.module.ObservabilityModule - Processing TestLevel attachments from directory: /Users/sanjeevareddysj/.browserstack/UploadedAttachments-41/TestLevel
10:44:28.245 [verifyWelcomeScreen@0] INFO  c.b.v2.module.ObservabilityModule - Processing BuildLevel attachments from directory: /Users/sanjeevareddysj/.browserstack/UploadedAttachments-41/BuildLevel
10:44:28.245 [verifyWelcomeScreen@0] INFO  c.b.v2.module.ObservabilityModule - Processing attachments eventLogs: []
10:44:28.245 [verifyWelcomeScreen@0] INFO  c.b.v2.module.ObservabilityModule - sendLogCreatedEvent: No Log Events to send
10:44:28.247 [verifyWelcomeScreen@0] INFO  c.b.v2.module.WebdriverModule - beforeCommandExecute: event=com.browserstack.v2.eventBus.Event@4e12e222
10:44:28.247 [verifyWelcomeScreen@0] INFO  c.b.v2.module.WebdriverModule - beforeCommandExecute: event=com.browserstack.v2.eventBus.Event@4e12e222
10:44:28.321 [verifyWelcomeScreen@0] INFO  c.b.v2.module.WebdriverModule - afterCommandExecute: event=com.browserstack.v2.eventBus.Event@308ebdf5
10:44:28.321 [verifyWelcomeScreen@0] INFO  c.b.v2.module.WebdriverModule - afterCommandExecute: event=com.browserstack.v2.eventBus.Event@308ebdf5
10:44:28.321 [verifyWelcomeScreen@0] INFO  c.b.v2.module.ObservabilityModule - THREAD ID Inside Process= 41
10:44:28.321 [verifyWelcomeScreen@0] INFO  c.b.v2.module.ObservabilityModule - Processing TestLevel attachments from directory: /Users/sanjeevareddysj/.browserstack/UploadedAttachments-41/TestLevel
10:44:28.321 [verifyWelcomeScreen@0] INFO  c.b.v2.module.ObservabilityModule - Processing BuildLevel attachments from directory: /Users/sanjeevareddysj/.browserstack/UploadedAttachments-41/BuildLevel
10:44:28.321 [verifyWelcomeScreen@0] INFO  c.b.v2.module.ObservabilityModule - Processing attachments eventLogs: []
10:44:28.321 [verifyWelcomeScreen@0] INFO  c.b.v2.module.ObservabilityModule - sendLogCreatedEvent: No Log Events to send
10:44:28.323 [verifyWelcomeScreen@0] INFO  c.b.v2.module.WebdriverModule - beforeCommandExecute: event=com.browserstack.v2.eventBus.Event@a0a7a00
10:44:28.323 [verifyWelcomeScreen@0] INFO  c.b.v2.module.WebdriverModule - beforeCommandExecute: event=com.browserstack.v2.eventBus.Event@a0a7a00
10:44:28.379 [verifyWelcomeScreen@0] INFO  c.b.v2.module.WebdriverModule - afterCommandExecute: event=com.browserstack.v2.eventBus.Event@40978b74
10:44:28.379 [verifyWelcomeScreen@0] INFO  c.b.v2.module.WebdriverModule - afterCommandExecute: event=com.browserstack.v2.eventBus.Event@40978b74
10:44:28.379 [verifyWelcomeScreen@0] INFO  c.b.v2.module.ObservabilityModule - THREAD ID Inside Process= 41
10:44:28.379 [verifyWelcomeScreen@0] INFO  c.b.v2.module.ObservabilityModule - Processing TestLevel attachments from directory: /Users/sanjeevareddysj/.browserstack/UploadedAttachments-41/TestLevel
10:44:28.379 [verifyWelcomeScreen@0] INFO  c.b.v2.module.ObservabilityModule - Processing BuildLevel attachments from directory: /Users/sanjeevareddysj/.browserstack/UploadedAttachments-41/BuildLevel
10:44:28.379 [verifyWelcomeScreen@0] INFO  c.b.v2.module.ObservabilityModule - Processing attachments eventLogs: []
10:44:28.379 [verifyWelcomeScreen@0] INFO  c.b.v2.module.ObservabilityModule - sendLogCreatedEvent: No Log Events to send
10:44:28.381 [verifyWelcomeScreen@0] INFO  c.b.v2.framework.TestNgFramework - trackEvent: found instance, testFrameworkState=TestFrameworkState.LOG hookState=HookState.PRE instance=1741108805
10:44:28.381 [verifyWelcomeScreen@0] INFO  c.b.v2.framework.TestNgFramework - trackEvent: load log entries
10:44:28.384 [verifyWelcomeScreen@0] INFO  c.b.v2.module.TestHubModule - sendLogCreatedEvent: event=com.browserstack.v2.eventBus.Event@6298285d, response=success: true

10:44:28.384 [verifyWelcomeScreen@0] INFO  c.b.v2.module.TestHubModule - sendLogCreatedEvent: event=com.browserstack.v2.eventBus.Event@6298285d
10:44:32.404 [verifyWelcomeScreen@0] INFO  c.b.v2.module.WebdriverModule - beforeCommandExecute: event=com.browserstack.v2.eventBus.Event@6418de22
10:44:32.404 [verifyWelcomeScreen@0] INFO  c.b.v2.module.WebdriverModule - beforeCommandExecute: event=com.browserstack.v2.eventBus.Event@6418de22
10:44:32.404 [verifyWelcomeScreen@0] INFO  c.b.v2.module.WebdriverModule - beforeCommandExecute: event=com.browserstack.v2.eventBus.Event@3c8e6802
10:44:32.404 [verifyWelcomeScreen@0] INFO  c.b.v2.module.WebdriverModule - beforeCommandExecute: event=com.browserstack.v2.eventBus.Event@3c8e6802
10:44:32.448 [verifyWelcomeScreen@0] INFO  c.b.v2.module.WebdriverModule - afterCommandExecute: event=com.browserstack.v2.eventBus.Event@1f77750e
10:44:32.448 [verifyWelcomeScreen@0] INFO  c.b.v2.module.WebdriverModule - afterCommandExecute: event=com.browserstack.v2.eventBus.Event@1f77750e
10:44:32.448 [verifyWelcomeScreen@0] INFO  c.b.v2.module.ObservabilityModule - THREAD ID Inside Process= 41
10:44:32.448 [verifyWelcomeScreen@0] INFO  c.b.v2.module.ObservabilityModule - Processing TestLevel attachments from directory: /Users/sanjeevareddysj/.browserstack/UploadedAttachments-41/TestLevel
10:44:32.448 [verifyWelcomeScreen@0] INFO  c.b.v2.module.ObservabilityModule - Processing BuildLevel attachments from directory: /Users/sanjeevareddysj/.browserstack/UploadedAttachments-41/BuildLevel
10:44:32.448 [verifyWelcomeScreen@0] INFO  c.b.v2.module.ObservabilityModule - Processing attachments eventLogs: []
10:44:32.449 [verifyWelcomeScreen@0] INFO  c.b.v2.module.ObservabilityModule - sendLogCreatedEvent: No Log Events to send
10:44:32.458 [verifyWelcomeScreen@0] INFO  c.b.v2.module.WebdriverModule - afterCommandExecute: event=com.browserstack.v2.eventBus.Event@2ac43bd6
10:44:32.458 [verifyWelcomeScreen@0] INFO  c.b.v2.module.WebdriverModule - afterCommandExecute: event=com.browserstack.v2.eventBus.Event@2ac43bd6
10:44:32.458 [verifyWelcomeScreen@0] INFO  c.b.v2.module.ObservabilityModule - THREAD ID Inside Process= 41
10:44:32.458 [verifyWelcomeScreen@0] INFO  c.b.v2.module.ObservabilityModule - Processing TestLevel attachments from directory: /Users/sanjeevareddysj/.browserstack/UploadedAttachments-41/TestLevel
10:44:32.458 [verifyWelcomeScreen@0] INFO  c.b.v2.module.ObservabilityModule - Processing BuildLevel attachments from directory: /Users/sanjeevareddysj/.browserstack/UploadedAttachments-41/BuildLevel
10:44:32.458 [verifyWelcomeScreen@0] INFO  c.b.v2.module.ObservabilityModule - Processing attachments eventLogs: []
10:44:32.458 [verifyWelcomeScreen@0] INFO  c.b.v2.module.ObservabilityModule - sendLogCreatedEvent: No Log Events to send
10:44:32.460 [verifyWelcomeScreen@0] INFO  c.b.v2.module.WebdriverModule - beforeCommandExecute: event=com.browserstack.v2.eventBus.Event@413e5e57
10:44:32.460 [verifyWelcomeScreen@0] INFO  c.b.v2.module.WebdriverModule - beforeCommandExecute: event=com.browserstack.v2.eventBus.Event@413e5e57
10:44:32.526 [verifyWelcomeScreen@0] INFO  c.b.v2.module.WebdriverModule - afterCommandExecute: event=com.browserstack.v2.eventBus.Event@18bf08a0
10:44:32.526 [verifyWelcomeScreen@0] INFO  c.b.v2.module.WebdriverModule - afterCommandExecute: event=com.browserstack.v2.eventBus.Event@18bf08a0
10:44:32.526 [verifyWelcomeScreen@0] INFO  c.b.v2.module.ObservabilityModule - THREAD ID Inside Process= 41
10:44:32.526 [verifyWelcomeScreen@0] INFO  c.b.v2.module.ObservabilityModule - Processing TestLevel attachments from directory: /Users/sanjeevareddysj/.browserstack/UploadedAttachments-41/TestLevel
10:44:32.526 [verifyWelcomeScreen@0] INFO  c.b.v2.module.ObservabilityModule - Processing BuildLevel attachments from directory: /Users/sanjeevareddysj/.browserstack/UploadedAttachments-41/BuildLevel
10:44:32.526 [verifyWelcomeScreen@0] INFO  c.b.v2.module.ObservabilityModule - Processing attachments eventLogs: []
10:44:32.526 [verifyWelcomeScreen@0] INFO  c.b.v2.module.ObservabilityModule - sendLogCreatedEvent: No Log Events to send
10:44:32.710 [verifyWelcomeScreen@0] INFO  c.b.v2.module.WebdriverModule - beforeCommandExecute: event=com.browserstack.v2.eventBus.Event@19a4706f
10:44:32.710 [verifyWelcomeScreen@0] INFO  c.b.v2.module.WebdriverModule - beforeCommandExecute: event=com.browserstack.v2.eventBus.Event@19a4706f
10:44:32.710 [verifyWelcomeScreen@0] INFO  c.b.v2.module.WebdriverModule - beforeCommandExecute: event=com.browserstack.v2.eventBus.Event@56e11368
10:44:32.710 [verifyWelcomeScreen@0] INFO  c.b.v2.module.WebdriverModule - beforeCommandExecute: event=com.browserstack.v2.eventBus.Event@56e11368
10:44:32.758 [verifyWelcomeScreen@0] INFO  c.b.v2.module.WebdriverModule - afterCommandExecute: event=com.browserstack.v2.eventBus.Event@286c67a7
10:44:32.758 [verifyWelcomeScreen@0] INFO  c.b.v2.module.WebdriverModule - afterCommandExecute: event=com.browserstack.v2.eventBus.Event@286c67a7
10:44:32.758 [verifyWelcomeScreen@0] INFO  c.b.v2.module.ObservabilityModule - THREAD ID Inside Process= 41
10:44:32.758 [verifyWelcomeScreen@0] INFO  c.b.v2.module.ObservabilityModule - Processing TestLevel attachments from directory: /Users/sanjeevareddysj/.browserstack/UploadedAttachments-41/TestLevel
10:44:32.759 [verifyWelcomeScreen@0] INFO  c.b.v2.module.ObservabilityModule - Processing BuildLevel attachments from directory: /Users/sanjeevareddysj/.browserstack/UploadedAttachments-41/BuildLevel
10:44:32.759 [verifyWelcomeScreen@0] INFO  c.b.v2.module.ObservabilityModule - Processing attachments eventLogs: []
10:44:32.759 [verifyWelcomeScreen@0] INFO  c.b.v2.module.ObservabilityModule - sendLogCreatedEvent: No Log Events to send
10:44:32.765 [verifyWelcomeScreen@0] INFO  c.b.v2.module.WebdriverModule - afterCommandExecute: event=com.browserstack.v2.eventBus.Event@212b5570
10:44:32.769 [verifyWelcomeScreen@0] INFO  c.b.v2.module.WebdriverModule - afterCommandExecute: event=com.browserstack.v2.eventBus.Event@212b5570
10:44:32.770 [verifyWelcomeScreen@0] INFO  c.b.v2.module.ObservabilityModule - THREAD ID Inside Process= 41
10:44:32.770 [verifyWelcomeScreen@0] INFO  c.b.v2.module.ObservabilityModule - Processing TestLevel attachments from directory: /Users/sanjeevareddysj/.browserstack/UploadedAttachments-41/TestLevel
10:44:32.770 [verifyWelcomeScreen@0] INFO  c.b.v2.module.ObservabilityModule - Processing BuildLevel attachments from directory: /Users/sanjeevareddysj/.browserstack/UploadedAttachments-41/BuildLevel
10:44:32.771 [verifyWelcomeScreen@0] INFO  c.b.v2.module.ObservabilityModule - Processing attachments eventLogs: []
10:44:32.771 [verifyWelcomeScreen@0] INFO  c.b.v2.module.ObservabilityModule - sendLogCreatedEvent: No Log Events to send
10:44:32.773 [verifyWelcomeScreen@0] INFO  c.b.v2.module.WebdriverModule - beforeCommandExecute: event=com.browserstack.v2.eventBus.Event@34157977
10:44:32.773 [verifyWelcomeScreen@0] INFO  c.b.v2.module.WebdriverModule - beforeCommandExecute: event=com.browserstack.v2.eventBus.Event@34157977
10:44:32.888 [verifyWelcomeScreen@0] INFO  c.b.v2.module.WebdriverModule - afterCommandExecute: event=com.browserstack.v2.eventBus.Event@2270fd53
10:44:32.888 [verifyWelcomeScreen@0] INFO  c.b.v2.module.WebdriverModule - afterCommandExecute: event=com.browserstack.v2.eventBus.Event@2270fd53
10:44:32.888 [verifyWelcomeScreen@0] INFO  c.b.v2.module.ObservabilityModule - THREAD ID Inside Process= 41
10:44:32.888 [verifyWelcomeScreen@0] INFO  c.b.v2.module.ObservabilityModule - Processing TestLevel attachments from directory: /Users/sanjeevareddysj/.browserstack/UploadedAttachments-41/TestLevel
10:44:32.889 [verifyWelcomeScreen@0] INFO  c.b.v2.module.ObservabilityModule - Processing BuildLevel attachments from directory: /Users/sanjeevareddysj/.browserstack/UploadedAttachments-41/BuildLevel
10:44:32.889 [verifyWelcomeScreen@0] INFO  c.b.v2.module.ObservabilityModule - Processing attachments eventLogs: []
10:44:32.889 [verifyWelcomeScreen@0] INFO  c.b.v2.module.ObservabilityModule - sendLogCreatedEvent: No Log Events to send
10:44:32.893 [verifyWelcomeScreen@0] INFO  c.b.v2.module.WebdriverModule - beforeCommandExecute: event=com.browserstack.v2.eventBus.Event@4ee22bb1
10:44:32.893 [verifyWelcomeScreen@0] INFO  c.b.v2.module.WebdriverModule - beforeCommandExecute: event=com.browserstack.v2.eventBus.Event@4ee22bb1
10:44:32.984 [verifyWelcomeScreen@0] INFO  c.b.v2.module.WebdriverModule - afterCommandExecute: event=com.browserstack.v2.eventBus.Event@7362dd97
10:44:32.985 [verifyWelcomeScreen@0] INFO  c.b.v2.module.WebdriverModule - afterCommandExecute: event=com.browserstack.v2.eventBus.Event@7362dd97
10:44:32.985 [verifyWelcomeScreen@0] INFO  c.b.v2.module.ObservabilityModule - THREAD ID Inside Process= 41
10:44:32.985 [verifyWelcomeScreen@0] INFO  c.b.v2.module.ObservabilityModule - Processing TestLevel attachments from directory: /Users/sanjeevareddysj/.browserstack/UploadedAttachments-41/TestLevel
10:44:32.985 [verifyWelcomeScreen@0] INFO  c.b.v2.module.ObservabilityModule - Processing BuildLevel attachments from directory: /Users/sanjeevareddysj/.browserstack/UploadedAttachments-41/BuildLevel
10:44:32.985 [verifyWelcomeScreen@0] INFO  c.b.v2.module.ObservabilityModule - Processing attachments eventLogs: []
10:44:32.985 [verifyWelcomeScreen@0] INFO  c.b.v2.module.ObservabilityModule - sendLogCreatedEvent: No Log Events to send
10:44:32.990 [verifyWelcomeScreen@0] INFO  c.b.v2.framework.TestNgFramework - trackEvent: found instance, testFrameworkState=TestFrameworkState.LOG hookState=HookState.PRE instance=1741108805
10:44:32.990 [verifyWelcomeScreen@0] INFO  c.b.v2.framework.TestNgFramework - trackEvent: load log entries
10:44:33.018 [verifyWelcomeScreen@0] INFO  c.b.v2.module.TestHubModule - sendLogCreatedEvent: event=com.browserstack.v2.eventBus.Event@d762ad2, response=success: true

10:44:33.018 [verifyWelcomeScreen@0] INFO  c.b.v2.module.TestHubModule - sendLogCreatedEvent: event=com.browserstack.v2.eventBus.Event@d762ad2
10:44:33.020 [verifyWelcomeScreen@0] INFO  c.b.v2.module.WebdriverModule - beforeCommandExecute: event=com.browserstack.v2.eventBus.Event@6be0af53
10:44:33.021 [verifyWelcomeScreen@0] INFO  c.b.v2.module.WebdriverModule - beforeCommandExecute: event=com.browserstack.v2.eventBus.Event@6be0af53
10:44:33.021 [verifyWelcomeScreen@0] INFO  c.b.v2.module.WebdriverModule - beforeCommandExecute: event=com.browserstack.v2.eventBus.Event@6d9a0a48
10:44:33.021 [verifyWelcomeScreen@0] INFO  c.b.v2.module.WebdriverModule - beforeCommandExecute: event=com.browserstack.v2.eventBus.Event@6d9a0a48
10:44:33.061 [verifyWelcomeScreen@0] INFO  c.b.v2.module.WebdriverModule - afterCommandExecute: event=com.browserstack.v2.eventBus.Event@51068d93
10:44:33.061 [verifyWelcomeScreen@0] INFO  c.b.v2.module.WebdriverModule - afterCommandExecute: event=com.browserstack.v2.eventBus.Event@51068d93
10:44:33.061 [verifyWelcomeScreen@0] INFO  c.b.v2.module.ObservabilityModule - THREAD ID Inside Process= 41
10:44:33.061 [verifyWelcomeScreen@0] INFO  c.b.v2.module.ObservabilityModule - Processing TestLevel attachments from directory: /Users/sanjeevareddysj/.browserstack/UploadedAttachments-41/TestLevel
10:44:33.061 [verifyWelcomeScreen@0] INFO  c.b.v2.module.ObservabilityModule - Processing BuildLevel attachments from directory: /Users/sanjeevareddysj/.browserstack/UploadedAttachments-41/BuildLevel
10:44:33.061 [verifyWelcomeScreen@0] INFO  c.b.v2.module.ObservabilityModule - Processing attachments eventLogs: []
10:44:33.061 [verifyWelcomeScreen@0] INFO  c.b.v2.module.ObservabilityModule - sendLogCreatedEvent: No Log Events to send
10:44:33.063 [verifyWelcomeScreen@0] INFO  c.b.v2.module.WebdriverModule - afterCommandExecute: event=com.browserstack.v2.eventBus.Event@1f871df0
10:44:33.063 [verifyWelcomeScreen@0] INFO  c.b.v2.module.WebdriverModule - afterCommandExecute: event=com.browserstack.v2.eventBus.Event@1f871df0
10:44:33.063 [verifyWelcomeScreen@0] INFO  c.b.v2.module.ObservabilityModule - THREAD ID Inside Process= 41
10:44:33.064 [verifyWelcomeScreen@0] INFO  c.b.v2.module.ObservabilityModule - Processing TestLevel attachments from directory: /Users/sanjeevareddysj/.browserstack/UploadedAttachments-41/TestLevel
10:44:33.064 [verifyWelcomeScreen@0] INFO  c.b.v2.module.ObservabilityModule - Processing BuildLevel attachments from directory: /Users/sanjeevareddysj/.browserstack/UploadedAttachments-41/BuildLevel
10:44:33.064 [verifyWelcomeScreen@0] INFO  c.b.v2.module.ObservabilityModule - Processing attachments eventLogs: []
10:44:33.064 [verifyWelcomeScreen@0] INFO  c.b.v2.module.ObservabilityModule - sendLogCreatedEvent: No Log Events to send
10:44:33.066 [verifyWelcomeScreen@0] INFO  c.b.v2.module.WebdriverModule - beforeCommandExecute: event=com.browserstack.v2.eventBus.Event@477de7ca
10:44:33.066 [verifyWelcomeScreen@0] INFO  c.b.v2.module.WebdriverModule - beforeCommandExecute: event=com.browserstack.v2.eventBus.Event@477de7ca
10:44:33.176 [verifyWelcomeScreen@0] INFO  c.b.v2.module.WebdriverModule - afterCommandExecute: event=com.browserstack.v2.eventBus.Event@565a5c70
10:44:33.176 [verifyWelcomeScreen@0] INFO  c.b.v2.module.WebdriverModule - afterCommandExecute: event=com.browserstack.v2.eventBus.Event@565a5c70
10:44:33.176 [verifyWelcomeScreen@0] INFO  c.b.v2.module.ObservabilityModule - THREAD ID Inside Process= 41
10:44:33.176 [verifyWelcomeScreen@0] INFO  c.b.v2.module.ObservabilityModule - Processing TestLevel attachments from directory: /Users/sanjeevareddysj/.browserstack/UploadedAttachments-41/TestLevel
10:44:33.177 [verifyWelcomeScreen@0] INFO  c.b.v2.module.ObservabilityModule - Processing BuildLevel attachments from directory: /Users/sanjeevareddysj/.browserstack/UploadedAttachments-41/BuildLevel
10:44:33.177 [verifyWelcomeScreen@0] INFO  c.b.v2.module.ObservabilityModule - Processing attachments eventLogs: []
10:44:33.177 [verifyWelcomeScreen@0] INFO  c.b.v2.module.ObservabilityModule - sendLogCreatedEvent: No Log Events to send
10:44:33.181 [verifyWelcomeScreen@0] INFO  c.b.v2.module.WebdriverModule - beforeCommandExecute: event=com.browserstack.v2.eventBus.Event@a758238
10:44:33.181 [verifyWelcomeScreen@0] INFO  c.b.v2.module.WebdriverModule - beforeCommandExecute: event=com.browserstack.v2.eventBus.Event@a758238
10:44:33.284 [verifyWelcomeScreen@0] INFO  c.b.v2.module.WebdriverModule - afterCommandExecute: event=com.browserstack.v2.eventBus.Event@7584ff98
10:44:33.284 [verifyWelcomeScreen@0] INFO  c.b.v2.module.WebdriverModule - afterCommandExecute: event=com.browserstack.v2.eventBus.Event@7584ff98
10:44:33.284 [verifyWelcomeScreen@0] INFO  c.b.v2.module.ObservabilityModule - THREAD ID Inside Process= 41
10:44:33.285 [verifyWelcomeScreen@0] INFO  c.b.v2.module.ObservabilityModule - Processing TestLevel attachments from directory: /Users/sanjeevareddysj/.browserstack/UploadedAttachments-41/TestLevel
10:44:33.285 [verifyWelcomeScreen@0] INFO  c.b.v2.module.ObservabilityModule - Processing BuildLevel attachments from directory: /Users/sanjeevareddysj/.browserstack/UploadedAttachments-41/BuildLevel
10:44:33.286 [verifyWelcomeScreen@0] INFO  c.b.v2.module.ObservabilityModule - Processing attachments eventLogs: []
10:44:33.287 [verifyWelcomeScreen@0] INFO  c.b.v2.module.ObservabilityModule - sendLogCreatedEvent: No Log Events to send
10:44:33.293 [verifyWelcomeScreen@0] INFO  c.b.v2.framework.TestNgFramework - trackEvent: found instance, testFrameworkState=TestFrameworkState.LOG hookState=HookState.PRE instance=1741108805
10:44:33.293 [verifyWelcomeScreen@0] INFO  c.b.v2.framework.TestNgFramework - trackEvent: load log entries
10:44:33.298 [verifyWelcomeScreen@0] INFO  c.b.v2.module.TestHubModule - sendLogCreatedEvent: event=com.browserstack.v2.eventBus.Event@2003dc8d, response=success: true

10:44:33.302 [verifyWelcomeScreen@0] INFO  c.b.v2.module.TestHubModule - sendLogCreatedEvent: event=com.browserstack.v2.eventBus.Event@2003dc8d
10:44:37.317 [verifyWelcomeScreen@0] INFO  c.b.v2.module.WebdriverModule - beforeCommandExecute: event=com.browserstack.v2.eventBus.Event@14680714
10:44:37.317 [verifyWelcomeScreen@0] INFO  c.b.v2.module.WebdriverModule - beforeCommandExecute: event=com.browserstack.v2.eventBus.Event@14680714
10:44:37.317 [verifyWelcomeScreen@0] INFO  c.b.v2.module.WebdriverModule - beforeCommandExecute: event=com.browserstack.v2.eventBus.Event@12c022bd
10:44:37.317 [verifyWelcomeScreen@0] INFO  c.b.v2.module.WebdriverModule - beforeCommandExecute: event=com.browserstack.v2.eventBus.Event@12c022bd
10:44:37.367 [verifyWelcomeScreen@0] INFO  c.b.v2.module.WebdriverModule - afterCommandExecute: event=com.browserstack.v2.eventBus.Event@6fd32261
10:44:37.367 [verifyWelcomeScreen@0] INFO  c.b.v2.module.WebdriverModule - afterCommandExecute: event=com.browserstack.v2.eventBus.Event@6fd32261
10:44:37.367 [verifyWelcomeScreen@0] INFO  c.b.v2.module.ObservabilityModule - THREAD ID Inside Process= 41
10:44:37.368 [verifyWelcomeScreen@0] INFO  c.b.v2.module.ObservabilityModule - Processing TestLevel attachments from directory: /Users/sanjeevareddysj/.browserstack/UploadedAttachments-41/TestLevel
10:44:37.368 [verifyWelcomeScreen@0] INFO  c.b.v2.module.ObservabilityModule - Processing BuildLevel attachments from directory: /Users/sanjeevareddysj/.browserstack/UploadedAttachments-41/BuildLevel
10:44:37.368 [verifyWelcomeScreen@0] INFO  c.b.v2.module.ObservabilityModule - Processing attachments eventLogs: []
10:44:37.368 [verifyWelcomeScreen@0] INFO  c.b.v2.module.ObservabilityModule - sendLogCreatedEvent: No Log Events to send
10:44:37.380 [verifyWelcomeScreen@0] INFO  c.b.v2.module.WebdriverModule - afterCommandExecute: event=com.browserstack.v2.eventBus.Event@1bcdf223
10:44:37.380 [verifyWelcomeScreen@0] INFO  c.b.v2.module.WebdriverModule - afterCommandExecute: event=com.browserstack.v2.eventBus.Event@1bcdf223
10:44:37.380 [verifyWelcomeScreen@0] INFO  c.b.v2.module.ObservabilityModule - THREAD ID Inside Process= 41
10:44:37.381 [verifyWelcomeScreen@0] INFO  c.b.v2.module.ObservabilityModule - Processing TestLevel attachments from directory: /Users/sanjeevareddysj/.browserstack/UploadedAttachments-41/TestLevel
10:44:37.381 [verifyWelcomeScreen@0] INFO  c.b.v2.module.ObservabilityModule - Processing BuildLevel attachments from directory: /Users/sanjeevareddysj/.browserstack/UploadedAttachments-41/BuildLevel
10:44:37.381 [verifyWelcomeScreen@0] INFO  c.b.v2.module.ObservabilityModule - Processing attachments eventLogs: []
10:44:37.381 [verifyWelcomeScreen@0] INFO  c.b.v2.module.ObservabilityModule - sendLogCreatedEvent: No Log Events to send
10:44:37.383 [verifyWelcomeScreen@0] INFO  c.b.v2.module.WebdriverModule - beforeCommandExecute: event=com.browserstack.v2.eventBus.Event@7ebd1577
10:44:37.383 [verifyWelcomeScreen@0] INFO  c.b.v2.module.WebdriverModule - beforeCommandExecute: event=com.browserstack.v2.eventBus.Event@7ebd1577
10:44:37.501 [verifyWelcomeScreen@0] INFO  c.b.v2.module.WebdriverModule - afterCommandExecute: event=com.browserstack.v2.eventBus.Event@20d089c4
10:44:37.501 [verifyWelcomeScreen@0] INFO  c.b.v2.module.WebdriverModule - afterCommandExecute: event=com.browserstack.v2.eventBus.Event@20d089c4
10:44:37.501 [verifyWelcomeScreen@0] INFO  c.b.v2.module.ObservabilityModule - THREAD ID Inside Process= 41
10:44:37.501 [verifyWelcomeScreen@0] INFO  c.b.v2.module.ObservabilityModule - Processing TestLevel attachments from directory: /Users/sanjeevareddysj/.browserstack/UploadedAttachments-41/TestLevel
10:44:37.502 [verifyWelcomeScreen@0] INFO  c.b.v2.module.ObservabilityModule - Processing BuildLevel attachments from directory: /Users/sanjeevareddysj/.browserstack/UploadedAttachments-41/BuildLevel
10:44:37.502 [verifyWelcomeScreen@0] INFO  c.b.v2.module.ObservabilityModule - Processing attachments eventLogs: []
10:44:37.502 [verifyWelcomeScreen@0] INFO  c.b.v2.module.ObservabilityModule - sendLogCreatedEvent: No Log Events to send
10:44:37.715 [verifyWelcomeScreen@0] INFO  c.b.v2.module.WebdriverModule - beforeCommandExecute: event=com.browserstack.v2.eventBus.Event@3605506b
10:44:37.715 [verifyWelcomeScreen@0] INFO  c.b.v2.module.WebdriverModule - beforeCommandExecute: event=com.browserstack.v2.eventBus.Event@3605506b
10:44:37.716 [verifyWelcomeScreen@0] INFO  c.b.v2.module.WebdriverModule - beforeCommandExecute: event=com.browserstack.v2.eventBus.Event@7dd88b9b
10:44:37.716 [verifyWelcomeScreen@0] INFO  c.b.v2.module.WebdriverModule - beforeCommandExecute: event=com.browserstack.v2.eventBus.Event@7dd88b9b
10:44:37.761 [verifyWelcomeScreen@0] INFO  c.b.v2.module.WebdriverModule - afterCommandExecute: event=com.browserstack.v2.eventBus.Event@52ec2e9e
10:44:37.761 [verifyWelcomeScreen@0] INFO  c.b.v2.module.WebdriverModule - afterCommandExecute: event=com.browserstack.v2.eventBus.Event@52ec2e9e
10:44:37.761 [verifyWelcomeScreen@0] INFO  c.b.v2.module.ObservabilityModule - THREAD ID Inside Process= 41
10:44:37.762 [verifyWelcomeScreen@0] INFO  c.b.v2.module.ObservabilityModule - Processing TestLevel attachments from directory: /Users/sanjeevareddysj/.browserstack/UploadedAttachments-41/TestLevel
10:44:37.762 [verifyWelcomeScreen@0] INFO  c.b.v2.module.ObservabilityModule - Processing BuildLevel attachments from directory: /Users/sanjeevareddysj/.browserstack/UploadedAttachments-41/BuildLevel
10:44:37.762 [verifyWelcomeScreen@0] INFO  c.b.v2.module.ObservabilityModule - Processing attachments eventLogs: []
10:44:37.762 [verifyWelcomeScreen@0] INFO  c.b.v2.module.ObservabilityModule - sendLogCreatedEvent: No Log Events to send
10:44:37.767 [verifyWelcomeScreen@0] INFO  c.b.v2.module.WebdriverModule - afterCommandExecute: event=com.browserstack.v2.eventBus.Event@1da7e9b4
10:44:37.767 [verifyWelcomeScreen@0] INFO  c.b.v2.module.WebdriverModule - afterCommandExecute: event=com.browserstack.v2.eventBus.Event@1da7e9b4
10:44:37.767 [verifyWelcomeScreen@0] INFO  c.b.v2.module.ObservabilityModule - THREAD ID Inside Process= 41
10:44:37.767 [verifyWelcomeScreen@0] INFO  c.b.v2.module.ObservabilityModule - Processing TestLevel attachments from directory: /Users/sanjeevareddysj/.browserstack/UploadedAttachments-41/TestLevel
10:44:37.767 [verifyWelcomeScreen@0] INFO  c.b.v2.module.ObservabilityModule - Processing BuildLevel attachments from directory: /Users/sanjeevareddysj/.browserstack/UploadedAttachments-41/BuildLevel
10:44:37.768 [verifyWelcomeScreen@0] INFO  c.b.v2.module.ObservabilityModule - Processing attachments eventLogs: []
10:44:37.768 [verifyWelcomeScreen@0] INFO  c.b.v2.module.ObservabilityModule - sendLogCreatedEvent: No Log Events to send
10:44:37.770 [verifyWelcomeScreen@0] INFO  c.b.v2.module.WebdriverModule - beforeCommandExecute: event=com.browserstack.v2.eventBus.Event@17317f0b
10:44:37.770 [verifyWelcomeScreen@0] INFO  c.b.v2.module.WebdriverModule - beforeCommandExecute: event=com.browserstack.v2.eventBus.Event@17317f0b
10:44:37.859 [verifyWelcomeScreen@0] INFO  c.b.v2.module.WebdriverModule - afterCommandExecute: event=com.browserstack.v2.eventBus.Event@4454290
10:44:37.859 [verifyWelcomeScreen@0] INFO  c.b.v2.module.WebdriverModule - afterCommandExecute: event=com.browserstack.v2.eventBus.Event@4454290
10:44:37.859 [verifyWelcomeScreen@0] INFO  c.b.v2.module.ObservabilityModule - THREAD ID Inside Process= 41
10:44:37.859 [verifyWelcomeScreen@0] INFO  c.b.v2.module.ObservabilityModule - Processing TestLevel attachments from directory: /Users/sanjeevareddysj/.browserstack/UploadedAttachments-41/TestLevel
10:44:37.859 [verifyWelcomeScreen@0] INFO  c.b.v2.module.ObservabilityModule - Processing BuildLevel attachments from directory: /Users/sanjeevareddysj/.browserstack/UploadedAttachments-41/BuildLevel
10:44:37.859 [verifyWelcomeScreen@0] INFO  c.b.v2.module.ObservabilityModule - Processing attachments eventLogs: []
10:44:37.859 [verifyWelcomeScreen@0] INFO  c.b.v2.module.ObservabilityModule - sendLogCreatedEvent: No Log Events to send
10:44:37.864 [verifyWelcomeScreen@0] INFO  c.b.v2.module.WebdriverModule - beforeCommandExecute: event=com.browserstack.v2.eventBus.Event@602132da
10:44:37.864 [verifyWelcomeScreen@0] INFO  c.b.v2.module.WebdriverModule - beforeCommandExecute: event=com.browserstack.v2.eventBus.Event@602132da
10:44:37.928 [verifyWelcomeScreen@0] INFO  c.b.v2.module.WebdriverModule - afterCommandExecute: event=com.browserstack.v2.eventBus.Event@2b07b7d9
10:44:37.928 [verifyWelcomeScreen@0] INFO  c.b.v2.module.WebdriverModule - afterCommandExecute: event=com.browserstack.v2.eventBus.Event@2b07b7d9
10:44:37.928 [verifyWelcomeScreen@0] INFO  c.b.v2.module.ObservabilityModule - THREAD ID Inside Process= 41
10:44:37.928 [verifyWelcomeScreen@0] INFO  c.b.v2.module.ObservabilityModule - Processing TestLevel attachments from directory: /Users/sanjeevareddysj/.browserstack/UploadedAttachments-41/TestLevel
10:44:37.928 [verifyWelcomeScreen@0] INFO  c.b.v2.module.ObservabilityModule - Processing BuildLevel attachments from directory: /Users/sanjeevareddysj/.browserstack/UploadedAttachments-41/BuildLevel
10:44:37.928 [verifyWelcomeScreen@0] INFO  c.b.v2.module.ObservabilityModule - Processing attachments eventLogs: []
10:44:37.928 [verifyWelcomeScreen@0] INFO  c.b.v2.module.ObservabilityModule - sendLogCreatedEvent: No Log Events to send
10:44:37.930 [verifyWelcomeScreen@0] INFO  c.b.v2.framework.TestNgFramework - trackEvent: found instance, testFrameworkState=TestFrameworkState.LOG hookState=HookState.PRE instance=1741108805
10:44:37.931 [verifyWelcomeScreen@0] INFO  c.b.v2.framework.TestNgFramework - trackEvent: load log entries
10:44:37.942 [verifyWelcomeScreen@0] INFO  c.b.v2.module.TestHubModule - sendLogCreatedEvent: event=com.browserstack.v2.eventBus.Event@40f87536, response=success: true

10:44:37.942 [verifyWelcomeScreen@0] INFO  c.b.v2.module.TestHubModule - sendLogCreatedEvent: event=com.browserstack.v2.eventBus.Event@40f87536
10:44:37.944 [verifyWelcomeScreen@0] INFO  c.b.v2.module.WebdriverModule - beforeCommandExecute: event=com.browserstack.v2.eventBus.Event@74ee55c2
10:44:37.944 [verifyWelcomeScreen@0] INFO  c.b.v2.module.WebdriverModule - beforeCommandExecute: event=com.browserstack.v2.eventBus.Event@74ee55c2
10:44:37.944 [verifyWelcomeScreen@0] INFO  c.b.v2.module.WebdriverModule - beforeCommandExecute: event=com.browserstack.v2.eventBus.Event@1f183fec
10:44:37.944 [verifyWelcomeScreen@0] INFO  c.b.v2.module.WebdriverModule - beforeCommandExecute: event=com.browserstack.v2.eventBus.Event@1f183fec
10:44:37.996 [verifyWelcomeScreen@0] INFO  c.b.v2.module.WebdriverModule - afterCommandExecute: event=com.browserstack.v2.eventBus.Event@1ccaa8fc
10:44:37.996 [verifyWelcomeScreen@0] INFO  c.b.v2.module.WebdriverModule - afterCommandExecute: event=com.browserstack.v2.eventBus.Event@1ccaa8fc
10:44:37.996 [verifyWelcomeScreen@0] INFO  c.b.v2.module.ObservabilityModule - THREAD ID Inside Process= 41
10:44:37.996 [verifyWelcomeScreen@0] INFO  c.b.v2.module.ObservabilityModule - Processing TestLevel attachments from directory: /Users/sanjeevareddysj/.browserstack/UploadedAttachments-41/TestLevel
10:44:37.996 [verifyWelcomeScreen@0] INFO  c.b.v2.module.ObservabilityModule - Processing BuildLevel attachments from directory: /Users/sanjeevareddysj/.browserstack/UploadedAttachments-41/BuildLevel
10:44:37.996 [verifyWelcomeScreen@0] INFO  c.b.v2.module.ObservabilityModule - Processing attachments eventLogs: []
10:44:37.996 [verifyWelcomeScreen@0] INFO  c.b.v2.module.ObservabilityModule - sendLogCreatedEvent: No Log Events to send
10:44:37.998 [verifyWelcomeScreen@0] INFO  c.b.v2.module.WebdriverModule - afterCommandExecute: event=com.browserstack.v2.eventBus.Event@4505db1a
10:44:37.998 [verifyWelcomeScreen@0] INFO  c.b.v2.module.WebdriverModule - afterCommandExecute: event=com.browserstack.v2.eventBus.Event@4505db1a
10:44:37.998 [verifyWelcomeScreen@0] INFO  c.b.v2.module.ObservabilityModule - THREAD ID Inside Process= 41
10:44:37.998 [verifyWelcomeScreen@0] INFO  c.b.v2.module.ObservabilityModule - Processing TestLevel attachments from directory: /Users/sanjeevareddysj/.browserstack/UploadedAttachments-41/TestLevel
10:44:37.998 [verifyWelcomeScreen@0] INFO  c.b.v2.module.ObservabilityModule - Processing BuildLevel attachments from directory: /Users/sanjeevareddysj/.browserstack/UploadedAttachments-41/BuildLevel
10:44:37.998 [verifyWelcomeScreen@0] INFO  c.b.v2.module.ObservabilityModule - Processing attachments eventLogs: []
10:44:37.998 [verifyWelcomeScreen@0] INFO  c.b.v2.module.ObservabilityModule - sendLogCreatedEvent: No Log Events to send
10:44:38.000 [verifyWelcomeScreen@0] INFO  c.b.v2.module.WebdriverModule - beforeCommandExecute: event=com.browserstack.v2.eventBus.Event@5278bdda
10:44:38.000 [verifyWelcomeScreen@0] INFO  c.b.v2.module.WebdriverModule - beforeCommandExecute: event=com.browserstack.v2.eventBus.Event@5278bdda
10:44:38.091 [verifyWelcomeScreen@0] INFO  c.b.v2.module.WebdriverModule - afterCommandExecute: event=com.browserstack.v2.eventBus.Event@d91ad10
10:44:38.091 [verifyWelcomeScreen@0] INFO  c.b.v2.module.WebdriverModule - afterCommandExecute: event=com.browserstack.v2.eventBus.Event@d91ad10
10:44:38.091 [verifyWelcomeScreen@0] INFO  c.b.v2.module.ObservabilityModule - THREAD ID Inside Process= 41
10:44:38.092 [verifyWelcomeScreen@0] INFO  c.b.v2.module.ObservabilityModule - Processing TestLevel attachments from directory: /Users/sanjeevareddysj/.browserstack/UploadedAttachments-41/TestLevel
10:44:38.092 [verifyWelcomeScreen@0] INFO  c.b.v2.module.ObservabilityModule - Processing BuildLevel attachments from directory: /Users/sanjeevareddysj/.browserstack/UploadedAttachments-41/BuildLevel
10:44:38.092 [verifyWelcomeScreen@0] INFO  c.b.v2.module.ObservabilityModule - Processing attachments eventLogs: []
10:44:38.092 [verifyWelcomeScreen@0] INFO  c.b.v2.module.ObservabilityModule - sendLogCreatedEvent: No Log Events to send
10:44:38.094 [verifyWelcomeScreen@0] INFO  c.b.v2.module.WebdriverModule - beforeCommandExecute: event=com.browserstack.v2.eventBus.Event@40104868
10:44:38.094 [verifyWelcomeScreen@0] INFO  c.b.v2.module.WebdriverModule - beforeCommandExecute: event=com.browserstack.v2.eventBus.Event@40104868
10:44:38.166 [verifyWelcomeScreen@0] INFO  c.b.v2.module.WebdriverModule - afterCommandExecute: event=com.browserstack.v2.eventBus.Event@10214d7a
10:44:38.166 [verifyWelcomeScreen@0] INFO  c.b.v2.module.WebdriverModule - afterCommandExecute: event=com.browserstack.v2.eventBus.Event@10214d7a
10:44:38.166 [verifyWelcomeScreen@0] INFO  c.b.v2.module.ObservabilityModule - THREAD ID Inside Process= 41
10:44:38.166 [verifyWelcomeScreen@0] INFO  c.b.v2.module.ObservabilityModule - Processing TestLevel attachments from directory: /Users/sanjeevareddysj/.browserstack/UploadedAttachments-41/TestLevel
10:44:38.166 [verifyWelcomeScreen@0] INFO  c.b.v2.module.ObservabilityModule - Processing BuildLevel attachments from directory: /Users/sanjeevareddysj/.browserstack/UploadedAttachments-41/BuildLevel
10:44:38.166 [verifyWelcomeScreen@0] INFO  c.b.v2.module.ObservabilityModule - Processing attachments eventLogs: []
10:44:38.166 [verifyWelcomeScreen@0] INFO  c.b.v2.module.ObservabilityModule - sendLogCreatedEvent: No Log Events to send
10:44:38.169 [verifyWelcomeScreen@0] INFO  c.b.v2.framework.TestNgFramework - trackEvent: found instance, testFrameworkState=TestFrameworkState.LOG hookState=HookState.PRE instance=1741108805
10:44:38.169 [verifyWelcomeScreen@0] INFO  c.b.v2.framework.TestNgFramework - trackEvent: load log entries
10:44:38.172 [verifyWelcomeScreen@0] INFO  c.b.v2.module.TestHubModule - sendLogCreatedEvent: event=com.browserstack.v2.eventBus.Event@4ffb6d40, response=success: true

10:44:38.173 [verifyWelcomeScreen@0] INFO  c.b.v2.module.TestHubModule - sendLogCreatedEvent: event=com.browserstack.v2.eventBus.Event@4ffb6d40
10:44:42.188 [verifyWelcomeScreen@0] INFO  c.b.v2.framework.TestNgFramework - trackEvent: found instance, testFrameworkState=TestFrameworkState.LOG_REPORT hookState=HookState.PRE instance=1741108805
10:44:42.188 [verifyWelcomeScreen@0] INFO  c.b.v2.framework.TestNgFramework - trackEvent: found instance, testFrameworkState=TestFrameworkState.LOG_REPORT hookState=HookState.POST instance=1741108805
10:44:42.188 [verifyWelcomeScreen@0] INFO  c.b.v2.framework.TestNgFramework - trackEvent: load test results
10:44:42.188 [verifyWelcomeScreen@0] INFO  c.b.v2.framework.TestNgFramework - trackEvent: found instance, testFrameworkState=TestFrameworkState.TEST hookState=HookState.POST instance=1741108805
10:44:42.188 [verifyWelcomeScreen@0] INFO  c.b.v2.module.WebdriverModule - onAfterTest: event=com.browserstack.v2.eventBus.Event@5b1bc15e
10:44:42.189 [verifyWelcomeScreen@0] INFO  c.b.utils.SeleniumMethodUtils - Session Name ID status marking: e5ceacc7db995dfbb9df13601ca1600f98b98149
10:44:42.783 [verifyWelcomeScreen@0] INFO  c.b.utils.SeleniumMethodUtils - Session ID status marking: e5ceacc7db995dfbb9df13601ca1600f98b98149
10:44:43.151 [verifyWelcomeScreen@0] INFO  c.b.v2.module.WebdriverModule - onAfterTest: event=com.browserstack.v2.eventBus.Event@5b1bc15e
10:44:43.174 [verifyWelcomeScreen@0] INFO  c.b.utils.SeleniumMethodUtils - Session Name ID status marking: e5ceacc7db995dfbb9df13601ca1600f98b98149
10:44:43.555 [verifyWelcomeScreen@0] INFO  c.b.utils.SeleniumMethodUtils - Session ID status marking: e5ceacc7db995dfbb9df13601ca1600f98b98149
10:44:43.968 [verifyWelcomeScreen@0] INFO  c.b.v2.module.TestHubModule - sendTestFrameworkEvent: event=com.browserstack.v2.eventBus.Event@5b1bc15e, response=success: true

10:44:44.488 [Test worker] INFO  com.browserstack.testOps.Listener - logCreated: CLI is active
10:44:44.526 [Thread-0] INFO  com.browserstack.testOps.Listener - onComplete: CLI is active
10:44:44.528 [Thread-0] INFO  com.browserstack.v2.SdkCLI - stop: cli stop triggered
10:44:51.262 [Thread-0] DEBUG com.browserstack.v2.SdkCLI - stop-bin-session=success: true
automate_buildlink: "https://app-automate.browserstack.com/dashboard/v2/builds/2e590b348d46f5ac56635ad920f19b55082211b2"
hashed_id: "2e590b348d46f5ac56635ad920f19b55082211b2"

10:44:51.278 [Thread-0] INFO  com.browserstack.v2.SdkCLI - stop: shutting down CLI
10:44:53.464 [Thread-0] INFO  c.browserstack.utils.UtilityMethods - Visit https://automation.browserstack.com/builds/jackfsvpxkde7k3bojgizix9f8gj3nlixgcjzyup to view build report, insights, and many more debugging information all at one place!
10:44:53.464 [Thread-0] INFO  c.b.config.BrowserStackConfig - INFO
10:44:53.466 [Thread-0] INFO  c.browserstack.utils.UtilityMethods - View build on BrowserStack dashboard: https://app-automate.browserstack.com/dashboard/v2/builds/2e590b348d46f5ac56635ad920f19b55082211b2
10:44:53.467 [Thread-0] INFO  c.b.config.BrowserStackConfig - INFO
10:44:53.469 [Thread-0] INFO  c.browserstack.BrowserStackJavaAgent - SDK run ended for id: a8fce60d-c93b-4c8b-91ac-830a405eb6c0, testhub id: jackfsvpxkde7k3bojgizix9f8gj3nlixgcjzyup
10:44:53.469 [Thread-0] INFO  c.b.config.BrowserStackConfig - INFO
10:54:34.591 [main] DEBUG c.browserstack.BrowserStackJavaAgent - Extracted CLI argument from system : null
10:54:34.606 [main] INFO  c.browserstack.BrowserStackJavaAgent - Selenium version detected - 4.34.0
10:54:34.606 [main] INFO  c.browserstack.BrowserStackJavaAgent - Appium version detected - 9.5.0
10:54:34.688 [main] DEBUG c.b.config.BrowserStackConfig - Cli Config passed - {}
10:54:34.692 [main] INFO  c.b.config.BrowserStackConfig - Detected Framework testng
10:54:35.143 [main] INFO  c.browserstack.BrowserStackJavaAgent - Using app: [-bs://10b3879a9bcc83cce31ac6dcd114a9d335e8b688]
10:54:35.143 [main] INFO  c.browserstack.BrowserStackJavaAgent - Framework set to testng
10:54:35.145 [main] INFO  c.browserstack.BrowserStackJavaAgent - SDK run started with id: b26f3799-e5ab-4ea9-9360-dab899814f16
10:54:35.145 [main] INFO  c.b.config.BrowserStackConfig - INFO
10:54:35.156 [main] DEBUG com.browserstack.v2.SdkCliUtils - File /Users/sanjeevareddysj/.browserstack already exist
10:54:35.160 [main] DEBUG com.browserstack.v2.SdkCliUtils - Current CLI Path Found: /Users/sanjeevareddysj/.browserstack/cli/binary-macos-arm64
10:54:36.596 [main] DEBUG com.browserstack.v2.SdkCliUtils - Resolved binary path: /Users/sanjeevareddysj/.browserstack/cli/binary-macos-arm64
10:54:36.597 [main] DEBUG com.browserstack.v2.SdkCLI - startMain: main-process starting
10:54:36.597 [main] INFO  com.browserstack.v2.SdkCLI - spawning command='/Users/sanjeevareddysj/.browserstack/cli/binary-macos-arm64' 'sdk' 'tcp'
10:54:36.860 [ForkJoinPool.commonPool-worker-1] INFO  com.browserstack.v2.SdkCLI - loadCLIParams: start binSessionId=942460b5-e53b-4d73-afae-3049c89b4210 listenAddress=127.0.0.1:5400
10:54:36.860 [main] DEBUG com.browserstack.v2.SdkCLI - startMain: main-process started
10:54:36.860 [main] DEBUG com.browserstack.v2.SdkCLI - startMain: main-process connecting {id=942460b5-e53b-4d73-afae-3049c89b4210, port=5400, listen=127.0.0.1:5400}
10:54:36.870 [main] DEBUG com.browserstack.v2.SdkCliUtils - File /Users/sanjeevareddysj/.browserstack already exist
10:54:48.072 [main] DEBUG com.browserstack.v2.SdkCLI - start-bin-session=bin_session_id: "942460b5-e53b-4d73-afae-3049c89b4210"
config: "{\"userName\":\"sanjeev_efWR7h\",\"accessKey\":\"BrUyx5M5aC3uabP5s3sQ\",\"framework\":\"testng\",\"app\":\"bs://10b3879a9bcc83cce31ac6dcd114a9d335e8b688\",\"platforms\":[{\"platformName\":\"android\",\"deviceName\":\"Samsung Galaxy S22 Ultra\",\"platformVersion\":\"12.0\"}],\"browserstackLocal\":true,\"buildName\":\"browserstack-local-build-1\",\"projectName\":\"BrowserStack Sanju\",\"testObservability\":true,\"accessibility\":false,\"browserstackAutomation\":true,\"selfHeal\":false,\"disableAutoCaptureLogs\":false,\"testhub\":true,\"testContextOptions\":{\"skipSessionStatus\":false,\"skipSessionName\":false},\"logDir\":\"/Users/sanjeevareddysj/IdeaProjects/LearAumatingApp/LearAumatingApp/log\",\"buildIdentifier\":\"#9\",\"browserStackLocalOptions\":{\"localIdentifier\":\"Sep_29_1054_Sanjeeva-Reddy-2.local_3y61\",\"key\":\"BrUyx5M5aC3uabP5s3sQ\",\"skipBinaryInitialisation\":false},\"testOrchestrationOptions\":{\"retryTestsOnFailure\":{},\"abortBuildOnFailure\":{}},\"apis\":{\"automate\":{\"hub\":\"https://hub.browserstack.com\",\"cdp\":\"https://cdp.browserstack.com\",\"api\":\"https://api.browserstack.com\",\"upload\":\"https://api-cloud.browserstack.com\"},\"appAutomate\":{\"hub\":\"https://hub.browserstack.com\",\"api\":\"https://api.browserstack.com\",\"upload\":\"https://api-cloud.browserstack.com\"},\"percy\":{\"api\":\"https://api.browserstack.com\"},\"turboScale\":{\"api\":\"https://grid.browserstack.com\"},\"accessibility\":{\"api\":\"https://accessibility.browserstack.com\"},\"appAccessibility\":{\"api\":\"https://app-accessibility.browserstack.com\"},\"observability\":{\"api\":\"https://collector-observability.browserstack.com\",\"upload\":\"https://upload-observability.browserstack.com\"},\"configServer\":{\"api\":\"https://sdk.browserstack.com\"},\"edsInstrumentation\":{\"api\":\"https://eds.browserstack.com\"},\"tcg\":{\"api\":\"https://tcg.browserstack.com\"}},\"hubUrl\":\"https://hub.browserstack.com/wd/hub\",\"proxySettings\":{}}"
testhub {
  jwt: "eyJhbGciOiJSUzI1NiJ9.eyJleHAiOiIxNzU5MTM0Mjc3IiwiaXNzIjoid3d3LmJyb3dzZXJzdGFjay5jb20iLCJzdWIiOjYxNTkwNDMsInNjb3BlIjp7InByb2R1Y3QiOiJzZGsiLCJ1c2VyX2FjY2VzcyI6eyJ0ZXN0X29ic2VydmFiaWxpdHkiOjEsImF1dG9tYXRlIjoxLCJhcHBfYXV0b21hdGUiOjEsInBlcmN5IjoxLCJhcHBfcGVyY3kiOjEsImFjY2Vzc2liaWxpdHlfdGVzdGluZyI6MCwiYXBwX2FjY2Vzc2liaWxpdHlfdGVzdGluZyI6MSwiYXV0b21hdGVfdHVyYm9zY2FsZSI6MSwibG93X2NvZGVfYXV0b21hdGlvbiI6MX0sImlhYW1fcm9sZSI6Im93bmVyIn0sImdyb3VwX2lkIjo2MDc3MTc3LCJ0ZWFtX2lkIjpudWxsLCJ1ZGFjX2FjY2VzcyI6Imdsb2JhbCJ9.jx14tB_HHgNtb3Wpz4TMKplhj5_gNaKD9vN6mYdLrBYIkl9CEvEw-9I-6rEPwXXYyvvCbVlJSE9NI_ISApuRXyGKn8R5TsX9FjKFw3IJOth7wm7rF8XahSOSsoP1gpHMMbHq7cEMeXjjCqm_SJWUJJdJSFPFA0eBhsWTblAQAklCXhUBcIZVbtJr_Q2QAVDmCQt_VS6LcPvK7yY6_WQHDlVJGm0NEY7MbXYZDHEp9v5vGaWoGuE0HWEdbNzY3V_COKdjzEo_oRih6o9Ga47Hn3KgaNQNBhPC1QKSOV7lB-JvtJhmxvfKOPtRgHK751LST2kCzvgjSbuVkfK40M2laQ"
  build_hashed_id: "oresud38ajeoc9b6buyhyu6qb5rjj9sw0akkisoq"
  testhub_events: true
}
observability {
  success: true
}
percy {
  5: "app"
}
session_framework: ""
8: "selenium"

10:54:48.088 [main] DEBUG com.browserstack.v2.SdkCLI - startChild: child-process connecting
10:54:48.400 [main] DEBUG com.browserstack.v2.SdkCLI - connect-bin-session=bin_session_id: "942460b5-e53b-4d73-afae-3049c89b4210"
config: "{\"userName\":\"sanjeev_efWR7h\",\"accessKey\":\"BrUyx5M5aC3uabP5s3sQ\",\"framework\":\"testng\",\"app\":\"bs://10b3879a9bcc83cce31ac6dcd114a9d335e8b688\",\"platforms\":[{\"platformName\":\"android\",\"deviceName\":\"Samsung Galaxy S22 Ultra\",\"platformVersion\":\"12.0\"}],\"browserstackLocal\":true,\"buildName\":\"browserstack-local-build-1\",\"projectName\":\"BrowserStack Sanju\",\"testObservability\":true,\"accessibility\":false,\"browserstackAutomation\":true,\"selfHeal\":false,\"disableAutoCaptureLogs\":false,\"testhub\":true,\"testContextOptions\":{\"skipSessionStatus\":false,\"skipSessionName\":false},\"logDir\":\"/Users/sanjeevareddysj/IdeaProjects/LearAumatingApp/LearAumatingApp/log\",\"buildIdentifier\":\"#9\",\"browserStackLocalOptions\":{\"localIdentifier\":\"Sep_29_1054_Sanjeeva-Reddy-2.local_3y61\",\"key\":\"BrUyx5M5aC3uabP5s3sQ\",\"skipBinaryInitialisation\":false},\"testOrchestrationOptions\":{\"retryTestsOnFailure\":{},\"abortBuildOnFailure\":{}},\"apis\":{\"automate\":{\"hub\":\"https://hub.browserstack.com\",\"cdp\":\"https://cdp.browserstack.com\",\"api\":\"https://api.browserstack.com\",\"upload\":\"https://api-cloud.browserstack.com\"},\"appAutomate\":{\"hub\":\"https://hub.browserstack.com\",\"api\":\"https://api.browserstack.com\",\"upload\":\"https://api-cloud.browserstack.com\"},\"percy\":{\"api\":\"https://api.browserstack.com\"},\"turboScale\":{\"api\":\"https://grid.browserstack.com\"},\"accessibility\":{\"api\":\"https://accessibility.browserstack.com\"},\"appAccessibility\":{\"api\":\"https://app-accessibility.browserstack.com\"},\"observability\":{\"api\":\"https://collector-observability.browserstack.com\",\"upload\":\"https://upload-observability.browserstack.com\"},\"configServer\":{\"api\":\"https://sdk.browserstack.com\"},\"edsInstrumentation\":{\"api\":\"https://eds.browserstack.com\"},\"tcg\":{\"api\":\"https://tcg.browserstack.com\"}},\"hubUrl\":\"https://hub-aps.browserstack.com/wd/hub\",\"proxySettings\":{}}"
testhub {
  jwt: "eyJhbGciOiJSUzI1NiJ9.eyJleHAiOiIxNzU5MTM0Mjc3IiwiaXNzIjoid3d3LmJyb3dzZXJzdGFjay5jb20iLCJzdWIiOjYxNTkwNDMsInNjb3BlIjp7InByb2R1Y3QiOiJzZGsiLCJ1c2VyX2FjY2VzcyI6eyJ0ZXN0X29ic2VydmFiaWxpdHkiOjEsImF1dG9tYXRlIjoxLCJhcHBfYXV0b21hdGUiOjEsInBlcmN5IjoxLCJhcHBfcGVyY3kiOjEsImFjY2Vzc2liaWxpdHlfdGVzdGluZyI6MCwiYXBwX2FjY2Vzc2liaWxpdHlfdGVzdGluZyI6MSwiYXV0b21hdGVfdHVyYm9zY2FsZSI6MSwibG93X2NvZGVfYXV0b21hdGlvbiI6MX0sImlhYW1fcm9sZSI6Im93bmVyIn0sImdyb3VwX2lkIjo2MDc3MTc3LCJ0ZWFtX2lkIjpudWxsLCJ1ZGFjX2FjY2VzcyI6Imdsb2JhbCJ9.jx14tB_HHgNtb3Wpz4TMKplhj5_gNaKD9vN6mYdLrBYIkl9CEvEw-9I-6rEPwXXYyvvCbVlJSE9NI_ISApuRXyGKn8R5TsX9FjKFw3IJOth7wm7rF8XahSOSsoP1gpHMMbHq7cEMeXjjCqm_SJWUJJdJSFPFA0eBhsWTblAQAklCXhUBcIZVbtJr_Q2QAVDmCQt_VS6LcPvK7yY6_WQHDlVJGm0NEY7MbXYZDHEp9v5vGaWoGuE0HWEdbNzY3V_COKdjzEo_oRih6o9Ga47Hn3KgaNQNBhPC1QKSOV7lB-JvtJhmxvfKOPtRgHK751LST2kCzvgjSbuVkfK40M2laQ"
  build_hashed_id: "oresud38ajeoc9b6buyhyu6qb5rjj9sw0akkisoq"
  testhub_events: true
}
observability {
  success: true
}
percy {
  5: "app"
}
session_framework: "selenium"
test_orchestration {
  retry_tests_on_failure {
  }
  abort_build_on_failure {
  }
}

10:54:48.402 [main] INFO  com.browserstack.v2.SdkCLI - loadBinResponse: Loading modules as per LoadBinResponse=bin_session_id: "942460b5-e53b-4d73-afae-3049c89b4210"
config: "{\"userName\":\"sanjeev_efWR7h\",\"accessKey\":\"BrUyx5M5aC3uabP5s3sQ\",\"framework\":\"testng\",\"app\":\"bs://10b3879a9bcc83cce31ac6dcd114a9d335e8b688\",\"platforms\":[{\"platformName\":\"android\",\"deviceName\":\"Samsung Galaxy S22 Ultra\",\"platformVersion\":\"12.0\"}],\"browserstackLocal\":true,\"buildName\":\"browserstack-local-build-1\",\"projectName\":\"BrowserStack Sanju\",\"testObservability\":true,\"accessibility\":false,\"browserstackAutomation\":true,\"selfHeal\":false,\"disableAutoCaptureLogs\":false,\"testhub\":true,\"testContextOptions\":{\"skipSessionStatus\":false,\"skipSessionName\":false},\"logDir\":\"/Users/sanjeevareddysj/IdeaProjects/LearAumatingApp/LearAumatingApp/log\",\"buildIdentifier\":\"#9\",\"browserStackLocalOptions\":{\"localIdentifier\":\"Sep_29_1054_Sanjeeva-Reddy-2.local_3y61\",\"key\":\"BrUyx5M5aC3uabP5s3sQ\",\"skipBinaryInitialisation\":false},\"testOrchestrationOptions\":{\"retryTestsOnFailure\":{},\"abortBuildOnFailure\":{}},\"apis\":{\"automate\":{\"hub\":\"https://hub.browserstack.com\",\"cdp\":\"https://cdp.browserstack.com\",\"api\":\"https://api.browserstack.com\",\"upload\":\"https://api-cloud.browserstack.com\"},\"appAutomate\":{\"hub\":\"https://hub.browserstack.com\",\"api\":\"https://api.browserstack.com\",\"upload\":\"https://api-cloud.browserstack.com\"},\"percy\":{\"api\":\"https://api.browserstack.com\"},\"turboScale\":{\"api\":\"https://grid.browserstack.com\"},\"accessibility\":{\"api\":\"https://accessibility.browserstack.com\"},\"appAccessibility\":{\"api\":\"https://app-accessibility.browserstack.com\"},\"observability\":{\"api\":\"https://collector-observability.browserstack.com\",\"upload\":\"https://upload-observability.browserstack.com\"},\"configServer\":{\"api\":\"https://sdk.browserstack.com\"},\"edsInstrumentation\":{\"api\":\"https://eds.browserstack.com\"},\"tcg\":{\"api\":\"https://tcg.browserstack.com\"}},\"hubUrl\":\"https://hub-aps.browserstack.com/wd/hub\",\"proxySettings\":{}}"
testhub {
  jwt: "eyJhbGciOiJSUzI1NiJ9.eyJleHAiOiIxNzU5MTM0Mjc3IiwiaXNzIjoid3d3LmJyb3dzZXJzdGFjay5jb20iLCJzdWIiOjYxNTkwNDMsInNjb3BlIjp7InByb2R1Y3QiOiJzZGsiLCJ1c2VyX2FjY2VzcyI6eyJ0ZXN0X29ic2VydmFiaWxpdHkiOjEsImF1dG9tYXRlIjoxLCJhcHBfYXV0b21hdGUiOjEsInBlcmN5IjoxLCJhcHBfcGVyY3kiOjEsImFjY2Vzc2liaWxpdHlfdGVzdGluZyI6MCwiYXBwX2FjY2Vzc2liaWxpdHlfdGVzdGluZyI6MSwiYXV0b21hdGVfdHVyYm9zY2FsZSI6MSwibG93X2NvZGVfYXV0b21hdGlvbiI6MX0sImlhYW1fcm9sZSI6Im93bmVyIn0sImdyb3VwX2lkIjo2MDc3MTc3LCJ0ZWFtX2lkIjpudWxsLCJ1ZGFjX2FjY2VzcyI6Imdsb2JhbCJ9.jx14tB_HHgNtb3Wpz4TMKplhj5_gNaKD9vN6mYdLrBYIkl9CEvEw-9I-6rEPwXXYyvvCbVlJSE9NI_ISApuRXyGKn8R5TsX9FjKFw3IJOth7wm7rF8XahSOSsoP1gpHMMbHq7cEMeXjjCqm_SJWUJJdJSFPFA0eBhsWTblAQAklCXhUBcIZVbtJr_Q2QAVDmCQt_VS6LcPvK7yY6_WQHDlVJGm0NEY7MbXYZDHEp9v5vGaWoGuE0HWEdbNzY3V_COKdjzEo_oRih6o9Ga47Hn3KgaNQNBhPC1QKSOV7lB-JvtJhmxvfKOPtRgHK751LST2kCzvgjSbuVkfK40M2laQ"
  build_hashed_id: "oresud38ajeoc9b6buyhyu6qb5rjj9sw0akkisoq"
  testhub_events: true
}
observability {
  success: true
}
percy {
  5: "app"
}
session_framework: "selenium"
test_orchestration {
  retry_tests_on_failure {
  }
  abort_build_on_failure {
  }
}

10:54:48.412 [main] DEBUG com.browserstack.v2.SdkCLI - loadBinResponse: configured module=WebdriverModule & 942460b5-e53b-4d73-afae-3049c89b4210
10:54:48.412 [main] DEBUG com.browserstack.v2.SdkCLI - loadBinResponse: configured module=ObservabilityModule & 942460b5-e53b-4d73-afae-3049c89b4210
10:54:48.412 [main] DEBUG com.browserstack.v2.SdkCLI - loadBinResponse: configured module=TestHubModule & 942460b5-e53b-4d73-afae-3049c89b4210
10:54:48.464 [main] INFO  com.browserstack.v2.SdkCLI - startChild: child-process connected
10:54:48.470 [main] INFO  com.browserstack.v2.SdkCLI - startMain: main-process connected
10:54:51.110 [main] INFO  c.browserstack.BrowserStackJavaAgent - Project and debug logs are captured by default. To disable, set disableAutoCaptureLogs: true in config.
10:54:51.121 [main] INFO  com.browserstack.testOps.Listener - onStart: CLI is active
10:54:51.347 [main] DEBUG com.browserstack.v2.SdkCLI - Setting up testng framework
10:54:51.348 [main] DEBUG com.browserstack.v2.SdkCLI - Setting up selenium framework
10:54:51.962 [Test worker] INFO  com.browserstack.testOps.Listener - logCreated: CLI is active
10:54:51.964 [Test worker] INFO  com.browserstack.testOps.Listener - logCreated: CLI is active
10:54:51.965 [Test worker] INFO  com.browserstack.testOps.Listener - logCreated: CLI is active
10:54:51.965 [Test worker] INFO  com.browserstack.testOps.Listener - logCreated: CLI is active
10:54:51.965 [Test worker] INFO  com.browserstack.testOps.Listener - logCreated: CLI is active
10:54:51.965 [Test worker] INFO  com.browserstack.testOps.Listener - logCreated: CLI is active
10:54:51.965 [Test worker] INFO  com.browserstack.testOps.Listener - logCreated: CLI is active
10:54:51.965 [Test worker] INFO  com.browserstack.testOps.Listener - logCreated: CLI is active
10:54:51.966 [Test worker] INFO  com.browserstack.testOps.Listener - logCreated: CLI is active
10:54:51.972 [Test worker] INFO  com.browserstack.testOps.Listener - logCreated: CLI is active
10:54:51.972 [Test worker] INFO  com.browserstack.testOps.Listener - logCreated: CLI is active
10:54:51.973 [Test worker] INFO  com.browserstack.testOps.Listener - logCreated: CLI is active
10:54:51.973 [Test worker] INFO  com.browserstack.testOps.Listener - logCreated: CLI is active
10:54:51.974 [Test worker] INFO  com.browserstack.testOps.Listener - logCreated: CLI is active
10:54:51.974 [Test worker] INFO  com.browserstack.testOps.Listener - logCreated: CLI is active
10:54:51.975 [Test worker] INFO  com.browserstack.testOps.Listener - logCreated: CLI is active
10:54:51.975 [Test worker] INFO  com.browserstack.testOps.Listener - logCreated: CLI is active
10:54:51.975 [Test worker] INFO  com.browserstack.testOps.Listener - logCreated: CLI is active
10:54:51.975 [Test worker] INFO  com.browserstack.testOps.Listener - logCreated: CLI is active
10:54:51.975 [Test worker] INFO  com.browserstack.testOps.Listener - logCreated: CLI is active
10:54:51.975 [Test worker] INFO  com.browserstack.testOps.Listener - logCreated: CLI is active
10:54:51.976 [Test worker] INFO  com.browserstack.testOps.Listener - logCreated: CLI is active
10:54:51.976 [Test worker] INFO  com.browserstack.testOps.Listener - logCreated: CLI is active
10:54:51.976 [Test worker] INFO  com.browserstack.testOps.Listener - logCreated: CLI is active
10:54:51.976 [Test worker] INFO  com.browserstack.testOps.Listener - logCreated: CLI is active
10:54:51.978 [Test worker] INFO  com.browserstack.testOps.Listener - logCreated: CLI is active
10:54:51.978 [Test worker] INFO  com.browserstack.testOps.Listener - logCreated: CLI is active
10:54:51.978 [Test worker] INFO  com.browserstack.testOps.Listener - logCreated: CLI is active
10:54:51.978 [Test worker] INFO  com.browserstack.testOps.Listener - logCreated: CLI is active
10:54:51.978 [Test worker] INFO  com.browserstack.testOps.Listener - logCreated: CLI is active
10:54:51.979 [Test worker] INFO  com.browserstack.testOps.Listener - logCreated: CLI is active
10:54:51.979 [Test worker] INFO  com.browserstack.testOps.Listener - logCreated: CLI is active
10:54:51.979 [Test worker] INFO  com.browserstack.testOps.Listener - logCreated: CLI is active
10:54:51.980 [Test worker] INFO  com.browserstack.testOps.Listener - logCreated: CLI is active
10:54:51.980 [Test worker] INFO  com.browserstack.testOps.Listener - logCreated: CLI is active
10:54:51.980 [Test worker] INFO  com.browserstack.testOps.Listener - logCreated: CLI is active
10:54:51.980 [Test worker] INFO  com.browserstack.testOps.Listener - logCreated: CLI is active
10:54:51.981 [Test worker] INFO  com.browserstack.testOps.Listener - logCreated: CLI is active
10:54:51.981 [Test worker] INFO  com.browserstack.testOps.Listener - logCreated: CLI is active
10:54:51.981 [Test worker] INFO  com.browserstack.testOps.Listener - logCreated: CLI is active
10:54:51.981 [Test worker] INFO  com.browserstack.testOps.Listener - logCreated: CLI is active
10:54:51.993 [Test worker] INFO  com.browserstack.testOps.Listener - logCreated: CLI is active
10:54:51.998 [TestNG-tests-1] INFO  c.b.v2.framework.TestNgFramework - trackTestNgTest: saved instance contextId=1741108805 target=/Users/sanjeevareddysj/IdeaProjects/LearAumatingApp/LearAumatingApp-0@0 instances=[1741108805]
10:54:51.998 [TestNG-tests-1] INFO  c.b.v2.framework.TestNgFramework - trackEvent: found instance, testFrameworkState=TestFrameworkState.INIT_TEST hookState=HookState.PRE instance=1741108805
10:54:51.998 [TestNG-tests-1] INFO  c.b.v2.framework.TestNgFramework - trackEvent: loaded instance, testFrameworkState=TestFrameworkState.INIT_TEST hookState=HookState.PRE instance=1741108805
10:54:52.000 [/Users/sanjeevareddysj/IdeaProjects/LearAumatingApp/LearAumatingApp-0@0] INFO  com.browserstack.testOps.Listener - logCreated: CLI is active
10:54:52.019 [/Users/sanjeevareddysj/IdeaProjects/LearAumatingApp/LearAumatingApp-0@0] INFO  c.b.v2.framework.TestNgFramework - trackEvent: found instance, testFrameworkState=TestFrameworkState.BEFORE_CLASS hookState=HookState.PRE instance=1741108805
10:54:52.020 [/Users/sanjeevareddysj/IdeaProjects/LearAumatingApp/LearAumatingApp-0@0] INFO  c.b.v2.framework.TestNgFramework - trackEvent: loaded common test data, testFrameworkState=TestFrameworkState.BEFORE_CLASS hookState=HookState.PRE instance=1741108805
10:54:52.020 [/Users/sanjeevareddysj/IdeaProjects/LearAumatingApp/LearAumatingApp-0@0] INFO  c.b.v2.framework.TestNgFramework - trackEvent: track hook events
10:54:52.164 [/Users/sanjeevareddysj/IdeaProjects/LearAumatingApp/LearAumatingApp-0@0] INFO  c.b.v2.framework.TestNgFramework - args CHECK = [TestResult name=preRequisit status=STARTED method=GojekWelcomeScreenVerificationTest.preRequisit()[pri:0, instance:gojek.android.gojek.GojekWelcomeScreenVerificationTest@2721044] output={null}]
10:54:52.169 [/Users/sanjeevareddysj/IdeaProjects/LearAumatingApp/LearAumatingApp-0@0] INFO  c.b.v2.framework.TestNgFramework - Hook Started in PRE key = BEFORE_CLASS & hook = {hook_name=preRequisit, hook_result=pending, test_file_path=LearAumatingApp/src/test/java/gojek/android/gojek/GojekWelcomeScreenVerificationTest.java, event_started_at=2025-09-29T10:54:52.168444, hook_id=64fb5f7b-508d-4ef9-aaed-b4ea338e246f, hook_logs=[], key=BEFORE_CLASS, custom_metadata={}, test_location=LearAumatingApp/src/test/java/gojek/android/gojek/GojekWelcomeScreenVerificationTest.java}  and args = [[TestResult name=preRequisit status=STARTED method=GojekWelcomeScreenVerificationTest.preRequisit()[pri:0, instance:gojek.android.gojek.GojekWelcomeScreenVerificationTest@2721044] output={null}], GojekWelcomeScreenVerificationTest.preRequisit()[pri:0, instance:gojek.android.gojek.GojekWelcomeScreenVerificationTest@2721044]]
10:54:52.169 [/Users/sanjeevareddysj/IdeaProjects/LearAumatingApp/LearAumatingApp-0@0] INFO  c.b.v2.framework.TestNgFramework - trackHookEvents: hook state=BEFORE_CLASS.HookState.PRE , hooks started={BEFORE_CLASS=[{hook_name=preRequisit, hook_result=pending, test_file_path=LearAumatingApp/src/test/java/gojek/android/gojek/GojekWelcomeScreenVerificationTest.java, event_started_at=2025-09-29T10:54:52.168444, hook_id=64fb5f7b-508d-4ef9-aaed-b4ea338e246f, hook_logs=[], key=BEFORE_CLASS, custom_metadata={}, test_location=LearAumatingApp/src/test/java/gojek/android/gojek/GojekWelcomeScreenVerificationTest.java}]} , hooks finished={BEFORE_CLASS=[]}
10:54:52.219 [/Users/sanjeevareddysj/IdeaProjects/LearAumatingApp/LearAumatingApp-0@0] INFO  c.b.v2.module.TestHubModule - sendTestFrameworkEvent: event=com.browserstack.v2.eventBus.Event@3644936c, response=success: true

10:54:52.325 [preRequisit@0] INFO  c.b.v2.framework.TestNgFramework - trackEvent: found instance, testFrameworkState=TestFrameworkState.LOG hookState=HookState.PRE instance=1741108805
10:54:52.325 [preRequisit@0] INFO  c.b.v2.framework.TestNgFramework - trackEvent: load log entries
10:54:52.345 [preRequisit@0] INFO  c.b.v2.module.TestHubModule - sendLogCreatedEvent: event=com.browserstack.v2.eventBus.Event@276e9214, response=success: true

10:54:52.345 [preRequisit@0] INFO  c.b.v2.module.TestHubModule - sendLogCreatedEvent: event=com.browserstack.v2.eventBus.Event@276e9214
10:54:52.350 [preRequisit@0] INFO  c.b.v2.framework.TestNgFramework - trackEvent: found instance, testFrameworkState=TestFrameworkState.LOG hookState=HookState.PRE instance=1741108805
10:54:52.350 [preRequisit@0] INFO  c.b.v2.framework.TestNgFramework - trackEvent: load log entries
10:54:52.355 [preRequisit@0] INFO  c.b.v2.module.TestHubModule - sendLogCreatedEvent: event=com.browserstack.v2.eventBus.Event@509fe118, response=success: true

10:54:52.355 [preRequisit@0] INFO  c.b.v2.module.TestHubModule - sendLogCreatedEvent: event=com.browserstack.v2.eventBus.Event@509fe118
10:54:52.362 [preRequisit@0] INFO  c.b.v2.framework.TestNgFramework - trackEvent: found instance, testFrameworkState=TestFrameworkState.LOG hookState=HookState.PRE instance=1741108805
10:54:52.362 [preRequisit@0] INFO  c.b.v2.framework.TestNgFramework - trackEvent: load log entries
10:54:52.369 [preRequisit@0] INFO  c.b.v2.module.TestHubModule - sendLogCreatedEvent: event=com.browserstack.v2.eventBus.Event@18f0f0d9, response=success: true

10:54:52.370 [preRequisit@0] INFO  c.b.v2.module.TestHubModule - sendLogCreatedEvent: event=com.browserstack.v2.eventBus.Event@18f0f0d9
10:54:52.459 [preRequisit@0] INFO  c.b.v2.framework.SeleniumFramework - trackSeleniumTest: saved instance contextId=-2131325608 target=6269:41 instances=[-2131325608]
10:54:52.460 [preRequisit@0] INFO  c.b.v2.module.WebdriverModule - onBeforeDriverCreate: event=com.browserstack.v2.eventBus.Event@7c718da0
10:54:52.465 [preRequisit@0] INFO  c.b.v2.module.WebdriverModule - onBeforeDriverCreate: event=com.browserstack.v2.eventBus.Event@7c718da0
10:54:52.506 [preRequisit@0] INFO  c.b.v2.module.WebdriverModule - beforeCommandExecute: event=com.browserstack.v2.eventBus.Event@46207b85
10:54:52.506 [preRequisit@0] INFO  c.b.v2.module.WebdriverModule - beforeCommandExecute: event=com.browserstack.v2.eventBus.Event@46207b85
10:55:26.035 [preRequisit@0] INFO  c.b.v2.module.WebdriverModule - afterCommandExecute: event=com.browserstack.v2.eventBus.Event@2270dc3b
10:55:26.035 [preRequisit@0] INFO  c.b.v2.module.WebdriverModule - afterCommandExecute: event=com.browserstack.v2.eventBus.Event@2270dc3b
10:55:26.036 [preRequisit@0] INFO  c.b.v2.module.ObservabilityModule - THREAD ID Inside Process= 41
10:55:26.036 [preRequisit@0] INFO  c.b.v2.module.ObservabilityModule - Processing TestLevel attachments from directory: /Users/sanjeevareddysj/.browserstack/UploadedAttachments-41/TestLevel
10:55:26.036 [preRequisit@0] INFO  c.b.v2.module.ObservabilityModule - Processing BuildLevel attachments from directory: /Users/sanjeevareddysj/.browserstack/UploadedAttachments-41/BuildLevel
10:55:26.036 [preRequisit@0] INFO  c.b.v2.module.ObservabilityModule - Processing attachments eventLogs: []
10:55:26.037 [preRequisit@0] INFO  c.b.v2.module.ObservabilityModule - sendLogCreatedEvent: No Log Events to send
10:55:26.055 [preRequisit@0] INFO  c.b.v2.framework.SeleniumFramework - trackSeleniumTest: saved instance contextId=-2131325608 target=6269:41 instances=[-2131325608]
10:55:26.056 [preRequisit@0] INFO  c.b.v2.module.WebdriverModule - onDriverCreated: event=com.browserstack.v2.eventBus.Event@48f48cd8
10:55:26.058 [preRequisit@0] INFO  c.b.v2.module.WebdriverModule - Found session id=4eb8b27f585f42ff94ba323723a3a3aa8f45d9ae for instance=com.browserstack.v2.instance.AutomationFrameworkInstance@5927b744
10:55:26.064 [preRequisit@0] INFO  c.b.v2.module.WebdriverModule - Driver added successfully to automationFramework
10:55:26.071 [preRequisit@0] ERROR c.b.v2.module.WebdriverModule - Error AutomationFrameworkStart to start driver with error java.lang.ClassCastException: class java.lang.Object cannot be cast to class browserstack.sdk.v1.Sdk$AutomationFrameworkStartResponse (java.lang.Object is in module java.base of loader 'bootstrap'; browserstack.sdk.v1.Sdk$AutomationFrameworkStartResponse is in unnamed module of loader 'app')
	at com.browserstack.v2.module.WebdriverModule.startDriver(Unknown Source)
	at com.browserstack.v2.module.WebdriverModule.onDriverCreated(Unknown Source)
	at com.browserstack.v2.eventBus.EventDispatcher.notifyModuleObservers(Unknown Source)
	at com.browserstack.v2.framework.AutomationFramework.runHooks(Unknown Source)
	at com.browserstack.v2.framework.SeleniumFramework.trackEvent(Unknown Source)
	at com.browserstack.selenium.SeleniumHandler.persistDriverInstance(Unknown Source)
	at com.browserstack.selenium.SeleniumHandler.afterDriverInit(Unknown Source)
	at org.openqa.selenium.remote.RemoteWebDriver.<init>(RemoteWebDriver.java:183)
	at io.appium.java_client.AppiumDriver.<init>(AppiumDriver.java:101)
	at io.appium.java_client.AppiumDriver.<init>(AppiumDriver.java:113)
	at io.appium.java_client.android.AndroidDriver.<init>(AndroidDriver.java:109)
	at coreDriver.Drivers.createBrowserStackDriver(Drivers.java:89)
	at coreDriver.Drivers.createDriver(Drivers.java:34)
	at coreDriver.Drivers.getDrivers(Drivers.java:28)
	at gojek.android.gojek.GojekWelcomeScreenVerificationTest.preRequisit(GojekWelcomeScreenVerificationTest.java:21)
	at java.base/jdk.internal.reflect.NativeMethodAccessorImpl.invoke0(Native Method)
	at java.base/jdk.internal.reflect.NativeMethodAccessorImpl.invoke(NativeMethodAccessorImpl.java:77)
	at java.base/jdk.internal.reflect.DelegatingMethodAccessorImpl.invoke(DelegatingMethodAccessorImpl.java:43)
	at java.base/java.lang.reflect.Method.invoke(Method.java:568)
	at org.testng.internal.invokers.MethodInvocationHelper.invokeMethod(MethodInvocationHelper.java:141)
	at org.testng.internal.invokers.MethodInvocationHelper.invokeMethodConsideringTimeout(MethodInvocationHelper.java:71)
	at org.testng.internal.invokers.ConfigInvoker.invokeConfigurationMethod(ConfigInvoker.java:400)
	at org.testng.internal.invokers.ConfigInvoker.invokeConfigurations(ConfigInvoker.java:333)
	at org.testng.internal.invokers.TestMethodWorker.invokeBeforeClassMethods(TestMethodWorker.java:188)
	at org.testng.internal.invokers.TestMethodWorker.run(TestMethodWorker.java:128)
	at java.base/java.util.ArrayList.forEach(ArrayList.java:1511)
	at org.testng.TestRunner.privateRun(TestRunner.java:741)
	at org.testng.TestRunner.run(TestRunner.java:616)
	at org.testng.SuiteRunner.runTest(SuiteRunner.java:421)
	at org.testng.SuiteRunner$SuiteWorker.run(SuiteRunner.java:463)
	at org.testng.internal.thread.ThreadUtil.lambda$execute$0(ThreadUtil.java:64)
	at java.base/java.util.concurrent.FutureTask.run(FutureTask.java:264)
	at java.base/java.util.concurrent.ThreadPoolExecutor.runWorker(ThreadPoolExecutor.java:1136)
	at java.base/java.util.concurrent.ThreadPoolExecutor$Worker.run(ThreadPoolExecutor.java:635)
	at java.base/java.lang.Thread.run(Thread.java:842)

10:55:26.073 [preRequisit@0] INFO  c.b.v2.module.WebdriverModule - onDriverCreated: event=com.browserstack.v2.eventBus.Event@48f48cd8
10:55:26.073 [preRequisit@0] INFO  c.b.v2.module.WebdriverModule - Found session id=4eb8b27f585f42ff94ba323723a3a3aa8f45d9ae for instance=com.browserstack.v2.instance.AutomationFrameworkInstance@5927b744
10:55:26.074 [preRequisit@0] INFO  c.b.v2.module.WebdriverModule - Driver added successfully to automationFramework
10:55:26.561 [preRequisit@0] INFO  c.b.v2.framework.TestNgFramework - trackEvent: found instance, testFrameworkState=TestFrameworkState.BEFORE_CLASS hookState=HookState.POST instance=1741108805
10:55:26.562 [preRequisit@0] INFO  c.b.v2.framework.TestNgFramework - trackEvent: loaded common test data, testFrameworkState=TestFrameworkState.BEFORE_CLASS hookState=HookState.POST instance=1741108805
10:55:26.562 [preRequisit@0] INFO  c.b.v2.framework.TestNgFramework - trackEvent: track hook events
10:55:26.620 [preRequisit@0] INFO  c.b.v2.framework.TestNgFramework - args CHECK = [TestResult name=preRequisit status=SUCCESS method=GojekWelcomeScreenVerificationTest.preRequisit()[pri:0, instance:gojek.android.gojek.GojekWelcomeScreenVerificationTest@2721044] output={null}]
10:55:26.620 [preRequisit@0] INFO  c.b.v2.framework.TestNgFramework - Hook List in Post [{hook_name=preRequisit, hook_result=pending, test_file_path=LearAumatingApp/src/test/java/gojek/android/gojek/GojekWelcomeScreenVerificationTest.java, event_started_at=2025-09-29T10:54:52.168444, hook_id=64fb5f7b-508d-4ef9-aaed-b4ea338e246f, hook_logs=[], key=BEFORE_CLASS, custom_metadata={}, test_location=LearAumatingApp/src/test/java/gojek/android/gojek/GojekWelcomeScreenVerificationTest.java}] and args = [[TestResult name=preRequisit status=SUCCESS method=GojekWelcomeScreenVerificationTest.preRequisit()[pri:0, instance:gojek.android.gojek.GojekWelcomeScreenVerificationTest@2721044] output={null}], GojekWelcomeScreenVerificationTest.preRequisit()[pri:0, instance:gojek.android.gojek.GojekWelcomeScreenVerificationTest@2721044]]
10:55:26.621 [preRequisit@0] INFO  c.b.v2.framework.TestNgFramework - Processing HookLevel attachments from directory: /Users/sanjeevareddysj/.browserstack/UploadedAttachments-41/HookLevel
10:55:26.621 [preRequisit@0] INFO  c.b.v2.framework.TestNgFramework - Checking hookLevelFiles: []
10:55:26.621 [preRequisit@0] INFO  c.b.v2.framework.TestNgFramework - checking Paths of files = /Users/sanjeevareddysj/.browserstack/UploadedAttachments-41/HookLevel/BuildLevelHookEvent and abs path = /Users/sanjeevareddysj/.browserstack/UploadedAttachments-41/HookLevel/BuildLevelHookEvent 
10:55:26.621 [preRequisit@0] INFO  c.b.v2.framework.TestNgFramework - Processing BuildLevelHookEvent attachments from directory: /Users/sanjeevareddysj/.browserstack/UploadedAttachments-41/HookLevel/BuildLevelHookEvent
10:55:26.621 [preRequisit@0] INFO  c.b.v2.framework.TestNgFramework - Processing TestLevel attachments eventLogs: []
10:55:26.621 [preRequisit@0] INFO  c.b.v2.framework.TestNgFramework - sendLogCreatedEvent: No Log Events to send
10:55:26.621 [preRequisit@0] INFO  c.b.v2.framework.TestNgFramework - trackHookEvents: hook state=BEFORE_CLASS.HookState.POST , hooks started={BEFORE_CLASS=[]} , hooks finished={BEFORE_CLASS=[{hook_name=preRequisit, hook_result=passed, test_file_path=LearAumatingApp/src/test/java/gojek/android/gojek/GojekWelcomeScreenVerificationTest.java, event_started_at=2025-09-29T10:54:52.168444, hook_id=64fb5f7b-508d-4ef9-aaed-b4ea338e246f, hook_logs=[], logs=[], key=BEFORE_CLASS, custom_metadata={}, event_ended_at=2025-09-29T10:55:26.620961, test_location=LearAumatingApp/src/test/java/gojek/android/gojek/GojekWelcomeScreenVerificationTest.java}]}
10:55:26.628 [preRequisit@0] INFO  c.b.v2.module.TestHubModule - sendTestFrameworkEvent: event=com.browserstack.v2.eventBus.Event@5399cda4, response=success: true

10:55:26.638 [preRequisit@0] INFO  c.b.v2.framework.TestNgFramework - trackEvent: found instance, testFrameworkState=TestFrameworkState.TEST hookState=HookState.PRE instance=1741108805
10:55:26.652 [preRequisit@0] INFO  c.b.v2.framework.TestNgFramework - trackEvent: loaded initial test data to instance, testFrameworkState=TestFrameworkState.TEST hookState=HookState.PRE instance=1741108805 instanceThreadId=41 testResult=/Users/sanjeevareddysj/IdeaProjects/LearAumatingApp/LearAumatingApp-0 testData={test_uuid=2f921b1f-714a-41e4-9447-05d59815d1ec, test_file_path=src/test/java/gojek/android/gojek/GojekWelcomeScreenVerificationTest.java, test_scope=All Test Suite.gojek.android.gojek.GojekWelcomeScreenVerificationTest, test_meta={}, test_scopes=[All Test Suite, gojek.android.gojek.GojekWelcomeScreenVerificationTest], test_code=public void gojek.android.gojek.GojekWelcomeScreenVerificationTest.changeAppLanguage(), test_session_name=gojek.android.gojek.GojekWelcomeScreenVerificationTest-changeAppLanguage, test_name=changeAppLanguage, test_tags=, custom_metadata={}, test_id=/Users/sanjeevareddysj/IdeaProjects/LearAumatingApp/LearAumatingApp-0@0, test_location=src/test/java/gojek/android/gojek/GojekWelcomeScreenVerificationTest.java}
10:55:26.652 [preRequisit@0] INFO  c.b.v2.module.WebdriverModule - onBeforeTest: event=com.browserstack.v2.eventBus.Event@7e98e5d7
10:55:26.652 [preRequisit@0] INFO  c.b.v2.module.WebdriverModule - onBeforeTest: event=com.browserstack.v2.eventBus.Event@7e98e5d7
10:55:26.652 [preRequisit@0] INFO  c.b.v2.module.TestHubModule - onBeforeTest: event={com.browserstack.v2.eventBus.Event@7e98e5d7}
10:55:26.688 [preRequisit@0] INFO  c.b.v2.module.TestHubModule - sendTestSessionEvent: event=com.browserstack.v2.eventBus.Event@7e98e5d7, response=success: true

10:55:26.697 [preRequisit@0] INFO  c.b.v2.module.TestHubModule - sendTestFrameworkEvent: event=com.browserstack.v2.eventBus.Event@7e98e5d7, response=success: true

10:55:26.699 [preRequisit@0] INFO  c.b.v2.module.ObservabilityModule - onBeforeTest: event={instance=com.browserstack.v2.instance.TestFrameworkInstance@69634a0a, testFrameworkState=TestFrameworkState.TEST, testInstance=com.browserstack.v2.instance.TestFrameworkInstance@69634a0a, autoInstance=[com.browserstack.v2.instance.AutomationFrameworkInstance@5927b744], hookState=HookState.PRE}
10:55:26.699 [preRequisit@0] INFO  c.b.v2.module.ObservabilityModule - performTestReportingSync: Performing TEST REPORTING AND ANALYTICS Sync
10:55:26.747 [changeAppLanguage@0] INFO  c.b.v2.module.WebdriverModule - beforeCommandExecute: event=com.browserstack.v2.eventBus.Event@1646c3b7
10:55:26.747 [changeAppLanguage@0] INFO  c.b.v2.module.WebdriverModule - beforeCommandExecute: event=com.browserstack.v2.eventBus.Event@1646c3b7
10:55:26.747 [changeAppLanguage@0] INFO  c.b.v2.module.WebdriverModule - beforeCommandExecute: event=com.browserstack.v2.eventBus.Event@4c7ea2ee
10:55:26.747 [changeAppLanguage@0] INFO  c.b.v2.module.WebdriverModule - beforeCommandExecute: event=com.browserstack.v2.eventBus.Event@4c7ea2ee
10:55:26.798 [changeAppLanguage@0] INFO  c.b.v2.module.WebdriverModule - afterCommandExecute: event=com.browserstack.v2.eventBus.Event@2a18d961
10:55:26.798 [changeAppLanguage@0] INFO  c.b.v2.module.WebdriverModule - afterCommandExecute: event=com.browserstack.v2.eventBus.Event@2a18d961
10:55:26.798 [changeAppLanguage@0] INFO  c.b.v2.module.ObservabilityModule - THREAD ID Inside Process= 41
10:55:26.798 [changeAppLanguage@0] INFO  c.b.v2.module.ObservabilityModule - Processing TestLevel attachments from directory: /Users/sanjeevareddysj/.browserstack/UploadedAttachments-41/TestLevel
10:55:26.798 [changeAppLanguage@0] INFO  c.b.v2.module.ObservabilityModule - Processing BuildLevel attachments from directory: /Users/sanjeevareddysj/.browserstack/UploadedAttachments-41/BuildLevel
10:55:26.798 [changeAppLanguage@0] INFO  c.b.v2.module.ObservabilityModule - Processing attachments eventLogs: []
10:55:26.798 [changeAppLanguage@0] INFO  c.b.v2.module.ObservabilityModule - sendLogCreatedEvent: No Log Events to send
10:55:26.800 [changeAppLanguage@0] INFO  c.b.v2.module.WebdriverModule - afterCommandExecute: event=com.browserstack.v2.eventBus.Event@15b86411
10:55:26.800 [changeAppLanguage@0] INFO  c.b.v2.module.WebdriverModule - afterCommandExecute: event=com.browserstack.v2.eventBus.Event@15b86411
10:55:26.800 [changeAppLanguage@0] INFO  c.b.v2.module.ObservabilityModule - THREAD ID Inside Process= 41
10:55:26.800 [changeAppLanguage@0] INFO  c.b.v2.module.ObservabilityModule - Processing TestLevel attachments from directory: /Users/sanjeevareddysj/.browserstack/UploadedAttachments-41/TestLevel
10:55:26.800 [changeAppLanguage@0] INFO  c.b.v2.module.ObservabilityModule - Processing BuildLevel attachments from directory: /Users/sanjeevareddysj/.browserstack/UploadedAttachments-41/BuildLevel
10:55:26.800 [changeAppLanguage@0] INFO  c.b.v2.module.ObservabilityModule - Processing attachments eventLogs: []
10:55:26.800 [changeAppLanguage@0] INFO  c.b.v2.module.ObservabilityModule - sendLogCreatedEvent: No Log Events to send
10:55:26.803 [changeAppLanguage@0] INFO  c.b.v2.module.WebdriverModule - beforeCommandExecute: event=com.browserstack.v2.eventBus.Event@5f2cf48e
10:55:26.803 [changeAppLanguage@0] INFO  c.b.v2.module.WebdriverModule - beforeCommandExecute: event=com.browserstack.v2.eventBus.Event@5f2cf48e
10:55:27.179 [changeAppLanguage@0] INFO  c.b.v2.module.WebdriverModule - afterCommandExecute: event=com.browserstack.v2.eventBus.Event@3e0d8425
10:55:27.179 [changeAppLanguage@0] INFO  c.b.v2.module.WebdriverModule - afterCommandExecute: event=com.browserstack.v2.eventBus.Event@3e0d8425
10:55:27.179 [changeAppLanguage@0] INFO  c.b.v2.module.ObservabilityModule - THREAD ID Inside Process= 41
10:55:27.180 [changeAppLanguage@0] INFO  c.b.v2.module.ObservabilityModule - Processing TestLevel attachments from directory: /Users/sanjeevareddysj/.browserstack/UploadedAttachments-41/TestLevel
10:55:27.180 [changeAppLanguage@0] INFO  c.b.v2.module.ObservabilityModule - Processing BuildLevel attachments from directory: /Users/sanjeevareddysj/.browserstack/UploadedAttachments-41/BuildLevel
10:55:27.180 [changeAppLanguage@0] INFO  c.b.v2.module.ObservabilityModule - Processing attachments eventLogs: []
10:55:27.180 [changeAppLanguage@0] INFO  c.b.v2.module.ObservabilityModule - sendLogCreatedEvent: No Log Events to send
10:55:27.697 [changeAppLanguage@0] INFO  c.b.v2.module.WebdriverModule - beforeCommandExecute: event=com.browserstack.v2.eventBus.Event@365513c5
10:55:27.698 [changeAppLanguage@0] INFO  c.b.v2.module.WebdriverModule - beforeCommandExecute: event=com.browserstack.v2.eventBus.Event@365513c5
10:55:28.952 [changeAppLanguage@0] INFO  c.b.v2.module.WebdriverModule - afterCommandExecute: event=com.browserstack.v2.eventBus.Event@38f46e7
10:55:28.952 [changeAppLanguage@0] INFO  c.b.v2.module.WebdriverModule - afterCommandExecute: event=com.browserstack.v2.eventBus.Event@38f46e7
10:55:28.952 [changeAppLanguage@0] INFO  c.b.v2.module.ObservabilityModule - THREAD ID Inside Process= 41
10:55:28.953 [changeAppLanguage@0] INFO  c.b.v2.module.ObservabilityModule - Processing TestLevel attachments from directory: /Users/sanjeevareddysj/.browserstack/UploadedAttachments-41/TestLevel
10:55:28.953 [changeAppLanguage@0] INFO  c.b.v2.module.ObservabilityModule - Processing BuildLevel attachments from directory: /Users/sanjeevareddysj/.browserstack/UploadedAttachments-41/BuildLevel
10:55:28.953 [changeAppLanguage@0] INFO  c.b.v2.module.ObservabilityModule - Processing attachments eventLogs: []
10:55:28.954 [changeAppLanguage@0] INFO  c.b.v2.module.ObservabilityModule - sendLogCreatedEvent: No Log Events to send
10:55:28.961 [changeAppLanguage@0] INFO  c.b.v2.module.WebdriverModule - beforeCommandExecute: event=com.browserstack.v2.eventBus.Event@7200eec5
10:55:28.961 [changeAppLanguage@0] INFO  c.b.v2.module.WebdriverModule - beforeCommandExecute: event=com.browserstack.v2.eventBus.Event@7200eec5
10:55:29.118 [changeAppLanguage@0] INFO  c.b.v2.module.WebdriverModule - afterCommandExecute: event=com.browserstack.v2.eventBus.Event@1ccb03e6
10:55:29.118 [changeAppLanguage@0] INFO  c.b.v2.module.WebdriverModule - afterCommandExecute: event=com.browserstack.v2.eventBus.Event@1ccb03e6
10:55:29.118 [changeAppLanguage@0] INFO  c.b.v2.module.ObservabilityModule - THREAD ID Inside Process= 41
10:55:29.118 [changeAppLanguage@0] INFO  c.b.v2.module.ObservabilityModule - Processing TestLevel attachments from directory: /Users/sanjeevareddysj/.browserstack/UploadedAttachments-41/TestLevel
10:55:29.118 [changeAppLanguage@0] INFO  c.b.v2.module.ObservabilityModule - Processing BuildLevel attachments from directory: /Users/sanjeevareddysj/.browserstack/UploadedAttachments-41/BuildLevel
10:55:29.118 [changeAppLanguage@0] INFO  c.b.v2.module.ObservabilityModule - Processing attachments eventLogs: []
10:55:29.119 [changeAppLanguage@0] INFO  c.b.v2.module.ObservabilityModule - sendLogCreatedEvent: No Log Events to send
10:55:29.125 [changeAppLanguage@0] INFO  c.b.v2.module.WebdriverModule - beforeCommandExecute: event=com.browserstack.v2.eventBus.Event@6723cf59
10:55:29.125 [changeAppLanguage@0] INFO  c.b.v2.module.WebdriverModule - beforeCommandExecute: event=com.browserstack.v2.eventBus.Event@6723cf59
10:55:29.125 [changeAppLanguage@0] INFO  c.b.v2.module.WebdriverModule - beforeCommandExecute: event=com.browserstack.v2.eventBus.Event@23332468
10:55:29.125 [changeAppLanguage@0] INFO  c.b.v2.module.WebdriverModule - beforeCommandExecute: event=com.browserstack.v2.eventBus.Event@23332468
10:55:29.188 [changeAppLanguage@0] INFO  c.b.v2.module.WebdriverModule - afterCommandExecute: event=com.browserstack.v2.eventBus.Event@3a022f3d
10:55:29.188 [changeAppLanguage@0] INFO  c.b.v2.module.WebdriverModule - afterCommandExecute: event=com.browserstack.v2.eventBus.Event@3a022f3d
10:55:29.188 [changeAppLanguage@0] INFO  c.b.v2.module.ObservabilityModule - THREAD ID Inside Process= 41
10:55:29.188 [changeAppLanguage@0] INFO  c.b.v2.module.ObservabilityModule - Processing TestLevel attachments from directory: /Users/sanjeevareddysj/.browserstack/UploadedAttachments-41/TestLevel
10:55:29.188 [changeAppLanguage@0] INFO  c.b.v2.module.ObservabilityModule - Processing BuildLevel attachments from directory: /Users/sanjeevareddysj/.browserstack/UploadedAttachments-41/BuildLevel
10:55:29.189 [changeAppLanguage@0] INFO  c.b.v2.module.ObservabilityModule - Processing attachments eventLogs: []
10:55:29.189 [changeAppLanguage@0] INFO  c.b.v2.module.ObservabilityModule - sendLogCreatedEvent: No Log Events to send
10:55:29.195 [changeAppLanguage@0] INFO  c.b.v2.module.WebdriverModule - afterCommandExecute: event=com.browserstack.v2.eventBus.Event@696d3b30
10:55:29.195 [changeAppLanguage@0] INFO  c.b.v2.module.WebdriverModule - afterCommandExecute: event=com.browserstack.v2.eventBus.Event@696d3b30
10:55:29.195 [changeAppLanguage@0] INFO  c.b.v2.module.ObservabilityModule - THREAD ID Inside Process= 41
10:55:29.196 [changeAppLanguage@0] INFO  c.b.v2.module.ObservabilityModule - Processing TestLevel attachments from directory: /Users/sanjeevareddysj/.browserstack/UploadedAttachments-41/TestLevel
10:55:29.197 [changeAppLanguage@0] INFO  c.b.v2.module.ObservabilityModule - Processing BuildLevel attachments from directory: /Users/sanjeevareddysj/.browserstack/UploadedAttachments-41/BuildLevel
10:55:29.197 [changeAppLanguage@0] INFO  c.b.v2.module.ObservabilityModule - Processing attachments eventLogs: []
10:55:29.197 [changeAppLanguage@0] INFO  c.b.v2.module.ObservabilityModule - sendLogCreatedEvent: No Log Events to send
10:55:29.201 [changeAppLanguage@0] INFO  c.b.v2.module.WebdriverModule - beforeCommandExecute: event=com.browserstack.v2.eventBus.Event@7817f483
10:55:29.201 [changeAppLanguage@0] INFO  c.b.v2.module.WebdriverModule - beforeCommandExecute: event=com.browserstack.v2.eventBus.Event@7817f483
10:55:30.267 [changeAppLanguage@0] INFO  c.b.v2.module.WebdriverModule - afterCommandExecute: event=com.browserstack.v2.eventBus.Event@72138006
10:55:30.268 [changeAppLanguage@0] INFO  c.b.v2.module.WebdriverModule - afterCommandExecute: event=com.browserstack.v2.eventBus.Event@72138006
10:55:30.268 [changeAppLanguage@0] INFO  c.b.v2.module.ObservabilityModule - THREAD ID Inside Process= 41
10:55:30.268 [changeAppLanguage@0] INFO  c.b.v2.module.ObservabilityModule - Processing TestLevel attachments from directory: /Users/sanjeevareddysj/.browserstack/UploadedAttachments-41/TestLevel
10:55:30.268 [changeAppLanguage@0] INFO  c.b.v2.module.ObservabilityModule - Processing BuildLevel attachments from directory: /Users/sanjeevareddysj/.browserstack/UploadedAttachments-41/BuildLevel
10:55:30.268 [changeAppLanguage@0] INFO  c.b.v2.module.ObservabilityModule - Processing attachments eventLogs: []
10:55:30.268 [changeAppLanguage@0] INFO  c.b.v2.module.ObservabilityModule - sendLogCreatedEvent: No Log Events to send
10:55:30.273 [changeAppLanguage@0] INFO  c.b.v2.module.WebdriverModule - beforeCommandExecute: event=com.browserstack.v2.eventBus.Event@66464a73
10:55:30.274 [changeAppLanguage@0] INFO  c.b.v2.module.WebdriverModule - beforeCommandExecute: event=com.browserstack.v2.eventBus.Event@66464a73
10:55:30.341 [changeAppLanguage@0] INFO  c.b.v2.module.WebdriverModule - afterCommandExecute: event=com.browserstack.v2.eventBus.Event@5b887e44
10:55:30.341 [changeAppLanguage@0] INFO  c.b.v2.module.WebdriverModule - afterCommandExecute: event=com.browserstack.v2.eventBus.Event@5b887e44
10:55:30.341 [changeAppLanguage@0] INFO  c.b.v2.module.ObservabilityModule - THREAD ID Inside Process= 41
10:55:30.341 [changeAppLanguage@0] INFO  c.b.v2.module.ObservabilityModule - Processing TestLevel attachments from directory: /Users/sanjeevareddysj/.browserstack/UploadedAttachments-41/TestLevel
10:55:30.341 [changeAppLanguage@0] INFO  c.b.v2.module.ObservabilityModule - Processing BuildLevel attachments from directory: /Users/sanjeevareddysj/.browserstack/UploadedAttachments-41/BuildLevel
10:55:30.341 [changeAppLanguage@0] INFO  c.b.v2.module.ObservabilityModule - Processing attachments eventLogs: []
10:55:30.341 [changeAppLanguage@0] INFO  c.b.v2.module.ObservabilityModule - sendLogCreatedEvent: No Log Events to send
10:55:30.345 [changeAppLanguage@0] INFO  c.b.v2.module.WebdriverModule - beforeCommandExecute: event=com.browserstack.v2.eventBus.Event@6bf581f4
10:55:30.345 [changeAppLanguage@0] INFO  c.b.v2.module.WebdriverModule - beforeCommandExecute: event=com.browserstack.v2.eventBus.Event@6bf581f4
10:55:30.345 [changeAppLanguage@0] INFO  c.b.v2.module.WebdriverModule - beforeCommandExecute: event=com.browserstack.v2.eventBus.Event@3f344b2b
10:55:30.345 [changeAppLanguage@0] INFO  c.b.v2.module.WebdriverModule - beforeCommandExecute: event=com.browserstack.v2.eventBus.Event@3f344b2b
10:55:30.393 [changeAppLanguage@0] INFO  c.b.v2.module.WebdriverModule - afterCommandExecute: event=com.browserstack.v2.eventBus.Event@275678d7
10:55:30.393 [changeAppLanguage@0] INFO  c.b.v2.module.WebdriverModule - afterCommandExecute: event=com.browserstack.v2.eventBus.Event@275678d7
10:55:30.393 [changeAppLanguage@0] INFO  c.b.v2.module.ObservabilityModule - THREAD ID Inside Process= 41
10:55:30.393 [changeAppLanguage@0] INFO  c.b.v2.module.ObservabilityModule - Processing TestLevel attachments from directory: /Users/sanjeevareddysj/.browserstack/UploadedAttachments-41/TestLevel
10:55:30.393 [changeAppLanguage@0] INFO  c.b.v2.module.ObservabilityModule - Processing BuildLevel attachments from directory: /Users/sanjeevareddysj/.browserstack/UploadedAttachments-41/BuildLevel
10:55:30.393 [changeAppLanguage@0] INFO  c.b.v2.module.ObservabilityModule - Processing attachments eventLogs: []
10:55:30.394 [changeAppLanguage@0] INFO  c.b.v2.module.ObservabilityModule - sendLogCreatedEvent: No Log Events to send
10:55:30.397 [changeAppLanguage@0] INFO  c.b.v2.module.WebdriverModule - afterCommandExecute: event=com.browserstack.v2.eventBus.Event@7bb13f34
10:55:30.397 [changeAppLanguage@0] INFO  c.b.v2.module.WebdriverModule - afterCommandExecute: event=com.browserstack.v2.eventBus.Event@7bb13f34
10:55:30.397 [changeAppLanguage@0] INFO  c.b.v2.module.ObservabilityModule - THREAD ID Inside Process= 41
10:55:30.397 [changeAppLanguage@0] INFO  c.b.v2.module.ObservabilityModule - Processing TestLevel attachments from directory: /Users/sanjeevareddysj/.browserstack/UploadedAttachments-41/TestLevel
10:55:30.397 [changeAppLanguage@0] INFO  c.b.v2.module.ObservabilityModule - Processing BuildLevel attachments from directory: /Users/sanjeevareddysj/.browserstack/UploadedAttachments-41/BuildLevel
10:55:30.397 [changeAppLanguage@0] INFO  c.b.v2.module.ObservabilityModule - Processing attachments eventLogs: []
10:55:30.397 [changeAppLanguage@0] INFO  c.b.v2.module.ObservabilityModule - sendLogCreatedEvent: No Log Events to send
10:55:30.400 [changeAppLanguage@0] INFO  c.b.v2.module.WebdriverModule - beforeCommandExecute: event=com.browserstack.v2.eventBus.Event@724512b5
10:55:30.400 [changeAppLanguage@0] INFO  c.b.v2.module.WebdriverModule - beforeCommandExecute: event=com.browserstack.v2.eventBus.Event@724512b5
10:55:30.558 [changeAppLanguage@0] INFO  c.b.v2.module.WebdriverModule - afterCommandExecute: event=com.browserstack.v2.eventBus.Event@7ce6a405
10:55:30.558 [changeAppLanguage@0] INFO  c.b.v2.module.WebdriverModule - afterCommandExecute: event=com.browserstack.v2.eventBus.Event@7ce6a405
10:55:30.558 [changeAppLanguage@0] INFO  c.b.v2.module.ObservabilityModule - THREAD ID Inside Process= 41
10:55:30.559 [changeAppLanguage@0] INFO  c.b.v2.module.ObservabilityModule - Processing TestLevel attachments from directory: /Users/sanjeevareddysj/.browserstack/UploadedAttachments-41/TestLevel
10:55:30.559 [changeAppLanguage@0] INFO  c.b.v2.module.ObservabilityModule - Processing BuildLevel attachments from directory: /Users/sanjeevareddysj/.browserstack/UploadedAttachments-41/BuildLevel
10:55:30.559 [changeAppLanguage@0] INFO  c.b.v2.module.ObservabilityModule - Processing attachments eventLogs: []
10:55:30.559 [changeAppLanguage@0] INFO  c.b.v2.module.ObservabilityModule - sendLogCreatedEvent: No Log Events to send
10:55:30.566 [changeAppLanguage@0] INFO  c.b.v2.module.WebdriverModule - beforeCommandExecute: event=com.browserstack.v2.eventBus.Event@68c8e8e8
10:55:30.567 [changeAppLanguage@0] INFO  c.b.v2.module.WebdriverModule - beforeCommandExecute: event=com.browserstack.v2.eventBus.Event@68c8e8e8
10:55:30.725 [changeAppLanguage@0] INFO  c.b.v2.module.WebdriverModule - afterCommandExecute: event=com.browserstack.v2.eventBus.Event@31d514f1
10:55:30.725 [changeAppLanguage@0] INFO  c.b.v2.module.WebdriverModule - afterCommandExecute: event=com.browserstack.v2.eventBus.Event@31d514f1
10:55:30.725 [changeAppLanguage@0] INFO  c.b.v2.module.ObservabilityModule - THREAD ID Inside Process= 41
10:55:30.726 [changeAppLanguage@0] INFO  c.b.v2.module.ObservabilityModule - Processing TestLevel attachments from directory: /Users/sanjeevareddysj/.browserstack/UploadedAttachments-41/TestLevel
10:55:30.726 [changeAppLanguage@0] INFO  c.b.v2.module.ObservabilityModule - Processing BuildLevel attachments from directory: /Users/sanjeevareddysj/.browserstack/UploadedAttachments-41/BuildLevel
10:55:30.726 [changeAppLanguage@0] INFO  c.b.v2.module.ObservabilityModule - Processing attachments eventLogs: []
10:55:30.726 [changeAppLanguage@0] INFO  c.b.v2.module.ObservabilityModule - sendLogCreatedEvent: No Log Events to send
10:55:30.735 [changeAppLanguage@0] INFO  c.b.v2.module.WebdriverModule - beforeCommandExecute: event=com.browserstack.v2.eventBus.Event@b59fb18
10:55:30.735 [changeAppLanguage@0] INFO  c.b.v2.module.WebdriverModule - beforeCommandExecute: event=com.browserstack.v2.eventBus.Event@b59fb18
10:55:30.736 [changeAppLanguage@0] INFO  c.b.v2.module.WebdriverModule - beforeCommandExecute: event=com.browserstack.v2.eventBus.Event@2e77a904
10:55:30.736 [changeAppLanguage@0] INFO  c.b.v2.module.WebdriverModule - beforeCommandExecute: event=com.browserstack.v2.eventBus.Event@2e77a904
10:55:30.779 [changeAppLanguage@0] INFO  c.b.v2.module.WebdriverModule - afterCommandExecute: event=com.browserstack.v2.eventBus.Event@379c42a7
10:55:30.779 [changeAppLanguage@0] INFO  c.b.v2.module.WebdriverModule - afterCommandExecute: event=com.browserstack.v2.eventBus.Event@379c42a7
10:55:30.779 [changeAppLanguage@0] INFO  c.b.v2.module.ObservabilityModule - THREAD ID Inside Process= 41
10:55:30.779 [changeAppLanguage@0] INFO  c.b.v2.module.ObservabilityModule - Processing TestLevel attachments from directory: /Users/sanjeevareddysj/.browserstack/UploadedAttachments-41/TestLevel
10:55:30.779 [changeAppLanguage@0] INFO  c.b.v2.module.ObservabilityModule - Processing BuildLevel attachments from directory: /Users/sanjeevareddysj/.browserstack/UploadedAttachments-41/BuildLevel
10:55:30.780 [changeAppLanguage@0] INFO  c.b.v2.module.ObservabilityModule - Processing attachments eventLogs: []
10:55:30.780 [changeAppLanguage@0] INFO  c.b.v2.module.ObservabilityModule - sendLogCreatedEvent: No Log Events to send
10:55:30.784 [changeAppLanguage@0] INFO  c.b.v2.module.WebdriverModule - afterCommandExecute: event=com.browserstack.v2.eventBus.Event@3fe44564
10:55:30.784 [changeAppLanguage@0] INFO  c.b.v2.module.WebdriverModule - afterCommandExecute: event=com.browserstack.v2.eventBus.Event@3fe44564
10:55:30.784 [changeAppLanguage@0] INFO  c.b.v2.module.ObservabilityModule - THREAD ID Inside Process= 41
10:55:30.784 [changeAppLanguage@0] INFO  c.b.v2.module.ObservabilityModule - Processing TestLevel attachments from directory: /Users/sanjeevareddysj/.browserstack/UploadedAttachments-41/TestLevel
10:55:30.784 [changeAppLanguage@0] INFO  c.b.v2.module.ObservabilityModule - Processing BuildLevel attachments from directory: /Users/sanjeevareddysj/.browserstack/UploadedAttachments-41/BuildLevel
10:55:30.784 [changeAppLanguage@0] INFO  c.b.v2.module.ObservabilityModule - Processing attachments eventLogs: []
10:55:30.785 [changeAppLanguage@0] INFO  c.b.v2.module.ObservabilityModule - sendLogCreatedEvent: No Log Events to send
10:55:30.787 [changeAppLanguage@0] INFO  c.b.v2.module.WebdriverModule - beforeCommandExecute: event=com.browserstack.v2.eventBus.Event@79941241
10:55:30.787 [changeAppLanguage@0] INFO  c.b.v2.module.WebdriverModule - beforeCommandExecute: event=com.browserstack.v2.eventBus.Event@79941241
10:55:31.401 [changeAppLanguage@0] INFO  c.b.v2.module.WebdriverModule - afterCommandExecute: event=com.browserstack.v2.eventBus.Event@4c4944b3
10:55:31.401 [changeAppLanguage@0] INFO  c.b.v2.module.WebdriverModule - afterCommandExecute: event=com.browserstack.v2.eventBus.Event@4c4944b3
10:55:31.401 [changeAppLanguage@0] INFO  c.b.v2.module.ObservabilityModule - THREAD ID Inside Process= 41
10:55:31.401 [changeAppLanguage@0] INFO  c.b.v2.module.ObservabilityModule - Processing TestLevel attachments from directory: /Users/sanjeevareddysj/.browserstack/UploadedAttachments-41/TestLevel
10:55:31.401 [changeAppLanguage@0] INFO  c.b.v2.module.ObservabilityModule - Processing BuildLevel attachments from directory: /Users/sanjeevareddysj/.browserstack/UploadedAttachments-41/BuildLevel
10:55:31.402 [changeAppLanguage@0] INFO  c.b.v2.module.ObservabilityModule - Processing attachments eventLogs: []
10:55:31.402 [changeAppLanguage@0] INFO  c.b.v2.module.ObservabilityModule - sendLogCreatedEvent: No Log Events to send
10:55:31.407 [changeAppLanguage@0] INFO  c.b.v2.module.WebdriverModule - beforeCommandExecute: event=com.browserstack.v2.eventBus.Event@3c319cf8
10:55:31.407 [changeAppLanguage@0] INFO  c.b.v2.module.WebdriverModule - beforeCommandExecute: event=com.browserstack.v2.eventBus.Event@3c319cf8
10:55:32.970 [changeAppLanguage@0] INFO  c.b.v2.module.WebdriverModule - afterCommandExecute: event=com.browserstack.v2.eventBus.Event@722085e8
10:55:32.971 [changeAppLanguage@0] INFO  c.b.v2.module.WebdriverModule - afterCommandExecute: event=com.browserstack.v2.eventBus.Event@722085e8
10:55:32.971 [changeAppLanguage@0] INFO  c.b.v2.module.ObservabilityModule - THREAD ID Inside Process= 41
10:55:32.971 [changeAppLanguage@0] INFO  c.b.v2.module.ObservabilityModule - Processing TestLevel attachments from directory: /Users/sanjeevareddysj/.browserstack/UploadedAttachments-41/TestLevel
10:55:32.971 [changeAppLanguage@0] INFO  c.b.v2.module.ObservabilityModule - Processing BuildLevel attachments from directory: /Users/sanjeevareddysj/.browserstack/UploadedAttachments-41/BuildLevel
10:55:32.971 [changeAppLanguage@0] INFO  c.b.v2.module.ObservabilityModule - Processing attachments eventLogs: []
10:55:32.971 [changeAppLanguage@0] INFO  c.b.v2.module.ObservabilityModule - sendLogCreatedEvent: No Log Events to send
10:55:32.977 [changeAppLanguage@0] INFO  c.b.v2.module.WebdriverModule - beforeCommandExecute: event=com.browserstack.v2.eventBus.Event@6ecbef31
10:55:32.977 [changeAppLanguage@0] INFO  c.b.v2.module.WebdriverModule - beforeCommandExecute: event=com.browserstack.v2.eventBus.Event@6ecbef31
10:55:32.978 [changeAppLanguage@0] INFO  c.b.v2.module.WebdriverModule - beforeCommandExecute: event=com.browserstack.v2.eventBus.Event@1f83d80c
10:55:32.978 [changeAppLanguage@0] INFO  c.b.v2.module.WebdriverModule - beforeCommandExecute: event=com.browserstack.v2.eventBus.Event@1f83d80c
10:55:33.019 [changeAppLanguage@0] INFO  c.b.v2.module.WebdriverModule - afterCommandExecute: event=com.browserstack.v2.eventBus.Event@69fa01d1
10:55:33.019 [changeAppLanguage@0] INFO  c.b.v2.module.WebdriverModule - afterCommandExecute: event=com.browserstack.v2.eventBus.Event@69fa01d1
10:55:33.019 [changeAppLanguage@0] INFO  c.b.v2.module.ObservabilityModule - THREAD ID Inside Process= 41
10:55:33.019 [changeAppLanguage@0] INFO  c.b.v2.module.ObservabilityModule - Processing TestLevel attachments from directory: /Users/sanjeevareddysj/.browserstack/UploadedAttachments-41/TestLevel
10:55:33.019 [changeAppLanguage@0] INFO  c.b.v2.module.ObservabilityModule - Processing BuildLevel attachments from directory: /Users/sanjeevareddysj/.browserstack/UploadedAttachments-41/BuildLevel
10:55:33.019 [changeAppLanguage@0] INFO  c.b.v2.module.ObservabilityModule - Processing attachments eventLogs: []
10:55:33.019 [changeAppLanguage@0] INFO  c.b.v2.module.ObservabilityModule - sendLogCreatedEvent: No Log Events to send
10:55:33.021 [changeAppLanguage@0] INFO  c.b.v2.module.WebdriverModule - afterCommandExecute: event=com.browserstack.v2.eventBus.Event@18998f1e
10:55:33.021 [changeAppLanguage@0] INFO  c.b.v2.module.WebdriverModule - afterCommandExecute: event=com.browserstack.v2.eventBus.Event@18998f1e
10:55:33.021 [changeAppLanguage@0] INFO  c.b.v2.module.ObservabilityModule - THREAD ID Inside Process= 41
10:55:33.021 [changeAppLanguage@0] INFO  c.b.v2.module.ObservabilityModule - Processing TestLevel attachments from directory: /Users/sanjeevareddysj/.browserstack/UploadedAttachments-41/TestLevel
10:55:33.021 [changeAppLanguage@0] INFO  c.b.v2.module.ObservabilityModule - Processing BuildLevel attachments from directory: /Users/sanjeevareddysj/.browserstack/UploadedAttachments-41/BuildLevel
10:55:33.021 [changeAppLanguage@0] INFO  c.b.v2.module.ObservabilityModule - Processing attachments eventLogs: []
10:55:33.021 [changeAppLanguage@0] INFO  c.b.v2.module.ObservabilityModule - sendLogCreatedEvent: No Log Events to send
10:55:33.022 [changeAppLanguage@0] INFO  c.b.v2.module.WebdriverModule - beforeCommandExecute: event=com.browserstack.v2.eventBus.Event@209619ca
10:55:33.022 [changeAppLanguage@0] INFO  c.b.v2.module.WebdriverModule - beforeCommandExecute: event=com.browserstack.v2.eventBus.Event@209619ca
10:55:33.120 [changeAppLanguage@0] INFO  c.b.v2.module.WebdriverModule - afterCommandExecute: event=com.browserstack.v2.eventBus.Event@4317b37d
10:55:33.120 [changeAppLanguage@0] INFO  c.b.v2.module.WebdriverModule - afterCommandExecute: event=com.browserstack.v2.eventBus.Event@4317b37d
10:55:33.120 [changeAppLanguage@0] INFO  c.b.v2.module.ObservabilityModule - THREAD ID Inside Process= 41
10:55:33.120 [changeAppLanguage@0] INFO  c.b.v2.module.ObservabilityModule - Processing TestLevel attachments from directory: /Users/sanjeevareddysj/.browserstack/UploadedAttachments-41/TestLevel
10:55:33.120 [changeAppLanguage@0] INFO  c.b.v2.module.ObservabilityModule - Processing BuildLevel attachments from directory: /Users/sanjeevareddysj/.browserstack/UploadedAttachments-41/BuildLevel
10:55:33.121 [changeAppLanguage@0] INFO  c.b.v2.module.ObservabilityModule - Processing attachments eventLogs: []
10:55:33.121 [changeAppLanguage@0] INFO  c.b.v2.module.ObservabilityModule - sendLogCreatedEvent: No Log Events to send
10:55:33.125 [changeAppLanguage@0] INFO  c.b.v2.module.WebdriverModule - beforeCommandExecute: event=com.browserstack.v2.eventBus.Event@d237801
10:55:33.125 [changeAppLanguage@0] INFO  c.b.v2.module.WebdriverModule - beforeCommandExecute: event=com.browserstack.v2.eventBus.Event@d237801
10:55:33.199 [changeAppLanguage@0] INFO  c.b.v2.module.WebdriverModule - afterCommandExecute: event=com.browserstack.v2.eventBus.Event@5c4e09c8
10:55:33.199 [changeAppLanguage@0] INFO  c.b.v2.module.WebdriverModule - afterCommandExecute: event=com.browserstack.v2.eventBus.Event@5c4e09c8
10:55:33.199 [changeAppLanguage@0] INFO  c.b.v2.module.ObservabilityModule - THREAD ID Inside Process= 41
10:55:33.199 [changeAppLanguage@0] INFO  c.b.v2.module.ObservabilityModule - Processing TestLevel attachments from directory: /Users/sanjeevareddysj/.browserstack/UploadedAttachments-41/TestLevel
10:55:33.199 [changeAppLanguage@0] INFO  c.b.v2.module.ObservabilityModule - Processing BuildLevel attachments from directory: /Users/sanjeevareddysj/.browserstack/UploadedAttachments-41/BuildLevel
10:55:33.199 [changeAppLanguage@0] INFO  c.b.v2.module.ObservabilityModule - Processing attachments eventLogs: []
10:55:33.199 [changeAppLanguage@0] INFO  c.b.v2.module.ObservabilityModule - sendLogCreatedEvent: No Log Events to send
10:55:33.209 [changeAppLanguage@0] INFO  c.b.v2.framework.TestNgFramework - trackEvent: found instance, testFrameworkState=TestFrameworkState.LOG_REPORT hookState=HookState.PRE instance=1741108805
10:55:33.209 [changeAppLanguage@0] INFO  c.b.v2.framework.TestNgFramework - trackEvent: found instance, testFrameworkState=TestFrameworkState.LOG_REPORT hookState=HookState.POST instance=1741108805
10:55:33.209 [changeAppLanguage@0] INFO  c.b.v2.framework.TestNgFramework - trackEvent: load test results
10:55:33.210 [changeAppLanguage@0] INFO  c.b.v2.framework.TestNgFramework - trackEvent: found instance, testFrameworkState=TestFrameworkState.TEST hookState=HookState.POST instance=1741108805
10:55:33.210 [changeAppLanguage@0] INFO  c.b.v2.module.WebdriverModule - onAfterTest: event=com.browserstack.v2.eventBus.Event@a2b71b1
10:55:33.210 [changeAppLanguage@0] INFO  c.b.utils.SeleniumMethodUtils - Session Name ID status marking: 4eb8b27f585f42ff94ba323723a3a3aa8f45d9ae
10:55:33.599 [changeAppLanguage@0] INFO  c.b.utils.SeleniumMethodUtils - Session ID status marking: 4eb8b27f585f42ff94ba323723a3a3aa8f45d9ae
10:55:34.009 [changeAppLanguage@0] INFO  c.b.v2.module.WebdriverModule - onAfterTest: event=com.browserstack.v2.eventBus.Event@a2b71b1
10:55:34.009 [changeAppLanguage@0] INFO  c.b.utils.SeleniumMethodUtils - Session Name ID status marking: 4eb8b27f585f42ff94ba323723a3a3aa8f45d9ae
10:55:34.368 [changeAppLanguage@0] INFO  c.b.utils.SeleniumMethodUtils - Session ID status marking: 4eb8b27f585f42ff94ba323723a3a3aa8f45d9ae
10:55:34.865 [changeAppLanguage@0] INFO  c.b.v2.module.TestHubModule - sendTestFrameworkEvent: event=com.browserstack.v2.eventBus.Event@a2b71b1, response=success: true

10:55:34.879 [changeAppLanguage@0] INFO  c.b.v2.framework.TestNgFramework - trackTestNgTest: saved instance contextId=1741108805 target=/Users/sanjeevareddysj/IdeaProjects/LearAumatingApp/LearAumatingApp-0@0 instances=[1741108805]
10:55:34.879 [changeAppLanguage@0] INFO  c.b.v2.framework.TestNgFramework - trackEvent: found instance, testFrameworkState=TestFrameworkState.TEST hookState=HookState.PRE instance=1741108805
10:55:34.903 [changeAppLanguage@0] INFO  c.b.v2.framework.TestNgFramework - trackEvent: loaded initial test data to instance, testFrameworkState=TestFrameworkState.TEST hookState=HookState.PRE instance=1741108805 instanceThreadId=41 testResult=/Users/sanjeevareddysj/IdeaProjects/LearAumatingApp/LearAumatingApp-0 testData={test_uuid=0d538e3c-cd33-44fe-a525-7b3a6c2cfe09, test_file_path=src/test/java/gojek/android/gojek/GojekWelcomeScreenVerificationTest.java, test_scope=All Test Suite.gojek.android.gojek.GojekWelcomeScreenVerificationTest, test_meta={}, test_scopes=[All Test Suite, gojek.android.gojek.GojekWelcomeScreenVerificationTest], test_code=public void gojek.android.gojek.GojekWelcomeScreenVerificationTest.verifyWelcomeScreen() throws java.lang.Exception, test_session_name=gojek.android.gojek.GojekWelcomeScreenVerificationTest-verifyWelcomeScreen, test_name=verifyWelcomeScreen, test_tags=, custom_metadata={}, test_id=/Users/sanjeevareddysj/IdeaProjects/LearAumatingApp/LearAumatingApp-0@0, test_location=src/test/java/gojek/android/gojek/GojekWelcomeScreenVerificationTest.java}
10:55:34.904 [changeAppLanguage@0] INFO  c.b.v2.module.WebdriverModule - onBeforeTest: event=com.browserstack.v2.eventBus.Event@448fdaef
10:55:34.904 [changeAppLanguage@0] INFO  c.b.v2.module.WebdriverModule - onBeforeTest: event=com.browserstack.v2.eventBus.Event@448fdaef
10:55:34.904 [changeAppLanguage@0] INFO  c.b.v2.module.TestHubModule - onBeforeTest: event={com.browserstack.v2.eventBus.Event@448fdaef}
10:55:34.909 [changeAppLanguage@0] INFO  c.b.v2.module.TestHubModule - sendTestSessionEvent: event=com.browserstack.v2.eventBus.Event@448fdaef, response=success: true

10:55:34.915 [changeAppLanguage@0] INFO  c.b.v2.module.TestHubModule - sendTestFrameworkEvent: event=com.browserstack.v2.eventBus.Event@448fdaef, response=success: true

10:55:34.916 [changeAppLanguage@0] INFO  c.b.v2.module.ObservabilityModule - onBeforeTest: event={instance=com.browserstack.v2.instance.TestFrameworkInstance@1320da0f, testFrameworkState=TestFrameworkState.TEST, testInstance=com.browserstack.v2.instance.TestFrameworkInstance@1320da0f, autoInstance=[com.browserstack.v2.instance.AutomationFrameworkInstance@5927b744], hookState=HookState.PRE}
10:55:34.916 [changeAppLanguage@0] INFO  c.b.v2.module.ObservabilityModule - performTestReportingSync: Performing TEST REPORTING AND ANALYTICS Sync
10:55:34.955 [verifyWelcomeScreen@0] INFO  c.b.v2.module.WebdriverModule - beforeCommandExecute: event=com.browserstack.v2.eventBus.Event@42b4afe7
10:55:34.955 [verifyWelcomeScreen@0] INFO  c.b.v2.module.WebdriverModule - beforeCommandExecute: event=com.browserstack.v2.eventBus.Event@42b4afe7
10:55:34.955 [verifyWelcomeScreen@0] INFO  c.b.v2.module.WebdriverModule - beforeCommandExecute: event=com.browserstack.v2.eventBus.Event@55f2a33f
10:55:34.955 [verifyWelcomeScreen@0] INFO  c.b.v2.module.WebdriverModule - beforeCommandExecute: event=com.browserstack.v2.eventBus.Event@55f2a33f
10:55:34.994 [verifyWelcomeScreen@0] INFO  c.b.v2.module.WebdriverModule - afterCommandExecute: event=com.browserstack.v2.eventBus.Event@5564e017
10:55:34.994 [verifyWelcomeScreen@0] INFO  c.b.v2.module.WebdriverModule - afterCommandExecute: event=com.browserstack.v2.eventBus.Event@5564e017
10:55:34.994 [verifyWelcomeScreen@0] INFO  c.b.v2.module.ObservabilityModule - THREAD ID Inside Process= 41
10:55:34.994 [verifyWelcomeScreen@0] INFO  c.b.v2.module.ObservabilityModule - Processing TestLevel attachments from directory: /Users/sanjeevareddysj/.browserstack/UploadedAttachments-41/TestLevel
10:55:34.994 [verifyWelcomeScreen@0] INFO  c.b.v2.module.ObservabilityModule - Processing BuildLevel attachments from directory: /Users/sanjeevareddysj/.browserstack/UploadedAttachments-41/BuildLevel
10:55:34.994 [verifyWelcomeScreen@0] INFO  c.b.v2.module.ObservabilityModule - Processing attachments eventLogs: []
10:55:34.994 [verifyWelcomeScreen@0] INFO  c.b.v2.module.ObservabilityModule - sendLogCreatedEvent: No Log Events to send
10:55:34.995 [verifyWelcomeScreen@0] INFO  c.b.v2.module.WebdriverModule - afterCommandExecute: event=com.browserstack.v2.eventBus.Event@37e5633b
10:55:34.995 [verifyWelcomeScreen@0] INFO  c.b.v2.module.WebdriverModule - afterCommandExecute: event=com.browserstack.v2.eventBus.Event@37e5633b
10:55:34.995 [verifyWelcomeScreen@0] INFO  c.b.v2.module.ObservabilityModule - THREAD ID Inside Process= 41
10:55:34.995 [verifyWelcomeScreen@0] INFO  c.b.v2.module.ObservabilityModule - Processing TestLevel attachments from directory: /Users/sanjeevareddysj/.browserstack/UploadedAttachments-41/TestLevel
10:55:34.995 [verifyWelcomeScreen@0] INFO  c.b.v2.module.ObservabilityModule - Processing BuildLevel attachments from directory: /Users/sanjeevareddysj/.browserstack/UploadedAttachments-41/BuildLevel
10:55:34.995 [verifyWelcomeScreen@0] INFO  c.b.v2.module.ObservabilityModule - Processing attachments eventLogs: []
10:55:34.995 [verifyWelcomeScreen@0] INFO  c.b.v2.module.ObservabilityModule - sendLogCreatedEvent: No Log Events to send
10:55:34.997 [verifyWelcomeScreen@0] INFO  c.b.v2.module.WebdriverModule - beforeCommandExecute: event=com.browserstack.v2.eventBus.Event@5d8f715
10:55:34.997 [verifyWelcomeScreen@0] INFO  c.b.v2.module.WebdriverModule - beforeCommandExecute: event=com.browserstack.v2.eventBus.Event@5d8f715
10:55:35.086 [verifyWelcomeScreen@0] INFO  c.b.v2.module.WebdriverModule - afterCommandExecute: event=com.browserstack.v2.eventBus.Event@69199df9
10:55:35.086 [verifyWelcomeScreen@0] INFO  c.b.v2.module.WebdriverModule - afterCommandExecute: event=com.browserstack.v2.eventBus.Event@69199df9
10:55:35.086 [verifyWelcomeScreen@0] INFO  c.b.v2.module.ObservabilityModule - THREAD ID Inside Process= 41
10:55:35.086 [verifyWelcomeScreen@0] INFO  c.b.v2.module.ObservabilityModule - Processing TestLevel attachments from directory: /Users/sanjeevareddysj/.browserstack/UploadedAttachments-41/TestLevel
10:55:35.086 [verifyWelcomeScreen@0] INFO  c.b.v2.module.ObservabilityModule - Processing BuildLevel attachments from directory: /Users/sanjeevareddysj/.browserstack/UploadedAttachments-41/BuildLevel
10:55:35.086 [verifyWelcomeScreen@0] INFO  c.b.v2.module.ObservabilityModule - Processing attachments eventLogs: []
10:55:35.086 [verifyWelcomeScreen@0] INFO  c.b.v2.module.ObservabilityModule - sendLogCreatedEvent: No Log Events to send
10:55:35.087 [verifyWelcomeScreen@0] INFO  c.b.v2.module.WebdriverModule - beforeCommandExecute: event=com.browserstack.v2.eventBus.Event@76e7f2e1
10:55:35.088 [verifyWelcomeScreen@0] INFO  c.b.v2.module.WebdriverModule - beforeCommandExecute: event=com.browserstack.v2.eventBus.Event@76e7f2e1
10:55:35.156 [verifyWelcomeScreen@0] INFO  c.b.v2.module.WebdriverModule - afterCommandExecute: event=com.browserstack.v2.eventBus.Event@184826b5
10:55:35.156 [verifyWelcomeScreen@0] INFO  c.b.v2.module.WebdriverModule - afterCommandExecute: event=com.browserstack.v2.eventBus.Event@184826b5
10:55:35.156 [verifyWelcomeScreen@0] INFO  c.b.v2.module.ObservabilityModule - THREAD ID Inside Process= 41
10:55:35.157 [verifyWelcomeScreen@0] INFO  c.b.v2.module.ObservabilityModule - Processing TestLevel attachments from directory: /Users/sanjeevareddysj/.browserstack/UploadedAttachments-41/TestLevel
10:55:35.157 [verifyWelcomeScreen@0] INFO  c.b.v2.module.ObservabilityModule - Processing BuildLevel attachments from directory: /Users/sanjeevareddysj/.browserstack/UploadedAttachments-41/BuildLevel
10:55:35.157 [verifyWelcomeScreen@0] INFO  c.b.v2.module.ObservabilityModule - Processing attachments eventLogs: []
10:55:35.157 [verifyWelcomeScreen@0] INFO  c.b.v2.module.ObservabilityModule - sendLogCreatedEvent: No Log Events to send
10:55:35.160 [verifyWelcomeScreen@0] INFO  c.b.v2.module.WebdriverModule - beforeCommandExecute: event=com.browserstack.v2.eventBus.Event@265b24dc
10:55:35.160 [verifyWelcomeScreen@0] INFO  c.b.v2.module.WebdriverModule - beforeCommandExecute: event=com.browserstack.v2.eventBus.Event@265b24dc
10:55:35.160 [verifyWelcomeScreen@0] INFO  c.b.v2.module.WebdriverModule - beforeCommandExecute: event=com.browserstack.v2.eventBus.Event@47119d01
10:55:35.160 [verifyWelcomeScreen@0] INFO  c.b.v2.module.WebdriverModule - beforeCommandExecute: event=com.browserstack.v2.eventBus.Event@47119d01
10:55:35.204 [verifyWelcomeScreen@0] INFO  c.b.v2.module.WebdriverModule - afterCommandExecute: event=com.browserstack.v2.eventBus.Event@4375f9b4
10:55:35.204 [verifyWelcomeScreen@0] INFO  c.b.v2.module.WebdriverModule - afterCommandExecute: event=com.browserstack.v2.eventBus.Event@4375f9b4
10:55:35.204 [verifyWelcomeScreen@0] INFO  c.b.v2.module.ObservabilityModule - THREAD ID Inside Process= 41
10:55:35.204 [verifyWelcomeScreen@0] INFO  c.b.v2.module.ObservabilityModule - Processing TestLevel attachments from directory: /Users/sanjeevareddysj/.browserstack/UploadedAttachments-41/TestLevel
10:55:35.204 [verifyWelcomeScreen@0] INFO  c.b.v2.module.ObservabilityModule - Processing BuildLevel attachments from directory: /Users/sanjeevareddysj/.browserstack/UploadedAttachments-41/BuildLevel
10:55:35.204 [verifyWelcomeScreen@0] INFO  c.b.v2.module.ObservabilityModule - Processing attachments eventLogs: []
10:55:35.205 [verifyWelcomeScreen@0] INFO  c.b.v2.module.ObservabilityModule - sendLogCreatedEvent: No Log Events to send
10:55:35.206 [verifyWelcomeScreen@0] INFO  c.b.v2.module.WebdriverModule - afterCommandExecute: event=com.browserstack.v2.eventBus.Event@3d49f70b
10:55:35.206 [verifyWelcomeScreen@0] INFO  c.b.v2.module.WebdriverModule - afterCommandExecute: event=com.browserstack.v2.eventBus.Event@3d49f70b
10:55:35.206 [verifyWelcomeScreen@0] INFO  c.b.v2.module.ObservabilityModule - THREAD ID Inside Process= 41
10:55:35.206 [verifyWelcomeScreen@0] INFO  c.b.v2.module.ObservabilityModule - Processing TestLevel attachments from directory: /Users/sanjeevareddysj/.browserstack/UploadedAttachments-41/TestLevel
10:55:35.206 [verifyWelcomeScreen@0] INFO  c.b.v2.module.ObservabilityModule - Processing BuildLevel attachments from directory: /Users/sanjeevareddysj/.browserstack/UploadedAttachments-41/BuildLevel
10:55:35.206 [verifyWelcomeScreen@0] INFO  c.b.v2.module.ObservabilityModule - Processing attachments eventLogs: []
10:55:35.206 [verifyWelcomeScreen@0] INFO  c.b.v2.module.ObservabilityModule - sendLogCreatedEvent: No Log Events to send
10:55:35.208 [verifyWelcomeScreen@0] INFO  c.b.v2.module.WebdriverModule - beforeCommandExecute: event=com.browserstack.v2.eventBus.Event@1aaf6314
10:55:35.208 [verifyWelcomeScreen@0] INFO  c.b.v2.module.WebdriverModule - beforeCommandExecute: event=com.browserstack.v2.eventBus.Event@1aaf6314
10:55:35.320 [verifyWelcomeScreen@0] INFO  c.b.v2.module.WebdriverModule - afterCommandExecute: event=com.browserstack.v2.eventBus.Event@5a58db05
10:55:35.320 [verifyWelcomeScreen@0] INFO  c.b.v2.module.WebdriverModule - afterCommandExecute: event=com.browserstack.v2.eventBus.Event@5a58db05
10:55:35.320 [verifyWelcomeScreen@0] INFO  c.b.v2.module.ObservabilityModule - THREAD ID Inside Process= 41
10:55:35.320 [verifyWelcomeScreen@0] INFO  c.b.v2.module.ObservabilityModule - Processing TestLevel attachments from directory: /Users/sanjeevareddysj/.browserstack/UploadedAttachments-41/TestLevel
10:55:35.320 [verifyWelcomeScreen@0] INFO  c.b.v2.module.ObservabilityModule - Processing BuildLevel attachments from directory: /Users/sanjeevareddysj/.browserstack/UploadedAttachments-41/BuildLevel
10:55:35.320 [verifyWelcomeScreen@0] INFO  c.b.v2.module.ObservabilityModule - Processing attachments eventLogs: []
10:55:35.320 [verifyWelcomeScreen@0] INFO  c.b.v2.module.ObservabilityModule - sendLogCreatedEvent: No Log Events to send
10:55:35.532 [verifyWelcomeScreen@0] INFO  c.b.v2.module.WebdriverModule - beforeCommandExecute: event=com.browserstack.v2.eventBus.Event@248a7dac
10:55:35.533 [verifyWelcomeScreen@0] INFO  c.b.v2.module.WebdriverModule - beforeCommandExecute: event=com.browserstack.v2.eventBus.Event@248a7dac
10:55:35.533 [verifyWelcomeScreen@0] INFO  c.b.v2.module.WebdriverModule - beforeCommandExecute: event=com.browserstack.v2.eventBus.Event@13921d7d
10:55:35.533 [verifyWelcomeScreen@0] INFO  c.b.v2.module.WebdriverModule - beforeCommandExecute: event=com.browserstack.v2.eventBus.Event@13921d7d
10:55:35.769 [verifyWelcomeScreen@0] INFO  c.b.v2.module.WebdriverModule - afterCommandExecute: event=com.browserstack.v2.eventBus.Event@5ee9feab
10:55:35.770 [verifyWelcomeScreen@0] INFO  c.b.v2.module.WebdriverModule - afterCommandExecute: event=com.browserstack.v2.eventBus.Event@5ee9feab
10:55:35.770 [verifyWelcomeScreen@0] INFO  c.b.v2.module.ObservabilityModule - THREAD ID Inside Process= 41
10:55:35.770 [verifyWelcomeScreen@0] INFO  c.b.v2.module.ObservabilityModule - Processing TestLevel attachments from directory: /Users/sanjeevareddysj/.browserstack/UploadedAttachments-41/TestLevel
10:55:35.770 [verifyWelcomeScreen@0] INFO  c.b.v2.module.ObservabilityModule - Processing BuildLevel attachments from directory: /Users/sanjeevareddysj/.browserstack/UploadedAttachments-41/BuildLevel
10:55:35.770 [verifyWelcomeScreen@0] INFO  c.b.v2.module.ObservabilityModule - Processing attachments eventLogs: []
10:55:35.770 [verifyWelcomeScreen@0] INFO  c.b.v2.module.ObservabilityModule - sendLogCreatedEvent: No Log Events to send
10:55:35.774 [verifyWelcomeScreen@0] INFO  c.b.v2.module.WebdriverModule - afterCommandExecute: event=com.browserstack.v2.eventBus.Event@3fc31377
10:55:35.774 [verifyWelcomeScreen@0] INFO  c.b.v2.module.WebdriverModule - afterCommandExecute: event=com.browserstack.v2.eventBus.Event@3fc31377
10:55:35.774 [verifyWelcomeScreen@0] INFO  c.b.v2.module.ObservabilityModule - THREAD ID Inside Process= 41
10:55:35.774 [verifyWelcomeScreen@0] INFO  c.b.v2.module.ObservabilityModule - Processing TestLevel attachments from directory: /Users/sanjeevareddysj/.browserstack/UploadedAttachments-41/TestLevel
10:55:35.774 [verifyWelcomeScreen@0] INFO  c.b.v2.module.ObservabilityModule - Processing BuildLevel attachments from directory: /Users/sanjeevareddysj/.browserstack/UploadedAttachments-41/BuildLevel
10:55:35.774 [verifyWelcomeScreen@0] INFO  c.b.v2.module.ObservabilityModule - Processing attachments eventLogs: []
10:55:35.774 [verifyWelcomeScreen@0] INFO  c.b.v2.module.ObservabilityModule - sendLogCreatedEvent: No Log Events to send
10:55:35.778 [verifyWelcomeScreen@0] INFO  c.b.v2.module.WebdriverModule - beforeCommandExecute: event=com.browserstack.v2.eventBus.Event@2db4259d
10:55:35.778 [verifyWelcomeScreen@0] INFO  c.b.v2.module.WebdriverModule - beforeCommandExecute: event=com.browserstack.v2.eventBus.Event@2db4259d
10:55:35.880 [verifyWelcomeScreen@0] INFO  c.b.v2.module.WebdriverModule - afterCommandExecute: event=com.browserstack.v2.eventBus.Event@3ed492be
10:55:35.880 [verifyWelcomeScreen@0] INFO  c.b.v2.module.WebdriverModule - afterCommandExecute: event=com.browserstack.v2.eventBus.Event@3ed492be
10:55:35.880 [verifyWelcomeScreen@0] INFO  c.b.v2.module.ObservabilityModule - THREAD ID Inside Process= 41
10:55:35.880 [verifyWelcomeScreen@0] INFO  c.b.v2.module.ObservabilityModule - Processing TestLevel attachments from directory: /Users/sanjeevareddysj/.browserstack/UploadedAttachments-41/TestLevel
10:55:35.880 [verifyWelcomeScreen@0] INFO  c.b.v2.module.ObservabilityModule - Processing BuildLevel attachments from directory: /Users/sanjeevareddysj/.browserstack/UploadedAttachments-41/BuildLevel
10:55:35.880 [verifyWelcomeScreen@0] INFO  c.b.v2.module.ObservabilityModule - Processing attachments eventLogs: []
10:55:35.881 [verifyWelcomeScreen@0] INFO  c.b.v2.module.ObservabilityModule - sendLogCreatedEvent: No Log Events to send
10:55:35.884 [verifyWelcomeScreen@0] INFO  c.b.v2.module.WebdriverModule - beforeCommandExecute: event=com.browserstack.v2.eventBus.Event@50a12b4e
10:55:35.884 [verifyWelcomeScreen@0] INFO  c.b.v2.module.WebdriverModule - beforeCommandExecute: event=com.browserstack.v2.eventBus.Event@50a12b4e
10:55:35.976 [verifyWelcomeScreen@0] INFO  c.b.v2.module.WebdriverModule - afterCommandExecute: event=com.browserstack.v2.eventBus.Event@593fdee0
10:55:35.976 [verifyWelcomeScreen@0] INFO  c.b.v2.module.WebdriverModule - afterCommandExecute: event=com.browserstack.v2.eventBus.Event@593fdee0
10:55:35.976 [verifyWelcomeScreen@0] INFO  c.b.v2.module.ObservabilityModule - THREAD ID Inside Process= 41
10:55:35.976 [verifyWelcomeScreen@0] INFO  c.b.v2.module.ObservabilityModule - Processing TestLevel attachments from directory: /Users/sanjeevareddysj/.browserstack/UploadedAttachments-41/TestLevel
10:55:35.976 [verifyWelcomeScreen@0] INFO  c.b.v2.module.ObservabilityModule - Processing BuildLevel attachments from directory: /Users/sanjeevareddysj/.browserstack/UploadedAttachments-41/BuildLevel
10:55:35.976 [verifyWelcomeScreen@0] INFO  c.b.v2.module.ObservabilityModule - Processing attachments eventLogs: []
10:55:35.976 [verifyWelcomeScreen@0] INFO  c.b.v2.module.ObservabilityModule - sendLogCreatedEvent: No Log Events to send
10:55:35.979 [verifyWelcomeScreen@0] INFO  c.b.v2.framework.TestNgFramework - trackEvent: found instance, testFrameworkState=TestFrameworkState.LOG hookState=HookState.PRE instance=1741108805
10:55:35.979 [verifyWelcomeScreen@0] INFO  c.b.v2.framework.TestNgFramework - trackEvent: load log entries
10:55:35.981 [verifyWelcomeScreen@0] INFO  c.b.v2.module.TestHubModule - sendLogCreatedEvent: event=com.browserstack.v2.eventBus.Event@5bb902c6, response=success: true

10:55:35.981 [verifyWelcomeScreen@0] INFO  c.b.v2.module.TestHubModule - sendLogCreatedEvent: event=com.browserstack.v2.eventBus.Event@5bb902c6
10:55:35.983 [verifyWelcomeScreen@0] INFO  c.b.v2.module.WebdriverModule - beforeCommandExecute: event=com.browserstack.v2.eventBus.Event@3f0309cb
10:55:35.983 [verifyWelcomeScreen@0] INFO  c.b.v2.module.WebdriverModule - beforeCommandExecute: event=com.browserstack.v2.eventBus.Event@3f0309cb
10:55:35.983 [verifyWelcomeScreen@0] INFO  c.b.v2.module.WebdriverModule - beforeCommandExecute: event=com.browserstack.v2.eventBus.Event@73c20842
10:55:35.983 [verifyWelcomeScreen@0] INFO  c.b.v2.module.WebdriverModule - beforeCommandExecute: event=com.browserstack.v2.eventBus.Event@73c20842
10:55:36.022 [verifyWelcomeScreen@0] INFO  c.b.v2.module.WebdriverModule - afterCommandExecute: event=com.browserstack.v2.eventBus.Event@607e8bce
10:55:36.022 [verifyWelcomeScreen@0] INFO  c.b.v2.module.WebdriverModule - afterCommandExecute: event=com.browserstack.v2.eventBus.Event@607e8bce
10:55:36.022 [verifyWelcomeScreen@0] INFO  c.b.v2.module.ObservabilityModule - THREAD ID Inside Process= 41
10:55:36.022 [verifyWelcomeScreen@0] INFO  c.b.v2.module.ObservabilityModule - Processing TestLevel attachments from directory: /Users/sanjeevareddysj/.browserstack/UploadedAttachments-41/TestLevel
10:55:36.022 [verifyWelcomeScreen@0] INFO  c.b.v2.module.ObservabilityModule - Processing BuildLevel attachments from directory: /Users/sanjeevareddysj/.browserstack/UploadedAttachments-41/BuildLevel
10:55:36.022 [verifyWelcomeScreen@0] INFO  c.b.v2.module.ObservabilityModule - Processing attachments eventLogs: []
10:55:36.022 [verifyWelcomeScreen@0] INFO  c.b.v2.module.ObservabilityModule - sendLogCreatedEvent: No Log Events to send
10:55:36.023 [verifyWelcomeScreen@0] INFO  c.b.v2.module.WebdriverModule - afterCommandExecute: event=com.browserstack.v2.eventBus.Event@37f15f0f
10:55:36.023 [verifyWelcomeScreen@0] INFO  c.b.v2.module.WebdriverModule - afterCommandExecute: event=com.browserstack.v2.eventBus.Event@37f15f0f
10:55:36.023 [verifyWelcomeScreen@0] INFO  c.b.v2.module.ObservabilityModule - THREAD ID Inside Process= 41
10:55:36.023 [verifyWelcomeScreen@0] INFO  c.b.v2.module.ObservabilityModule - Processing TestLevel attachments from directory: /Users/sanjeevareddysj/.browserstack/UploadedAttachments-41/TestLevel
10:55:36.023 [verifyWelcomeScreen@0] INFO  c.b.v2.module.ObservabilityModule - Processing BuildLevel attachments from directory: /Users/sanjeevareddysj/.browserstack/UploadedAttachments-41/BuildLevel
10:55:36.023 [verifyWelcomeScreen@0] INFO  c.b.v2.module.ObservabilityModule - Processing attachments eventLogs: []
10:55:36.023 [verifyWelcomeScreen@0] INFO  c.b.v2.module.ObservabilityModule - sendLogCreatedEvent: No Log Events to send
10:55:36.024 [verifyWelcomeScreen@0] INFO  c.b.v2.module.WebdriverModule - beforeCommandExecute: event=com.browserstack.v2.eventBus.Event@40a6000c
10:55:36.024 [verifyWelcomeScreen@0] INFO  c.b.v2.module.WebdriverModule - beforeCommandExecute: event=com.browserstack.v2.eventBus.Event@40a6000c
10:55:36.118 [verifyWelcomeScreen@0] INFO  c.b.v2.module.WebdriverModule - afterCommandExecute: event=com.browserstack.v2.eventBus.Event@8d001c5
10:55:36.118 [verifyWelcomeScreen@0] INFO  c.b.v2.module.WebdriverModule - afterCommandExecute: event=com.browserstack.v2.eventBus.Event@8d001c5
10:55:36.118 [verifyWelcomeScreen@0] INFO  c.b.v2.module.ObservabilityModule - THREAD ID Inside Process= 41
10:55:36.118 [verifyWelcomeScreen@0] INFO  c.b.v2.module.ObservabilityModule - Processing TestLevel attachments from directory: /Users/sanjeevareddysj/.browserstack/UploadedAttachments-41/TestLevel
10:55:36.118 [verifyWelcomeScreen@0] INFO  c.b.v2.module.ObservabilityModule - Processing BuildLevel attachments from directory: /Users/sanjeevareddysj/.browserstack/UploadedAttachments-41/BuildLevel
10:55:36.118 [verifyWelcomeScreen@0] INFO  c.b.v2.module.ObservabilityModule - Processing attachments eventLogs: []
10:55:36.118 [verifyWelcomeScreen@0] INFO  c.b.v2.module.ObservabilityModule - sendLogCreatedEvent: No Log Events to send
10:55:36.120 [verifyWelcomeScreen@0] INFO  c.b.v2.module.WebdriverModule - beforeCommandExecute: event=com.browserstack.v2.eventBus.Event@13be8daa
10:55:36.120 [verifyWelcomeScreen@0] INFO  c.b.v2.module.WebdriverModule - beforeCommandExecute: event=com.browserstack.v2.eventBus.Event@13be8daa
10:55:36.178 [verifyWelcomeScreen@0] INFO  c.b.v2.module.WebdriverModule - afterCommandExecute: event=com.browserstack.v2.eventBus.Event@49e8057d
10:55:36.178 [verifyWelcomeScreen@0] INFO  c.b.v2.module.WebdriverModule - afterCommandExecute: event=com.browserstack.v2.eventBus.Event@49e8057d
10:55:36.178 [verifyWelcomeScreen@0] INFO  c.b.v2.module.ObservabilityModule - THREAD ID Inside Process= 41
10:55:36.178 [verifyWelcomeScreen@0] INFO  c.b.v2.module.ObservabilityModule - Processing TestLevel attachments from directory: /Users/sanjeevareddysj/.browserstack/UploadedAttachments-41/TestLevel
10:55:36.178 [verifyWelcomeScreen@0] INFO  c.b.v2.module.ObservabilityModule - Processing BuildLevel attachments from directory: /Users/sanjeevareddysj/.browserstack/UploadedAttachments-41/BuildLevel
10:55:36.178 [verifyWelcomeScreen@0] INFO  c.b.v2.module.ObservabilityModule - Processing attachments eventLogs: []
10:55:36.178 [verifyWelcomeScreen@0] INFO  c.b.v2.module.ObservabilityModule - sendLogCreatedEvent: No Log Events to send
10:55:36.180 [verifyWelcomeScreen@0] INFO  c.b.v2.framework.TestNgFramework - trackEvent: found instance, testFrameworkState=TestFrameworkState.LOG hookState=HookState.PRE instance=1741108805
10:55:36.180 [verifyWelcomeScreen@0] INFO  c.b.v2.framework.TestNgFramework - trackEvent: load log entries
10:55:36.185 [verifyWelcomeScreen@0] INFO  c.b.v2.module.TestHubModule - sendLogCreatedEvent: event=com.browserstack.v2.eventBus.Event@40e1d06a, response=success: true

10:55:36.185 [verifyWelcomeScreen@0] INFO  c.b.v2.module.TestHubModule - sendLogCreatedEvent: event=com.browserstack.v2.eventBus.Event@40e1d06a
10:55:40.206 [verifyWelcomeScreen@0] INFO  c.b.v2.module.WebdriverModule - beforeCommandExecute: event=com.browserstack.v2.eventBus.Event@279976c8
10:55:40.206 [verifyWelcomeScreen@0] INFO  c.b.v2.module.WebdriverModule - beforeCommandExecute: event=com.browserstack.v2.eventBus.Event@279976c8
10:55:40.206 [verifyWelcomeScreen@0] INFO  c.b.v2.module.WebdriverModule - beforeCommandExecute: event=com.browserstack.v2.eventBus.Event@311a68fb
10:55:40.207 [verifyWelcomeScreen@0] INFO  c.b.v2.module.WebdriverModule - beforeCommandExecute: event=com.browserstack.v2.eventBus.Event@311a68fb
10:55:40.253 [verifyWelcomeScreen@0] INFO  c.b.v2.module.WebdriverModule - afterCommandExecute: event=com.browserstack.v2.eventBus.Event@7fb68c32
10:55:40.253 [verifyWelcomeScreen@0] INFO  c.b.v2.module.WebdriverModule - afterCommandExecute: event=com.browserstack.v2.eventBus.Event@7fb68c32
10:55:40.253 [verifyWelcomeScreen@0] INFO  c.b.v2.module.ObservabilityModule - THREAD ID Inside Process= 41
10:55:40.253 [verifyWelcomeScreen@0] INFO  c.b.v2.module.ObservabilityModule - Processing TestLevel attachments from directory: /Users/sanjeevareddysj/.browserstack/UploadedAttachments-41/TestLevel
10:55:40.253 [verifyWelcomeScreen@0] INFO  c.b.v2.module.ObservabilityModule - Processing BuildLevel attachments from directory: /Users/sanjeevareddysj/.browserstack/UploadedAttachments-41/BuildLevel
10:55:40.253 [verifyWelcomeScreen@0] INFO  c.b.v2.module.ObservabilityModule - Processing attachments eventLogs: []
10:55:40.254 [verifyWelcomeScreen@0] INFO  c.b.v2.module.ObservabilityModule - sendLogCreatedEvent: No Log Events to send
10:55:40.259 [verifyWelcomeScreen@0] INFO  c.b.v2.module.WebdriverModule - afterCommandExecute: event=com.browserstack.v2.eventBus.Event@44949159
10:55:40.259 [verifyWelcomeScreen@0] INFO  c.b.v2.module.WebdriverModule - afterCommandExecute: event=com.browserstack.v2.eventBus.Event@44949159
10:55:40.259 [verifyWelcomeScreen@0] INFO  c.b.v2.module.ObservabilityModule - THREAD ID Inside Process= 41
10:55:40.259 [verifyWelcomeScreen@0] INFO  c.b.v2.module.ObservabilityModule - Processing TestLevel attachments from directory: /Users/sanjeevareddysj/.browserstack/UploadedAttachments-41/TestLevel
10:55:40.260 [verifyWelcomeScreen@0] INFO  c.b.v2.module.ObservabilityModule - Processing BuildLevel attachments from directory: /Users/sanjeevareddysj/.browserstack/UploadedAttachments-41/BuildLevel
10:55:40.260 [verifyWelcomeScreen@0] INFO  c.b.v2.module.ObservabilityModule - Processing attachments eventLogs: []
10:55:40.260 [verifyWelcomeScreen@0] INFO  c.b.v2.module.ObservabilityModule - sendLogCreatedEvent: No Log Events to send
10:55:40.263 [verifyWelcomeScreen@0] INFO  c.b.v2.module.WebdriverModule - beforeCommandExecute: event=com.browserstack.v2.eventBus.Event@6db7ab6b
10:55:40.263 [verifyWelcomeScreen@0] INFO  c.b.v2.module.WebdriverModule - beforeCommandExecute: event=com.browserstack.v2.eventBus.Event@6db7ab6b
10:55:40.365 [verifyWelcomeScreen@0] INFO  c.b.v2.module.WebdriverModule - afterCommandExecute: event=com.browserstack.v2.eventBus.Event@29a570b8
10:55:40.365 [verifyWelcomeScreen@0] INFO  c.b.v2.module.WebdriverModule - afterCommandExecute: event=com.browserstack.v2.eventBus.Event@29a570b8
10:55:40.365 [verifyWelcomeScreen@0] INFO  c.b.v2.module.ObservabilityModule - THREAD ID Inside Process= 41
10:55:40.366 [verifyWelcomeScreen@0] INFO  c.b.v2.module.ObservabilityModule - Processing TestLevel attachments from directory: /Users/sanjeevareddysj/.browserstack/UploadedAttachments-41/TestLevel
10:55:40.366 [verifyWelcomeScreen@0] INFO  c.b.v2.module.ObservabilityModule - Processing BuildLevel attachments from directory: /Users/sanjeevareddysj/.browserstack/UploadedAttachments-41/BuildLevel
10:55:40.366 [verifyWelcomeScreen@0] INFO  c.b.v2.module.ObservabilityModule - Processing attachments eventLogs: []
10:55:40.366 [verifyWelcomeScreen@0] INFO  c.b.v2.module.ObservabilityModule - sendLogCreatedEvent: No Log Events to send
10:55:40.552 [verifyWelcomeScreen@0] INFO  c.b.v2.module.WebdriverModule - beforeCommandExecute: event=com.browserstack.v2.eventBus.Event@4b09e5e0
10:55:40.552 [verifyWelcomeScreen@0] INFO  c.b.v2.module.WebdriverModule - beforeCommandExecute: event=com.browserstack.v2.eventBus.Event@4b09e5e0
10:55:40.553 [verifyWelcomeScreen@0] INFO  c.b.v2.module.WebdriverModule - beforeCommandExecute: event=com.browserstack.v2.eventBus.Event@664b6376
10:55:40.553 [verifyWelcomeScreen@0] INFO  c.b.v2.module.WebdriverModule - beforeCommandExecute: event=com.browserstack.v2.eventBus.Event@664b6376
10:55:40.598 [verifyWelcomeScreen@0] INFO  c.b.v2.module.WebdriverModule - afterCommandExecute: event=com.browserstack.v2.eventBus.Event@1dad50ba
10:55:40.598 [verifyWelcomeScreen@0] INFO  c.b.v2.module.WebdriverModule - afterCommandExecute: event=com.browserstack.v2.eventBus.Event@1dad50ba
10:55:40.598 [verifyWelcomeScreen@0] INFO  c.b.v2.module.ObservabilityModule - THREAD ID Inside Process= 41
10:55:40.598 [verifyWelcomeScreen@0] INFO  c.b.v2.module.ObservabilityModule - Processing TestLevel attachments from directory: /Users/sanjeevareddysj/.browserstack/UploadedAttachments-41/TestLevel
10:55:40.598 [verifyWelcomeScreen@0] INFO  c.b.v2.module.ObservabilityModule - Processing BuildLevel attachments from directory: /Users/sanjeevareddysj/.browserstack/UploadedAttachments-41/BuildLevel
10:55:40.598 [verifyWelcomeScreen@0] INFO  c.b.v2.module.ObservabilityModule - Processing attachments eventLogs: []
10:55:40.598 [verifyWelcomeScreen@0] INFO  c.b.v2.module.ObservabilityModule - sendLogCreatedEvent: No Log Events to send
10:55:40.603 [verifyWelcomeScreen@0] INFO  c.b.v2.module.WebdriverModule - afterCommandExecute: event=com.browserstack.v2.eventBus.Event@753c7738
10:55:40.603 [verifyWelcomeScreen@0] INFO  c.b.v2.module.WebdriverModule - afterCommandExecute: event=com.browserstack.v2.eventBus.Event@753c7738
10:55:40.603 [verifyWelcomeScreen@0] INFO  c.b.v2.module.ObservabilityModule - THREAD ID Inside Process= 41
10:55:40.603 [verifyWelcomeScreen@0] INFO  c.b.v2.module.ObservabilityModule - Processing TestLevel attachments from directory: /Users/sanjeevareddysj/.browserstack/UploadedAttachments-41/TestLevel
10:55:40.603 [verifyWelcomeScreen@0] INFO  c.b.v2.module.ObservabilityModule - Processing BuildLevel attachments from directory: /Users/sanjeevareddysj/.browserstack/UploadedAttachments-41/BuildLevel
10:55:40.603 [verifyWelcomeScreen@0] INFO  c.b.v2.module.ObservabilityModule - Processing attachments eventLogs: []
10:55:40.603 [verifyWelcomeScreen@0] INFO  c.b.v2.module.ObservabilityModule - sendLogCreatedEvent: No Log Events to send
10:55:40.606 [verifyWelcomeScreen@0] INFO  c.b.v2.module.WebdriverModule - beforeCommandExecute: event=com.browserstack.v2.eventBus.Event@3f0e5b0a
10:55:40.606 [verifyWelcomeScreen@0] INFO  c.b.v2.module.WebdriverModule - beforeCommandExecute: event=com.browserstack.v2.eventBus.Event@3f0e5b0a
10:55:40.716 [verifyWelcomeScreen@0] INFO  c.b.v2.module.WebdriverModule - afterCommandExecute: event=com.browserstack.v2.eventBus.Event@35e1f9f7
10:55:40.716 [verifyWelcomeScreen@0] INFO  c.b.v2.module.WebdriverModule - afterCommandExecute: event=com.browserstack.v2.eventBus.Event@35e1f9f7
10:55:40.716 [verifyWelcomeScreen@0] INFO  c.b.v2.module.ObservabilityModule - THREAD ID Inside Process= 41
10:55:40.716 [verifyWelcomeScreen@0] INFO  c.b.v2.module.ObservabilityModule - Processing TestLevel attachments from directory: /Users/sanjeevareddysj/.browserstack/UploadedAttachments-41/TestLevel
10:55:40.716 [verifyWelcomeScreen@0] INFO  c.b.v2.module.ObservabilityModule - Processing BuildLevel attachments from directory: /Users/sanjeevareddysj/.browserstack/UploadedAttachments-41/BuildLevel
10:55:40.716 [verifyWelcomeScreen@0] INFO  c.b.v2.module.ObservabilityModule - Processing attachments eventLogs: []
10:55:40.716 [verifyWelcomeScreen@0] INFO  c.b.v2.module.ObservabilityModule - sendLogCreatedEvent: No Log Events to send
10:55:40.720 [verifyWelcomeScreen@0] INFO  c.b.v2.module.WebdriverModule - beforeCommandExecute: event=com.browserstack.v2.eventBus.Event@41a9d5a3
10:55:40.720 [verifyWelcomeScreen@0] INFO  c.b.v2.module.WebdriverModule - beforeCommandExecute: event=com.browserstack.v2.eventBus.Event@41a9d5a3
10:55:40.801 [verifyWelcomeScreen@0] INFO  c.b.v2.module.WebdriverModule - afterCommandExecute: event=com.browserstack.v2.eventBus.Event@2b9c7b10
10:55:40.801 [verifyWelcomeScreen@0] INFO  c.b.v2.module.WebdriverModule - afterCommandExecute: event=com.browserstack.v2.eventBus.Event@2b9c7b10
10:55:40.801 [verifyWelcomeScreen@0] INFO  c.b.v2.module.ObservabilityModule - THREAD ID Inside Process= 41
10:55:40.801 [verifyWelcomeScreen@0] INFO  c.b.v2.module.ObservabilityModule - Processing TestLevel attachments from directory: /Users/sanjeevareddysj/.browserstack/UploadedAttachments-41/TestLevel
10:55:40.801 [verifyWelcomeScreen@0] INFO  c.b.v2.module.ObservabilityModule - Processing BuildLevel attachments from directory: /Users/sanjeevareddysj/.browserstack/UploadedAttachments-41/BuildLevel
10:55:40.802 [verifyWelcomeScreen@0] INFO  c.b.v2.module.ObservabilityModule - Processing attachments eventLogs: []
10:55:40.802 [verifyWelcomeScreen@0] INFO  c.b.v2.module.ObservabilityModule - sendLogCreatedEvent: No Log Events to send
10:55:40.808 [verifyWelcomeScreen@0] INFO  c.b.v2.framework.TestNgFramework - trackEvent: found instance, testFrameworkState=TestFrameworkState.LOG hookState=HookState.PRE instance=1741108805
10:55:40.808 [verifyWelcomeScreen@0] INFO  c.b.v2.framework.TestNgFramework - trackEvent: load log entries
10:55:40.818 [verifyWelcomeScreen@0] INFO  c.b.v2.module.TestHubModule - sendLogCreatedEvent: event=com.browserstack.v2.eventBus.Event@2e4ab116, response=success: true

10:55:40.819 [verifyWelcomeScreen@0] INFO  c.b.v2.module.TestHubModule - sendLogCreatedEvent: event=com.browserstack.v2.eventBus.Event@2e4ab116
10:55:40.822 [verifyWelcomeScreen@0] INFO  c.b.v2.module.WebdriverModule - beforeCommandExecute: event=com.browserstack.v2.eventBus.Event@78643cf4
10:55:40.822 [verifyWelcomeScreen@0] INFO  c.b.v2.module.WebdriverModule - beforeCommandExecute: event=com.browserstack.v2.eventBus.Event@78643cf4
10:55:40.822 [verifyWelcomeScreen@0] INFO  c.b.v2.module.WebdriverModule - beforeCommandExecute: event=com.browserstack.v2.eventBus.Event@2ee5cef7
10:55:40.822 [verifyWelcomeScreen@0] INFO  c.b.v2.module.WebdriverModule - beforeCommandExecute: event=com.browserstack.v2.eventBus.Event@2ee5cef7
10:55:40.861 [verifyWelcomeScreen@0] INFO  c.b.v2.module.WebdriverModule - afterCommandExecute: event=com.browserstack.v2.eventBus.Event@55dc083c
10:55:40.861 [verifyWelcomeScreen@0] INFO  c.b.v2.module.WebdriverModule - afterCommandExecute: event=com.browserstack.v2.eventBus.Event@55dc083c
10:55:40.861 [verifyWelcomeScreen@0] INFO  c.b.v2.module.ObservabilityModule - THREAD ID Inside Process= 41
10:55:40.861 [verifyWelcomeScreen@0] INFO  c.b.v2.module.ObservabilityModule - Processing TestLevel attachments from directory: /Users/sanjeevareddysj/.browserstack/UploadedAttachments-41/TestLevel
10:55:40.861 [verifyWelcomeScreen@0] INFO  c.b.v2.module.ObservabilityModule - Processing BuildLevel attachments from directory: /Users/sanjeevareddysj/.browserstack/UploadedAttachments-41/BuildLevel
10:55:40.861 [verifyWelcomeScreen@0] INFO  c.b.v2.module.ObservabilityModule - Processing attachments eventLogs: []
10:55:40.861 [verifyWelcomeScreen@0] INFO  c.b.v2.module.ObservabilityModule - sendLogCreatedEvent: No Log Events to send
10:55:40.862 [verifyWelcomeScreen@0] INFO  c.b.v2.module.WebdriverModule - afterCommandExecute: event=com.browserstack.v2.eventBus.Event@1bd1569e
10:55:40.862 [verifyWelcomeScreen@0] INFO  c.b.v2.module.WebdriverModule - afterCommandExecute: event=com.browserstack.v2.eventBus.Event@1bd1569e
10:55:40.862 [verifyWelcomeScreen@0] INFO  c.b.v2.module.ObservabilityModule - THREAD ID Inside Process= 41
10:55:40.862 [verifyWelcomeScreen@0] INFO  c.b.v2.module.ObservabilityModule - Processing TestLevel attachments from directory: /Users/sanjeevareddysj/.browserstack/UploadedAttachments-41/TestLevel
10:55:40.862 [verifyWelcomeScreen@0] INFO  c.b.v2.module.ObservabilityModule - Processing BuildLevel attachments from directory: /Users/sanjeevareddysj/.browserstack/UploadedAttachments-41/BuildLevel
10:55:40.862 [verifyWelcomeScreen@0] INFO  c.b.v2.module.ObservabilityModule - Processing attachments eventLogs: []
10:55:40.862 [verifyWelcomeScreen@0] INFO  c.b.v2.module.ObservabilityModule - sendLogCreatedEvent: No Log Events to send
10:55:40.863 [verifyWelcomeScreen@0] INFO  c.b.v2.module.WebdriverModule - beforeCommandExecute: event=com.browserstack.v2.eventBus.Event@2eebc7d9
10:55:40.863 [verifyWelcomeScreen@0] INFO  c.b.v2.module.WebdriverModule - beforeCommandExecute: event=com.browserstack.v2.eventBus.Event@2eebc7d9
10:55:40.990 [verifyWelcomeScreen@0] INFO  c.b.v2.module.WebdriverModule - afterCommandExecute: event=com.browserstack.v2.eventBus.Event@d87178d
10:55:40.990 [verifyWelcomeScreen@0] INFO  c.b.v2.module.WebdriverModule - afterCommandExecute: event=com.browserstack.v2.eventBus.Event@d87178d
10:55:40.990 [verifyWelcomeScreen@0] INFO  c.b.v2.module.ObservabilityModule - THREAD ID Inside Process= 41
10:55:40.990 [verifyWelcomeScreen@0] INFO  c.b.v2.module.ObservabilityModule - Processing TestLevel attachments from directory: /Users/sanjeevareddysj/.browserstack/UploadedAttachments-41/TestLevel
10:55:40.990 [verifyWelcomeScreen@0] INFO  c.b.v2.module.ObservabilityModule - Processing BuildLevel attachments from directory: /Users/sanjeevareddysj/.browserstack/UploadedAttachments-41/BuildLevel
10:55:40.990 [verifyWelcomeScreen@0] INFO  c.b.v2.module.ObservabilityModule - Processing attachments eventLogs: []
10:55:40.990 [verifyWelcomeScreen@0] INFO  c.b.v2.module.ObservabilityModule - sendLogCreatedEvent: No Log Events to send
10:55:40.994 [verifyWelcomeScreen@0] INFO  c.b.v2.module.WebdriverModule - beforeCommandExecute: event=com.browserstack.v2.eventBus.Event@398d8e8f
10:55:40.994 [verifyWelcomeScreen@0] INFO  c.b.v2.module.WebdriverModule - beforeCommandExecute: event=com.browserstack.v2.eventBus.Event@398d8e8f
10:55:41.055 [verifyWelcomeScreen@0] INFO  c.b.v2.module.WebdriverModule - afterCommandExecute: event=com.browserstack.v2.eventBus.Event@75ebd548
10:55:41.055 [verifyWelcomeScreen@0] INFO  c.b.v2.module.WebdriverModule - afterCommandExecute: event=com.browserstack.v2.eventBus.Event@75ebd548
10:55:41.055 [verifyWelcomeScreen@0] INFO  c.b.v2.module.ObservabilityModule - THREAD ID Inside Process= 41
10:55:41.055 [verifyWelcomeScreen@0] INFO  c.b.v2.module.ObservabilityModule - Processing TestLevel attachments from directory: /Users/sanjeevareddysj/.browserstack/UploadedAttachments-41/TestLevel
10:55:41.055 [verifyWelcomeScreen@0] INFO  c.b.v2.module.ObservabilityModule - Processing BuildLevel attachments from directory: /Users/sanjeevareddysj/.browserstack/UploadedAttachments-41/BuildLevel
10:55:41.056 [verifyWelcomeScreen@0] INFO  c.b.v2.module.ObservabilityModule - Processing attachments eventLogs: []
10:55:41.056 [verifyWelcomeScreen@0] INFO  c.b.v2.module.ObservabilityModule - sendLogCreatedEvent: No Log Events to send
10:55:41.058 [verifyWelcomeScreen@0] INFO  c.b.v2.framework.TestNgFramework - trackEvent: found instance, testFrameworkState=TestFrameworkState.LOG hookState=HookState.PRE instance=1741108805
10:55:41.058 [verifyWelcomeScreen@0] INFO  c.b.v2.framework.TestNgFramework - trackEvent: load log entries
10:55:41.061 [verifyWelcomeScreen@0] INFO  c.b.v2.module.TestHubModule - sendLogCreatedEvent: event=com.browserstack.v2.eventBus.Event@50cccf1a, response=success: true

10:55:41.061 [verifyWelcomeScreen@0] INFO  c.b.v2.module.TestHubModule - sendLogCreatedEvent: event=com.browserstack.v2.eventBus.Event@50cccf1a
10:55:45.070 [verifyWelcomeScreen@0] INFO  c.b.v2.module.WebdriverModule - beforeCommandExecute: event=com.browserstack.v2.eventBus.Event@42b954f9
10:55:45.070 [verifyWelcomeScreen@0] INFO  c.b.v2.module.WebdriverModule - beforeCommandExecute: event=com.browserstack.v2.eventBus.Event@42b954f9
10:55:45.071 [verifyWelcomeScreen@0] INFO  c.b.v2.module.WebdriverModule - beforeCommandExecute: event=com.browserstack.v2.eventBus.Event@9f1c391
10:55:45.071 [verifyWelcomeScreen@0] INFO  c.b.v2.module.WebdriverModule - beforeCommandExecute: event=com.browserstack.v2.eventBus.Event@9f1c391
10:55:45.130 [verifyWelcomeScreen@0] INFO  c.b.v2.module.WebdriverModule - afterCommandExecute: event=com.browserstack.v2.eventBus.Event@3f7379aa
10:55:45.130 [verifyWelcomeScreen@0] INFO  c.b.v2.module.WebdriverModule - afterCommandExecute: event=com.browserstack.v2.eventBus.Event@3f7379aa
10:55:45.130 [verifyWelcomeScreen@0] INFO  c.b.v2.module.ObservabilityModule - THREAD ID Inside Process= 41
10:55:45.130 [verifyWelcomeScreen@0] INFO  c.b.v2.module.ObservabilityModule - Processing TestLevel attachments from directory: /Users/sanjeevareddysj/.browserstack/UploadedAttachments-41/TestLevel
10:55:45.131 [verifyWelcomeScreen@0] INFO  c.b.v2.module.ObservabilityModule - Processing BuildLevel attachments from directory: /Users/sanjeevareddysj/.browserstack/UploadedAttachments-41/BuildLevel
10:55:45.131 [verifyWelcomeScreen@0] INFO  c.b.v2.module.ObservabilityModule - Processing attachments eventLogs: []
10:55:45.131 [verifyWelcomeScreen@0] INFO  c.b.v2.module.ObservabilityModule - sendLogCreatedEvent: No Log Events to send
10:55:45.135 [verifyWelcomeScreen@0] INFO  c.b.v2.module.WebdriverModule - afterCommandExecute: event=com.browserstack.v2.eventBus.Event@60f2c6f9
10:55:45.135 [verifyWelcomeScreen@0] INFO  c.b.v2.module.WebdriverModule - afterCommandExecute: event=com.browserstack.v2.eventBus.Event@60f2c6f9
10:55:45.135 [verifyWelcomeScreen@0] INFO  c.b.v2.module.ObservabilityModule - THREAD ID Inside Process= 41
10:55:45.135 [verifyWelcomeScreen@0] INFO  c.b.v2.module.ObservabilityModule - Processing TestLevel attachments from directory: /Users/sanjeevareddysj/.browserstack/UploadedAttachments-41/TestLevel
10:55:45.135 [verifyWelcomeScreen@0] INFO  c.b.v2.module.ObservabilityModule - Processing BuildLevel attachments from directory: /Users/sanjeevareddysj/.browserstack/UploadedAttachments-41/BuildLevel
10:55:45.135 [verifyWelcomeScreen@0] INFO  c.b.v2.module.ObservabilityModule - Processing attachments eventLogs: []
10:55:45.135 [verifyWelcomeScreen@0] INFO  c.b.v2.module.ObservabilityModule - sendLogCreatedEvent: No Log Events to send
10:55:45.138 [verifyWelcomeScreen@0] INFO  c.b.v2.module.WebdriverModule - beforeCommandExecute: event=com.browserstack.v2.eventBus.Event@4382f75d
10:55:45.138 [verifyWelcomeScreen@0] INFO  c.b.v2.module.WebdriverModule - beforeCommandExecute: event=com.browserstack.v2.eventBus.Event@4382f75d
10:55:45.250 [verifyWelcomeScreen@0] INFO  c.b.v2.module.WebdriverModule - afterCommandExecute: event=com.browserstack.v2.eventBus.Event@1491553c
10:55:45.250 [verifyWelcomeScreen@0] INFO  c.b.v2.module.WebdriverModule - afterCommandExecute: event=com.browserstack.v2.eventBus.Event@1491553c
10:55:45.250 [verifyWelcomeScreen@0] INFO  c.b.v2.module.ObservabilityModule - THREAD ID Inside Process= 41
10:55:45.250 [verifyWelcomeScreen@0] INFO  c.b.v2.module.ObservabilityModule - Processing TestLevel attachments from directory: /Users/sanjeevareddysj/.browserstack/UploadedAttachments-41/TestLevel
10:55:45.250 [verifyWelcomeScreen@0] INFO  c.b.v2.module.ObservabilityModule - Processing BuildLevel attachments from directory: /Users/sanjeevareddysj/.browserstack/UploadedAttachments-41/BuildLevel
10:55:45.250 [verifyWelcomeScreen@0] INFO  c.b.v2.module.ObservabilityModule - Processing attachments eventLogs: []
10:55:45.250 [verifyWelcomeScreen@0] INFO  c.b.v2.module.ObservabilityModule - sendLogCreatedEvent: No Log Events to send
10:55:45.432 [verifyWelcomeScreen@0] INFO  c.b.v2.module.WebdriverModule - beforeCommandExecute: event=com.browserstack.v2.eventBus.Event@11748eed
10:55:45.432 [verifyWelcomeScreen@0] INFO  c.b.v2.module.WebdriverModule - beforeCommandExecute: event=com.browserstack.v2.eventBus.Event@11748eed
10:55:45.432 [verifyWelcomeScreen@0] INFO  c.b.v2.module.WebdriverModule - beforeCommandExecute: event=com.browserstack.v2.eventBus.Event@4f9e4810
10:55:45.432 [verifyWelcomeScreen@0] INFO  c.b.v2.module.WebdriverModule - beforeCommandExecute: event=com.browserstack.v2.eventBus.Event@4f9e4810
10:55:45.473 [verifyWelcomeScreen@0] INFO  c.b.v2.module.WebdriverModule - afterCommandExecute: event=com.browserstack.v2.eventBus.Event@175a5961
10:55:45.473 [verifyWelcomeScreen@0] INFO  c.b.v2.module.WebdriverModule - afterCommandExecute: event=com.browserstack.v2.eventBus.Event@175a5961
10:55:45.473 [verifyWelcomeScreen@0] INFO  c.b.v2.module.ObservabilityModule - THREAD ID Inside Process= 41
10:55:45.473 [verifyWelcomeScreen@0] INFO  c.b.v2.module.ObservabilityModule - Processing TestLevel attachments from directory: /Users/sanjeevareddysj/.browserstack/UploadedAttachments-41/TestLevel
10:55:45.473 [verifyWelcomeScreen@0] INFO  c.b.v2.module.ObservabilityModule - Processing BuildLevel attachments from directory: /Users/sanjeevareddysj/.browserstack/UploadedAttachments-41/BuildLevel
10:55:45.474 [verifyWelcomeScreen@0] INFO  c.b.v2.module.ObservabilityModule - Processing attachments eventLogs: []
10:55:45.474 [verifyWelcomeScreen@0] INFO  c.b.v2.module.ObservabilityModule - sendLogCreatedEvent: No Log Events to send
10:55:45.476 [verifyWelcomeScreen@0] INFO  c.b.v2.module.WebdriverModule - afterCommandExecute: event=com.browserstack.v2.eventBus.Event@39b73af0
10:55:45.476 [verifyWelcomeScreen@0] INFO  c.b.v2.module.WebdriverModule - afterCommandExecute: event=com.browserstack.v2.eventBus.Event@39b73af0
10:55:45.476 [verifyWelcomeScreen@0] INFO  c.b.v2.module.ObservabilityModule - THREAD ID Inside Process= 41
10:55:45.476 [verifyWelcomeScreen@0] INFO  c.b.v2.module.ObservabilityModule - Processing TestLevel attachments from directory: /Users/sanjeevareddysj/.browserstack/UploadedAttachments-41/TestLevel
10:55:45.476 [verifyWelcomeScreen@0] INFO  c.b.v2.module.ObservabilityModule - Processing BuildLevel attachments from directory: /Users/sanjeevareddysj/.browserstack/UploadedAttachments-41/BuildLevel
10:55:45.476 [verifyWelcomeScreen@0] INFO  c.b.v2.module.ObservabilityModule - Processing attachments eventLogs: []
10:55:45.476 [verifyWelcomeScreen@0] INFO  c.b.v2.module.ObservabilityModule - sendLogCreatedEvent: No Log Events to send
10:55:45.479 [verifyWelcomeScreen@0] INFO  c.b.v2.module.WebdriverModule - beforeCommandExecute: event=com.browserstack.v2.eventBus.Event@4180eba4
10:55:45.479 [verifyWelcomeScreen@0] INFO  c.b.v2.module.WebdriverModule - beforeCommandExecute: event=com.browserstack.v2.eventBus.Event@4180eba4
10:55:45.566 [verifyWelcomeScreen@0] INFO  c.b.v2.module.WebdriverModule - afterCommandExecute: event=com.browserstack.v2.eventBus.Event@5e2fb54d
10:55:45.566 [verifyWelcomeScreen@0] INFO  c.b.v2.module.WebdriverModule - afterCommandExecute: event=com.browserstack.v2.eventBus.Event@5e2fb54d
10:55:45.566 [verifyWelcomeScreen@0] INFO  c.b.v2.module.ObservabilityModule - THREAD ID Inside Process= 41
10:55:45.566 [verifyWelcomeScreen@0] INFO  c.b.v2.module.ObservabilityModule - Processing TestLevel attachments from directory: /Users/sanjeevareddysj/.browserstack/UploadedAttachments-41/TestLevel
10:55:45.566 [verifyWelcomeScreen@0] INFO  c.b.v2.module.ObservabilityModule - Processing BuildLevel attachments from directory: /Users/sanjeevareddysj/.browserstack/UploadedAttachments-41/BuildLevel
10:55:45.566 [verifyWelcomeScreen@0] INFO  c.b.v2.module.ObservabilityModule - Processing attachments eventLogs: []
10:55:45.566 [verifyWelcomeScreen@0] INFO  c.b.v2.module.ObservabilityModule - sendLogCreatedEvent: No Log Events to send
10:55:45.571 [verifyWelcomeScreen@0] INFO  c.b.v2.module.WebdriverModule - beforeCommandExecute: event=com.browserstack.v2.eventBus.Event@1334c0ae
10:55:45.571 [verifyWelcomeScreen@0] INFO  c.b.v2.module.WebdriverModule - beforeCommandExecute: event=com.browserstack.v2.eventBus.Event@1334c0ae
10:55:45.632 [verifyWelcomeScreen@0] INFO  c.b.v2.module.WebdriverModule - afterCommandExecute: event=com.browserstack.v2.eventBus.Event@6d339b78
10:55:45.632 [verifyWelcomeScreen@0] INFO  c.b.v2.module.WebdriverModule - afterCommandExecute: event=com.browserstack.v2.eventBus.Event@6d339b78
10:55:45.632 [verifyWelcomeScreen@0] INFO  c.b.v2.module.ObservabilityModule - THREAD ID Inside Process= 41
10:55:45.632 [verifyWelcomeScreen@0] INFO  c.b.v2.module.ObservabilityModule - Processing TestLevel attachments from directory: /Users/sanjeevareddysj/.browserstack/UploadedAttachments-41/TestLevel
10:55:45.633 [verifyWelcomeScreen@0] INFO  c.b.v2.module.ObservabilityModule - Processing BuildLevel attachments from directory: /Users/sanjeevareddysj/.browserstack/UploadedAttachments-41/BuildLevel
10:55:45.633 [verifyWelcomeScreen@0] INFO  c.b.v2.module.ObservabilityModule - Processing attachments eventLogs: []
10:55:45.633 [verifyWelcomeScreen@0] INFO  c.b.v2.module.ObservabilityModule - sendLogCreatedEvent: No Log Events to send
10:55:45.636 [verifyWelcomeScreen@0] INFO  c.b.v2.framework.TestNgFramework - trackEvent: found instance, testFrameworkState=TestFrameworkState.LOG hookState=HookState.PRE instance=1741108805
10:55:45.636 [verifyWelcomeScreen@0] INFO  c.b.v2.framework.TestNgFramework - trackEvent: load log entries
10:55:45.644 [verifyWelcomeScreen@0] INFO  c.b.v2.module.TestHubModule - sendLogCreatedEvent: event=com.browserstack.v2.eventBus.Event@70efb32b, response=success: true

10:55:45.645 [verifyWelcomeScreen@0] INFO  c.b.v2.module.TestHubModule - sendLogCreatedEvent: event=com.browserstack.v2.eventBus.Event@70efb32b
10:55:45.648 [verifyWelcomeScreen@0] INFO  c.b.v2.module.WebdriverModule - beforeCommandExecute: event=com.browserstack.v2.eventBus.Event@cbad2a4
10:55:45.648 [verifyWelcomeScreen@0] INFO  c.b.v2.module.WebdriverModule - beforeCommandExecute: event=com.browserstack.v2.eventBus.Event@cbad2a4
10:55:45.648 [verifyWelcomeScreen@0] INFO  c.b.v2.module.WebdriverModule - beforeCommandExecute: event=com.browserstack.v2.eventBus.Event@5ba3c921
10:55:45.648 [verifyWelcomeScreen@0] INFO  c.b.v2.module.WebdriverModule - beforeCommandExecute: event=com.browserstack.v2.eventBus.Event@5ba3c921
10:55:45.691 [verifyWelcomeScreen@0] INFO  c.b.v2.module.WebdriverModule - afterCommandExecute: event=com.browserstack.v2.eventBus.Event@57deedc1
10:55:45.691 [verifyWelcomeScreen@0] INFO  c.b.v2.module.WebdriverModule - afterCommandExecute: event=com.browserstack.v2.eventBus.Event@57deedc1
10:55:45.691 [verifyWelcomeScreen@0] INFO  c.b.v2.module.ObservabilityModule - THREAD ID Inside Process= 41
10:55:45.691 [verifyWelcomeScreen@0] INFO  c.b.v2.module.ObservabilityModule - Processing TestLevel attachments from directory: /Users/sanjeevareddysj/.browserstack/UploadedAttachments-41/TestLevel
10:55:45.691 [verifyWelcomeScreen@0] INFO  c.b.v2.module.ObservabilityModule - Processing BuildLevel attachments from directory: /Users/sanjeevareddysj/.browserstack/UploadedAttachments-41/BuildLevel
10:55:45.691 [verifyWelcomeScreen@0] INFO  c.b.v2.module.ObservabilityModule - Processing attachments eventLogs: []
10:55:45.691 [verifyWelcomeScreen@0] INFO  c.b.v2.module.ObservabilityModule - sendLogCreatedEvent: No Log Events to send
10:55:45.695 [verifyWelcomeScreen@0] INFO  c.b.v2.module.WebdriverModule - afterCommandExecute: event=com.browserstack.v2.eventBus.Event@69b2512
10:55:45.695 [verifyWelcomeScreen@0] INFO  c.b.v2.module.WebdriverModule - afterCommandExecute: event=com.browserstack.v2.eventBus.Event@69b2512
10:55:45.695 [verifyWelcomeScreen@0] INFO  c.b.v2.module.ObservabilityModule - THREAD ID Inside Process= 41
10:55:45.695 [verifyWelcomeScreen@0] INFO  c.b.v2.module.ObservabilityModule - Processing TestLevel attachments from directory: /Users/sanjeevareddysj/.browserstack/UploadedAttachments-41/TestLevel
10:55:45.696 [verifyWelcomeScreen@0] INFO  c.b.v2.module.ObservabilityModule - Processing BuildLevel attachments from directory: /Users/sanjeevareddysj/.browserstack/UploadedAttachments-41/BuildLevel
10:55:45.696 [verifyWelcomeScreen@0] INFO  c.b.v2.module.ObservabilityModule - Processing attachments eventLogs: []
10:55:45.696 [verifyWelcomeScreen@0] INFO  c.b.v2.module.ObservabilityModule - sendLogCreatedEvent: No Log Events to send
10:55:45.699 [verifyWelcomeScreen@0] INFO  c.b.v2.module.WebdriverModule - beforeCommandExecute: event=com.browserstack.v2.eventBus.Event@63244373
10:55:45.699 [verifyWelcomeScreen@0] INFO  c.b.v2.module.WebdriverModule - beforeCommandExecute: event=com.browserstack.v2.eventBus.Event@63244373
10:55:45.783 [verifyWelcomeScreen@0] INFO  c.b.v2.module.WebdriverModule - afterCommandExecute: event=com.browserstack.v2.eventBus.Event@71a02b27
10:55:45.783 [verifyWelcomeScreen@0] INFO  c.b.v2.module.WebdriverModule - afterCommandExecute: event=com.browserstack.v2.eventBus.Event@71a02b27
10:55:45.783 [verifyWelcomeScreen@0] INFO  c.b.v2.module.ObservabilityModule - THREAD ID Inside Process= 41
10:55:45.783 [verifyWelcomeScreen@0] INFO  c.b.v2.module.ObservabilityModule - Processing TestLevel attachments from directory: /Users/sanjeevareddysj/.browserstack/UploadedAttachments-41/TestLevel
10:55:45.783 [verifyWelcomeScreen@0] INFO  c.b.v2.module.ObservabilityModule - Processing BuildLevel attachments from directory: /Users/sanjeevareddysj/.browserstack/UploadedAttachments-41/BuildLevel
10:55:45.783 [verifyWelcomeScreen@0] INFO  c.b.v2.module.ObservabilityModule - Processing attachments eventLogs: []
10:55:45.783 [verifyWelcomeScreen@0] INFO  c.b.v2.module.ObservabilityModule - sendLogCreatedEvent: No Log Events to send
10:55:45.784 [verifyWelcomeScreen@0] INFO  c.b.v2.module.WebdriverModule - beforeCommandExecute: event=com.browserstack.v2.eventBus.Event@2010e666
10:55:45.784 [verifyWelcomeScreen@0] INFO  c.b.v2.module.WebdriverModule - beforeCommandExecute: event=com.browserstack.v2.eventBus.Event@2010e666
10:55:45.845 [verifyWelcomeScreen@0] INFO  c.b.v2.module.WebdriverModule - afterCommandExecute: event=com.browserstack.v2.eventBus.Event@74f45b08
10:55:45.845 [verifyWelcomeScreen@0] INFO  c.b.v2.module.WebdriverModule - afterCommandExecute: event=com.browserstack.v2.eventBus.Event@74f45b08
10:55:45.845 [verifyWelcomeScreen@0] INFO  c.b.v2.module.ObservabilityModule - THREAD ID Inside Process= 41
10:55:45.845 [verifyWelcomeScreen@0] INFO  c.b.v2.module.ObservabilityModule - Processing TestLevel attachments from directory: /Users/sanjeevareddysj/.browserstack/UploadedAttachments-41/TestLevel
10:55:45.845 [verifyWelcomeScreen@0] INFO  c.b.v2.module.ObservabilityModule - Processing BuildLevel attachments from directory: /Users/sanjeevareddysj/.browserstack/UploadedAttachments-41/BuildLevel
10:55:45.845 [verifyWelcomeScreen@0] INFO  c.b.v2.module.ObservabilityModule - Processing attachments eventLogs: []
10:55:45.845 [verifyWelcomeScreen@0] INFO  c.b.v2.module.ObservabilityModule - sendLogCreatedEvent: No Log Events to send
10:55:45.846 [verifyWelcomeScreen@0] INFO  c.b.v2.framework.TestNgFramework - trackEvent: found instance, testFrameworkState=TestFrameworkState.LOG hookState=HookState.PRE instance=1741108805
10:55:45.846 [verifyWelcomeScreen@0] INFO  c.b.v2.framework.TestNgFramework - trackEvent: load log entries
10:55:45.849 [verifyWelcomeScreen@0] INFO  c.b.v2.module.TestHubModule - sendLogCreatedEvent: event=com.browserstack.v2.eventBus.Event@232ad5e3, response=success: true

10:55:45.849 [verifyWelcomeScreen@0] INFO  c.b.v2.module.TestHubModule - sendLogCreatedEvent: event=com.browserstack.v2.eventBus.Event@232ad5e3
10:55:49.863 [verifyWelcomeScreen@0] INFO  c.b.v2.module.WebdriverModule - beforeCommandExecute: event=com.browserstack.v2.eventBus.Event@38f8bd70
10:55:49.863 [verifyWelcomeScreen@0] INFO  c.b.v2.module.WebdriverModule - beforeCommandExecute: event=com.browserstack.v2.eventBus.Event@38f8bd70
10:55:49.863 [verifyWelcomeScreen@0] INFO  c.b.v2.module.WebdriverModule - beforeCommandExecute: event=com.browserstack.v2.eventBus.Event@4ab8a499
10:55:49.863 [verifyWelcomeScreen@0] INFO  c.b.v2.module.WebdriverModule - beforeCommandExecute: event=com.browserstack.v2.eventBus.Event@4ab8a499
10:55:49.927 [verifyWelcomeScreen@0] INFO  c.b.v2.module.WebdriverModule - afterCommandExecute: event=com.browserstack.v2.eventBus.Event@3fc8e5e0
10:55:49.927 [verifyWelcomeScreen@0] INFO  c.b.v2.module.WebdriverModule - afterCommandExecute: event=com.browserstack.v2.eventBus.Event@3fc8e5e0
10:55:49.927 [verifyWelcomeScreen@0] INFO  c.b.v2.module.ObservabilityModule - THREAD ID Inside Process= 41
10:55:49.928 [verifyWelcomeScreen@0] INFO  c.b.v2.module.ObservabilityModule - Processing TestLevel attachments from directory: /Users/sanjeevareddysj/.browserstack/UploadedAttachments-41/TestLevel
10:55:49.928 [verifyWelcomeScreen@0] INFO  c.b.v2.module.ObservabilityModule - Processing BuildLevel attachments from directory: /Users/sanjeevareddysj/.browserstack/UploadedAttachments-41/BuildLevel
10:55:49.928 [verifyWelcomeScreen@0] INFO  c.b.v2.module.ObservabilityModule - Processing attachments eventLogs: []
10:55:49.928 [verifyWelcomeScreen@0] INFO  c.b.v2.module.ObservabilityModule - sendLogCreatedEvent: No Log Events to send
10:55:49.933 [verifyWelcomeScreen@0] INFO  c.b.v2.module.WebdriverModule - afterCommandExecute: event=com.browserstack.v2.eventBus.Event@17c4403c
10:55:49.933 [verifyWelcomeScreen@0] INFO  c.b.v2.module.WebdriverModule - afterCommandExecute: event=com.browserstack.v2.eventBus.Event@17c4403c
10:55:49.933 [verifyWelcomeScreen@0] INFO  c.b.v2.module.ObservabilityModule - THREAD ID Inside Process= 41
10:55:49.933 [verifyWelcomeScreen@0] INFO  c.b.v2.module.ObservabilityModule - Processing TestLevel attachments from directory: /Users/sanjeevareddysj/.browserstack/UploadedAttachments-41/TestLevel
10:55:49.933 [verifyWelcomeScreen@0] INFO  c.b.v2.module.ObservabilityModule - Processing BuildLevel attachments from directory: /Users/sanjeevareddysj/.browserstack/UploadedAttachments-41/BuildLevel
10:55:49.933 [verifyWelcomeScreen@0] INFO  c.b.v2.module.ObservabilityModule - Processing attachments eventLogs: []
10:55:49.934 [verifyWelcomeScreen@0] INFO  c.b.v2.module.ObservabilityModule - sendLogCreatedEvent: No Log Events to send
10:55:49.936 [verifyWelcomeScreen@0] INFO  c.b.v2.module.WebdriverModule - beforeCommandExecute: event=com.browserstack.v2.eventBus.Event@60c8a32e
10:55:49.936 [verifyWelcomeScreen@0] INFO  c.b.v2.module.WebdriverModule - beforeCommandExecute: event=com.browserstack.v2.eventBus.Event@60c8a32e
10:55:50.005 [verifyWelcomeScreen@0] INFO  c.b.v2.module.WebdriverModule - afterCommandExecute: event=com.browserstack.v2.eventBus.Event@5e940d6e
10:55:50.005 [verifyWelcomeScreen@0] INFO  c.b.v2.module.WebdriverModule - afterCommandExecute: event=com.browserstack.v2.eventBus.Event@5e940d6e
10:55:50.005 [verifyWelcomeScreen@0] INFO  c.b.v2.module.ObservabilityModule - THREAD ID Inside Process= 41
10:55:50.005 [verifyWelcomeScreen@0] INFO  c.b.v2.module.ObservabilityModule - Processing TestLevel attachments from directory: /Users/sanjeevareddysj/.browserstack/UploadedAttachments-41/TestLevel
10:55:50.005 [verifyWelcomeScreen@0] INFO  c.b.v2.module.ObservabilityModule - Processing BuildLevel attachments from directory: /Users/sanjeevareddysj/.browserstack/UploadedAttachments-41/BuildLevel
10:55:50.006 [verifyWelcomeScreen@0] INFO  c.b.v2.module.ObservabilityModule - Processing attachments eventLogs: []
10:55:50.006 [verifyWelcomeScreen@0] INFO  c.b.v2.module.ObservabilityModule - sendLogCreatedEvent: No Log Events to send
10:55:50.201 [verifyWelcomeScreen@0] INFO  c.b.v2.module.WebdriverModule - beforeCommandExecute: event=com.browserstack.v2.eventBus.Event@30b5f695
10:55:50.201 [verifyWelcomeScreen@0] INFO  c.b.v2.module.WebdriverModule - beforeCommandExecute: event=com.browserstack.v2.eventBus.Event@30b5f695
10:55:50.201 [verifyWelcomeScreen@0] INFO  c.b.v2.module.WebdriverModule - beforeCommandExecute: event=com.browserstack.v2.eventBus.Event@4225d6ca
10:55:50.201 [verifyWelcomeScreen@0] INFO  c.b.v2.module.WebdriverModule - beforeCommandExecute: event=com.browserstack.v2.eventBus.Event@4225d6ca
10:55:50.243 [verifyWelcomeScreen@0] INFO  c.b.v2.module.WebdriverModule - afterCommandExecute: event=com.browserstack.v2.eventBus.Event@3ce81ffa
10:55:50.243 [verifyWelcomeScreen@0] INFO  c.b.v2.module.WebdriverModule - afterCommandExecute: event=com.browserstack.v2.eventBus.Event@3ce81ffa
10:55:50.243 [verifyWelcomeScreen@0] INFO  c.b.v2.module.ObservabilityModule - THREAD ID Inside Process= 41
10:55:50.244 [verifyWelcomeScreen@0] INFO  c.b.v2.module.ObservabilityModule - Processing TestLevel attachments from directory: /Users/sanjeevareddysj/.browserstack/UploadedAttachments-41/TestLevel
10:55:50.244 [verifyWelcomeScreen@0] INFO  c.b.v2.module.ObservabilityModule - Processing BuildLevel attachments from directory: /Users/sanjeevareddysj/.browserstack/UploadedAttachments-41/BuildLevel
10:55:50.244 [verifyWelcomeScreen@0] INFO  c.b.v2.module.ObservabilityModule - Processing attachments eventLogs: []
10:55:50.244 [verifyWelcomeScreen@0] INFO  c.b.v2.module.ObservabilityModule - sendLogCreatedEvent: No Log Events to send
10:55:50.259 [verifyWelcomeScreen@0] INFO  c.b.v2.module.WebdriverModule - afterCommandExecute: event=com.browserstack.v2.eventBus.Event@594b9621
10:55:50.259 [verifyWelcomeScreen@0] INFO  c.b.v2.module.WebdriverModule - afterCommandExecute: event=com.browserstack.v2.eventBus.Event@594b9621
10:55:50.259 [verifyWelcomeScreen@0] INFO  c.b.v2.module.ObservabilityModule - THREAD ID Inside Process= 41
10:55:50.259 [verifyWelcomeScreen@0] INFO  c.b.v2.module.ObservabilityModule - Processing TestLevel attachments from directory: /Users/sanjeevareddysj/.browserstack/UploadedAttachments-41/TestLevel
10:55:50.259 [verifyWelcomeScreen@0] INFO  c.b.v2.module.ObservabilityModule - Processing BuildLevel attachments from directory: /Users/sanjeevareddysj/.browserstack/UploadedAttachments-41/BuildLevel
10:55:50.259 [verifyWelcomeScreen@0] INFO  c.b.v2.module.ObservabilityModule - Processing attachments eventLogs: []
10:55:50.259 [verifyWelcomeScreen@0] INFO  c.b.v2.module.ObservabilityModule - sendLogCreatedEvent: No Log Events to send
10:55:50.264 [verifyWelcomeScreen@0] INFO  c.b.v2.module.WebdriverModule - beforeCommandExecute: event=com.browserstack.v2.eventBus.Event@49df46d7
10:55:50.265 [verifyWelcomeScreen@0] INFO  c.b.v2.module.WebdriverModule - beforeCommandExecute: event=com.browserstack.v2.eventBus.Event@49df46d7
10:55:50.340 [verifyWelcomeScreen@0] INFO  c.b.v2.module.WebdriverModule - afterCommandExecute: event=com.browserstack.v2.eventBus.Event@182c7904
10:55:50.340 [verifyWelcomeScreen@0] INFO  c.b.v2.module.WebdriverModule - afterCommandExecute: event=com.browserstack.v2.eventBus.Event@182c7904
10:55:50.341 [verifyWelcomeScreen@0] INFO  c.b.v2.module.ObservabilityModule - THREAD ID Inside Process= 41
10:55:50.341 [verifyWelcomeScreen@0] INFO  c.b.v2.module.ObservabilityModule - Processing TestLevel attachments from directory: /Users/sanjeevareddysj/.browserstack/UploadedAttachments-41/TestLevel
10:55:50.341 [verifyWelcomeScreen@0] INFO  c.b.v2.module.ObservabilityModule - Processing BuildLevel attachments from directory: /Users/sanjeevareddysj/.browserstack/UploadedAttachments-41/BuildLevel
10:55:50.341 [verifyWelcomeScreen@0] INFO  c.b.v2.module.ObservabilityModule - Processing attachments eventLogs: []
10:55:50.341 [verifyWelcomeScreen@0] INFO  c.b.v2.module.ObservabilityModule - sendLogCreatedEvent: No Log Events to send
10:55:50.347 [verifyWelcomeScreen@0] INFO  c.b.v2.module.WebdriverModule - beforeCommandExecute: event=com.browserstack.v2.eventBus.Event@44900976
10:55:50.347 [verifyWelcomeScreen@0] INFO  c.b.v2.module.WebdriverModule - beforeCommandExecute: event=com.browserstack.v2.eventBus.Event@44900976
10:55:50.412 [verifyWelcomeScreen@0] INFO  c.b.v2.module.WebdriverModule - afterCommandExecute: event=com.browserstack.v2.eventBus.Event@19ec8a32
10:55:50.412 [verifyWelcomeScreen@0] INFO  c.b.v2.module.WebdriverModule - afterCommandExecute: event=com.browserstack.v2.eventBus.Event@19ec8a32
10:55:50.412 [verifyWelcomeScreen@0] INFO  c.b.v2.module.ObservabilityModule - THREAD ID Inside Process= 41
10:55:50.412 [verifyWelcomeScreen@0] INFO  c.b.v2.module.ObservabilityModule - Processing TestLevel attachments from directory: /Users/sanjeevareddysj/.browserstack/UploadedAttachments-41/TestLevel
10:55:50.412 [verifyWelcomeScreen@0] INFO  c.b.v2.module.ObservabilityModule - Processing BuildLevel attachments from directory: /Users/sanjeevareddysj/.browserstack/UploadedAttachments-41/BuildLevel
10:55:50.412 [verifyWelcomeScreen@0] INFO  c.b.v2.module.ObservabilityModule - Processing attachments eventLogs: []
10:55:50.412 [verifyWelcomeScreen@0] INFO  c.b.v2.module.ObservabilityModule - sendLogCreatedEvent: No Log Events to send
10:55:50.415 [verifyWelcomeScreen@0] INFO  c.b.v2.framework.TestNgFramework - trackEvent: found instance, testFrameworkState=TestFrameworkState.LOG hookState=HookState.PRE instance=1741108805
10:55:50.415 [verifyWelcomeScreen@0] INFO  c.b.v2.framework.TestNgFramework - trackEvent: load log entries
10:55:50.435 [verifyWelcomeScreen@0] INFO  c.b.v2.module.TestHubModule - sendLogCreatedEvent: event=com.browserstack.v2.eventBus.Event@4e5f489e, response=success: true

10:55:50.436 [verifyWelcomeScreen@0] INFO  c.b.v2.module.TestHubModule - sendLogCreatedEvent: event=com.browserstack.v2.eventBus.Event@4e5f489e
10:55:50.438 [verifyWelcomeScreen@0] INFO  c.b.v2.module.WebdriverModule - beforeCommandExecute: event=com.browserstack.v2.eventBus.Event@4629d8a2
10:55:50.438 [verifyWelcomeScreen@0] INFO  c.b.v2.module.WebdriverModule - beforeCommandExecute: event=com.browserstack.v2.eventBus.Event@4629d8a2
10:55:50.439 [verifyWelcomeScreen@0] INFO  c.b.v2.module.WebdriverModule - beforeCommandExecute: event=com.browserstack.v2.eventBus.Event@ab4d0f3
10:55:50.439 [verifyWelcomeScreen@0] INFO  c.b.v2.module.WebdriverModule - beforeCommandExecute: event=com.browserstack.v2.eventBus.Event@ab4d0f3
10:55:50.480 [verifyWelcomeScreen@0] INFO  c.b.v2.module.WebdriverModule - afterCommandExecute: event=com.browserstack.v2.eventBus.Event@3e9b7283
10:55:50.480 [verifyWelcomeScreen@0] INFO  c.b.v2.module.WebdriverModule - afterCommandExecute: event=com.browserstack.v2.eventBus.Event@3e9b7283
10:55:50.480 [verifyWelcomeScreen@0] INFO  c.b.v2.module.ObservabilityModule - THREAD ID Inside Process= 41
10:55:50.480 [verifyWelcomeScreen@0] INFO  c.b.v2.module.ObservabilityModule - Processing TestLevel attachments from directory: /Users/sanjeevareddysj/.browserstack/UploadedAttachments-41/TestLevel
10:55:50.480 [verifyWelcomeScreen@0] INFO  c.b.v2.module.ObservabilityModule - Processing BuildLevel attachments from directory: /Users/sanjeevareddysj/.browserstack/UploadedAttachments-41/BuildLevel
10:55:50.480 [verifyWelcomeScreen@0] INFO  c.b.v2.module.ObservabilityModule - Processing attachments eventLogs: []
10:55:50.480 [verifyWelcomeScreen@0] INFO  c.b.v2.module.ObservabilityModule - sendLogCreatedEvent: No Log Events to send
10:55:50.481 [verifyWelcomeScreen@0] INFO  c.b.v2.module.WebdriverModule - afterCommandExecute: event=com.browserstack.v2.eventBus.Event@2ab3397f
10:55:50.481 [verifyWelcomeScreen@0] INFO  c.b.v2.module.WebdriverModule - afterCommandExecute: event=com.browserstack.v2.eventBus.Event@2ab3397f
10:55:50.481 [verifyWelcomeScreen@0] INFO  c.b.v2.module.ObservabilityModule - THREAD ID Inside Process= 41
10:55:50.481 [verifyWelcomeScreen@0] INFO  c.b.v2.module.ObservabilityModule - Processing TestLevel attachments from directory: /Users/sanjeevareddysj/.browserstack/UploadedAttachments-41/TestLevel
10:55:50.482 [verifyWelcomeScreen@0] INFO  c.b.v2.module.ObservabilityModule - Processing BuildLevel attachments from directory: /Users/sanjeevareddysj/.browserstack/UploadedAttachments-41/BuildLevel
10:55:50.482 [verifyWelcomeScreen@0] INFO  c.b.v2.module.ObservabilityModule - Processing attachments eventLogs: []
10:55:50.482 [verifyWelcomeScreen@0] INFO  c.b.v2.module.ObservabilityModule - sendLogCreatedEvent: No Log Events to send
10:55:50.482 [verifyWelcomeScreen@0] INFO  c.b.v2.module.WebdriverModule - beforeCommandExecute: event=com.browserstack.v2.eventBus.Event@63c632be
10:55:50.482 [verifyWelcomeScreen@0] INFO  c.b.v2.module.WebdriverModule - beforeCommandExecute: event=com.browserstack.v2.eventBus.Event@63c632be
10:55:50.565 [verifyWelcomeScreen@0] INFO  c.b.v2.module.WebdriverModule - afterCommandExecute: event=com.browserstack.v2.eventBus.Event@67aae1e0
10:55:50.565 [verifyWelcomeScreen@0] INFO  c.b.v2.module.WebdriverModule - afterCommandExecute: event=com.browserstack.v2.eventBus.Event@67aae1e0
10:55:50.565 [verifyWelcomeScreen@0] INFO  c.b.v2.module.ObservabilityModule - THREAD ID Inside Process= 41
10:55:50.565 [verifyWelcomeScreen@0] INFO  c.b.v2.module.ObservabilityModule - Processing TestLevel attachments from directory: /Users/sanjeevareddysj/.browserstack/UploadedAttachments-41/TestLevel
10:55:50.565 [verifyWelcomeScreen@0] INFO  c.b.v2.module.ObservabilityModule - Processing BuildLevel attachments from directory: /Users/sanjeevareddysj/.browserstack/UploadedAttachments-41/BuildLevel
10:55:50.565 [verifyWelcomeScreen@0] INFO  c.b.v2.module.ObservabilityModule - Processing attachments eventLogs: []
10:55:50.565 [verifyWelcomeScreen@0] INFO  c.b.v2.module.ObservabilityModule - sendLogCreatedEvent: No Log Events to send
10:55:50.570 [verifyWelcomeScreen@0] INFO  c.b.v2.module.WebdriverModule - beforeCommandExecute: event=com.browserstack.v2.eventBus.Event@75f37547
10:55:50.570 [verifyWelcomeScreen@0] INFO  c.b.v2.module.WebdriverModule - beforeCommandExecute: event=com.browserstack.v2.eventBus.Event@75f37547
10:55:50.636 [verifyWelcomeScreen@0] INFO  c.b.v2.module.WebdriverModule - afterCommandExecute: event=com.browserstack.v2.eventBus.Event@3425d0a7
10:55:50.636 [verifyWelcomeScreen@0] INFO  c.b.v2.module.WebdriverModule - afterCommandExecute: event=com.browserstack.v2.eventBus.Event@3425d0a7
10:55:50.636 [verifyWelcomeScreen@0] INFO  c.b.v2.module.ObservabilityModule - THREAD ID Inside Process= 41
10:55:50.636 [verifyWelcomeScreen@0] INFO  c.b.v2.module.ObservabilityModule - Processing TestLevel attachments from directory: /Users/sanjeevareddysj/.browserstack/UploadedAttachments-41/TestLevel
10:55:50.636 [verifyWelcomeScreen@0] INFO  c.b.v2.module.ObservabilityModule - Processing BuildLevel attachments from directory: /Users/sanjeevareddysj/.browserstack/UploadedAttachments-41/BuildLevel
10:55:50.636 [verifyWelcomeScreen@0] INFO  c.b.v2.module.ObservabilityModule - Processing attachments eventLogs: []
10:55:50.636 [verifyWelcomeScreen@0] INFO  c.b.v2.module.ObservabilityModule - sendLogCreatedEvent: No Log Events to send
10:55:50.641 [verifyWelcomeScreen@0] INFO  c.b.v2.framework.TestNgFramework - trackEvent: found instance, testFrameworkState=TestFrameworkState.LOG hookState=HookState.PRE instance=1741108805
10:55:50.641 [verifyWelcomeScreen@0] INFO  c.b.v2.framework.TestNgFramework - trackEvent: load log entries
10:55:50.646 [verifyWelcomeScreen@0] INFO  c.b.v2.module.TestHubModule - sendLogCreatedEvent: event=com.browserstack.v2.eventBus.Event@b82f7a0, response=success: true

10:55:50.646 [verifyWelcomeScreen@0] INFO  c.b.v2.module.TestHubModule - sendLogCreatedEvent: event=com.browserstack.v2.eventBus.Event@b82f7a0
10:55:54.672 [verifyWelcomeScreen@0] INFO  c.b.v2.framework.TestNgFramework - trackEvent: found instance, testFrameworkState=TestFrameworkState.LOG_REPORT hookState=HookState.PRE instance=1741108805
10:55:54.673 [verifyWelcomeScreen@0] INFO  c.b.v2.framework.TestNgFramework - trackEvent: found instance, testFrameworkState=TestFrameworkState.LOG_REPORT hookState=HookState.POST instance=1741108805
10:55:54.673 [verifyWelcomeScreen@0] INFO  c.b.v2.framework.TestNgFramework - trackEvent: load test results
10:55:54.673 [verifyWelcomeScreen@0] INFO  c.b.v2.framework.TestNgFramework - trackEvent: found instance, testFrameworkState=TestFrameworkState.TEST hookState=HookState.POST instance=1741108805
10:55:54.673 [verifyWelcomeScreen@0] INFO  c.b.v2.module.WebdriverModule - onAfterTest: event=com.browserstack.v2.eventBus.Event@91fc409
10:55:54.674 [verifyWelcomeScreen@0] INFO  c.b.utils.SeleniumMethodUtils - Session Name ID status marking: 4eb8b27f585f42ff94ba323723a3a3aa8f45d9ae
10:55:55.300 [verifyWelcomeScreen@0] INFO  c.b.utils.SeleniumMethodUtils - Session ID status marking: 4eb8b27f585f42ff94ba323723a3a3aa8f45d9ae
10:55:55.851 [verifyWelcomeScreen@0] INFO  c.b.v2.module.WebdriverModule - onAfterTest: event=com.browserstack.v2.eventBus.Event@91fc409
10:55:55.860 [verifyWelcomeScreen@0] INFO  c.b.utils.SeleniumMethodUtils - Session Name ID status marking: 4eb8b27f585f42ff94ba323723a3a3aa8f45d9ae
10:55:56.289 [verifyWelcomeScreen@0] INFO  c.b.utils.SeleniumMethodUtils - Session ID status marking: 4eb8b27f585f42ff94ba323723a3a3aa8f45d9ae
10:55:56.698 [verifyWelcomeScreen@0] INFO  c.b.v2.module.TestHubModule - sendTestFrameworkEvent: event=com.browserstack.v2.eventBus.Event@91fc409, response=success: true

10:55:57.344 [Test worker] INFO  com.browserstack.testOps.Listener - logCreated: CLI is active
10:55:57.371 [Thread-0] INFO  com.browserstack.testOps.Listener - onComplete: CLI is active
10:55:57.373 [Thread-0] INFO  com.browserstack.v2.SdkCLI - stop: cli stop triggered
10:56:03.548 [Thread-0] DEBUG com.browserstack.v2.SdkCLI - stop-bin-session=success: true
automate_buildlink: "https://app-automate.browserstack.com/dashboard/v2/builds/4e8f441b0e8d20b3fc340c9c24adc81be0cd34c5"
hashed_id: "4e8f441b0e8d20b3fc340c9c24adc81be0cd34c5"

10:56:03.577 [Thread-0] INFO  com.browserstack.v2.SdkCLI - stop: shutting down CLI
10:56:05.626 [Thread-0] INFO  c.browserstack.utils.UtilityMethods - Visit https://automation.browserstack.com/builds/oresud38ajeoc9b6buyhyu6qb5rjj9sw0akkisoq to view build report, insights, and many more debugging information all at one place!
10:56:05.626 [Thread-0] INFO  c.b.config.BrowserStackConfig - INFO
10:56:05.626 [Thread-0] INFO  c.browserstack.utils.UtilityMethods - View build on BrowserStack dashboard: https://app-automate.browserstack.com/dashboard/v2/builds/4e8f441b0e8d20b3fc340c9c24adc81be0cd34c5
10:56:05.626 [Thread-0] INFO  c.b.config.BrowserStackConfig - INFO
10:56:05.631 [Thread-0] INFO  c.browserstack.BrowserStackJavaAgent - SDK run ended for id: b26f3799-e5ab-4ea9-9360-dab899814f16, testhub id: oresud38ajeoc9b6buyhyu6qb5rjj9sw0akkisoq
10:56:05.631 [Thread-0] INFO  c.b.config.BrowserStackConfig - INFO
11:27:48.381 [main] DEBUG c.browserstack.BrowserStackJavaAgent - Extracted CLI argument from system : null
11:27:48.396 [main] INFO  c.browserstack.BrowserStackJavaAgent - Selenium version detected - 4.34.0
11:27:48.397 [main] INFO  c.browserstack.BrowserStackJavaAgent - Appium version detected - 9.5.0
11:27:48.515 [main] DEBUG c.b.config.BrowserStackConfig - Cli Config passed - {}
11:27:48.515 [main] ERROR c.b.config.BrowserStackConfig - [Invalid Path] Config file does not exist at any parent directory of /Users/sanjeevareddysj/IdeaProjects/LearAumatingApp/LearAumatingApp. Please include a browserstack.yml/browserstack.yaml file containing configuration for tests.
11:27:48.516 [main] ERROR c.browserstack.BrowserStackJavaAgent - Something went wrong - java.lang.RuntimeException: [Invalid Path] Config file does not exist at any parent directory of /Users/sanjeevareddysj/IdeaProjects/LearAumatingApp/LearAumatingApp. Please include a browserstack.yml/browserstack.yaml file containing configuration for tests.
	at com.browserstack.config.BrowserStackConfig.a(Unknown Source)
	at com.browserstack.config.BrowserStackConfig.getInstance(Unknown Source)
	at com.browserstack.BrowserStackJavaAgent.a(Unknown Source)
	at com.browserstack.BrowserStackJavaAgent.b(Unknown Source)
	at com.browserstack.BrowserStackJavaAgent.a(Unknown Source)
	at com.browserstack.BrowserStackJavaAgent.startBrowserStackAgent(Unknown Source)
	at com.browserstack.BrowserStackJavaAgent.premain(Unknown Source)
	at java.base/jdk.internal.reflect.NativeMethodAccessorImpl.invoke0(Native Method)
	at java.base/jdk.internal.reflect.NativeMethodAccessorImpl.invoke(NativeMethodAccessorImpl.java:77)
	at java.base/jdk.internal.reflect.DelegatingMethodAccessorImpl.invoke(DelegatingMethodAccessorImpl.java:43)
	at java.base/java.lang.reflect.Method.invoke(Method.java:568)
	at java.instrument/sun.instrument.InstrumentationImpl.loadClassAndStartAgent(InstrumentationImpl.java:491)
	at java.instrument/sun.instrument.InstrumentationImpl.loadClassAndCallPremain(InstrumentationImpl.java:503)

11:27:48.665 [Test worker] TRACE c.b.config.BrowserStackConfig - isGaugeTestOpsSession called with testObservabilityExplicit: false, framework: null, returning: false
11:27:48.665 [Test worker] WARN  c.b.config.BrowserStackConfig - TEST REPORTING AND ANALYTICS could not be enabled because framework detected is null. We currently support frameworks testng, cucumber-testng & serenity
11:27:48.883 [Test worker] DEBUG com.browserstack.v2.SdkCliUtils - File /Users/sanjeevareddysj/.browserstack already exist
11:27:48.884 [Test worker] DEBUG com.browserstack.v2.SdkCliUtils - Current CLI Path Found: /Users/sanjeevareddysj/.browserstack/cli/binary-macos-arm64
11:27:50.310 [Test worker] ERROR com.browserstack.v2.SdkCliUtils - Error in setting up cli path directory, Exception: Unexpected token END OF FILE at position 0.
	at browserstack.shaded.org.json.simple.parser.JSONParser.parse(Unknown Source)
	at browserstack.shaded.org.json.simple.parser.JSONParser.parse(Unknown Source)
	at browserstack.shaded.org.json.simple.parser.JSONParser.parse(Unknown Source)
	at com.browserstack.v2.SdkCliUtils.checkAndUpdateCli(Unknown Source)
	at com.browserstack.v2.SdkCliUtils.setupCliPath(Unknown Source)
	at com.browserstack.v2.SdkCLI.<clinit>(Unknown Source)
	at com.browserstack.monitoring.PerformanceTester.measure(Unknown Source)
	at com.browserstack.monitoring.PerformanceTester.end(Unknown Source)
	at com.browserstack.testNgListeners.BrowserstackSuiteListener.a(Unknown Source)
	at com.browserstack.testNgListeners.BrowserstackSuiteListener.onStart(Unknown Source)
	at org.testng.SuiteRunner.invokeListeners(SuiteRunner.java:242)
	at org.testng.SuiteRunner.run(SuiteRunner.java:310)
	at org.testng.SuiteRunnerWorker.runSuite(SuiteRunnerWorker.java:52)
	at org.testng.SuiteRunnerWorker.run(SuiteRunnerWorker.java:95)
	at org.testng.TestNG.runSuitesSequentially(TestNG.java:1274)
	at org.testng.TestNG.runSuitesLocally(TestNG.java:1208)
	at org.testng.TestNG.runSuites(TestNG.java:1112)
	at org.testng.TestNG.run(TestNG.java:1079)
	at org.gradle.api.internal.tasks.testing.testng.TestNGTestClassProcessor.runTests(TestNGTestClassProcessor.java:148)
	at org.gradle.api.internal.tasks.testing.testng.TestNGTestClassProcessor.stop(TestNGTestClassProcessor.java:95)
	at org.gradle.api.internal.tasks.testing.SuiteTestClassProcessor.stop(SuiteTestClassProcessor.java:62)
	at java.base/jdk.internal.reflect.NativeMethodAccessorImpl.invoke0(Native Method)
	at java.base/jdk.internal.reflect.NativeMethodAccessorImpl.invoke(NativeMethodAccessorImpl.java:77)
	at java.base/jdk.internal.reflect.DelegatingMethodAccessorImpl.invoke(DelegatingMethodAccessorImpl.java:43)
	at java.base/java.lang.reflect.Method.invoke(Method.java:568)
	at org.gradle.internal.dispatch.ReflectionDispatch.dispatch(ReflectionDispatch.java:36)
	at org.gradle.internal.dispatch.ReflectionDispatch.dispatch(ReflectionDispatch.java:24)
	at org.gradle.internal.dispatch.ContextClassLoaderDispatch.dispatch(ContextClassLoaderDispatch.java:33)
	at org.gradle.internal.dispatch.ProxyDispatchAdapter$DispatchingInvocationHandler.invoke(ProxyDispatchAdapter.java:94)
	at jdk.proxy3/jdk.proxy3.$Proxy5.stop(Unknown Source)
	at org.gradle.api.internal.tasks.testing.worker.TestWorker$3.run(TestWorker.java:193)
	at org.gradle.api.internal.tasks.testing.worker.TestWorker.executeAndMaintainThreadName(TestWorker.java:129)
	at org.gradle.api.internal.tasks.testing.worker.TestWorker.execute(TestWorker.java:100)
	at org.gradle.api.internal.tasks.testing.worker.TestWorker.execute(TestWorker.java:60)
	at org.gradle.process.internal.worker.child.ActionExecutionWorker.execute(ActionExecutionWorker.java:56)
	at org.gradle.process.internal.worker.child.SystemApplicationClassLoaderWorker.call(SystemApplicationClassLoaderWorker.java:113)
	at org.gradle.process.internal.worker.child.SystemApplicationClassLoaderWorker.call(SystemApplicationClassLoaderWorker.java:65)
	at worker.org.gradle.process.internal.worker.GradleWorkerMain.run(GradleWorkerMain.java:69)
	at worker.org.gradle.process.internal.worker.GradleWorkerMain.main(GradleWorkerMain.java:74)

11:27:50.372 [Test worker] DEBUG c.browserstack.utils.CurrentTestMap - Searching for Test Run ID for Thread: 1
11:27:50.372 [Test worker] TRACE c.b.config.BrowserStackConfig - isGaugeTestOpsSession called with testObservabilityExplicit: false, framework: null, returning: false
11:27:50.391 [Test worker] DEBUG c.browserstack.utils.CurrentTestMap - Searching for Test Run ID for Thread: 1
11:27:50.391 [Test worker] TRACE c.b.config.BrowserStackConfig - isGaugeTestOpsSession called with testObservabilityExplicit: false, framework: null, returning: false
11:27:50.393 [Test worker] DEBUG c.browserstack.utils.CurrentTestMap - Searching for Test Run ID for Thread: 1
11:27:50.393 [Test worker] TRACE c.b.config.BrowserStackConfig - isGaugeTestOpsSession called with testObservabilityExplicit: false, framework: null, returning: false
11:27:50.591 [Test worker] TRACE c.b.config.BrowserStackConfig - isGaugeTestOpsSession called with testObservabilityExplicit: false, framework: null, returning: false
11:27:50.592 [Test worker] DEBUG c.b.utils.FunnelInstrumentation - Error in getting Product:
java.lang.NullPointerException: Cannot invoke "String.equalsIgnoreCase(String)" because the return value of "com.browserstack.config.BrowserStackConfig.getFramework()" is null
	at com.browserstack.utils.FunnelInstrumentation.a(Unknown Source)
	at java.base/java.util.stream.MatchOps$1MatchSink.accept(MatchOps.java:90)
	at java.base/java.util.Spliterators$ArraySpliterator.tryAdvance(Spliterators.java:1002)
	at java.base/java.util.stream.ReferencePipeline.forEachWithCancel(ReferencePipeline.java:129)
	at java.base/java.util.stream.AbstractPipeline.copyIntoWithCancel(AbstractPipeline.java:527)
	at java.base/java.util.stream.AbstractPipeline.copyInto(AbstractPipeline.java:513)
	at java.base/java.util.stream.AbstractPipeline.wrapAndCopyInto(AbstractPipeline.java:499)
	at java.base/java.util.stream.MatchOps$MatchOp.evaluateSequential(MatchOps.java:230)
	at java.base/java.util.stream.MatchOps$MatchOp.evaluateSequential(MatchOps.java:196)
	at java.base/java.util.stream.AbstractPipeline.evaluate(AbstractPipeline.java:234)
	at java.base/java.util.stream.ReferencePipeline.anyMatch(ReferencePipeline.java:632)
	at com.browserstack.utils.FunnelInstrumentation.getProducts(Unknown Source)
	at com.browserstack.utils.FunnelInstrumentation.createParamsForEvent(Unknown Source)
	at com.browserstack.utils.FunnelInstrumentation.sendSDKEvent(Unknown Source)
	at com.browserstack.testNgListeners.TmpSuiteListener.onFinish(Unknown Source)
	at org.testng.TestRunner.fireEvent(TestRunner.java:900)
	at org.testng.TestRunner.afterRun(TestRunner.java:855)
	at org.testng.TestRunner.run(TestRunner.java:618)
	at org.testng.SuiteRunner.runTest(SuiteRunner.java:421)
	at org.testng.SuiteRunner.runSequentially(SuiteRunner.java:413)
	at org.testng.SuiteRunner.privateRun(SuiteRunner.java:373)
	at org.testng.SuiteRunner.run(SuiteRunner.java:312)
	at org.testng.SuiteRunnerWorker.runSuite(SuiteRunnerWorker.java:52)
	at org.testng.SuiteRunnerWorker.run(SuiteRunnerWorker.java:95)
	at org.testng.TestNG.runSuitesSequentially(TestNG.java:1274)
	at org.testng.TestNG.runSuitesLocally(TestNG.java:1208)
	at org.testng.TestNG.runSuites(TestNG.java:1112)
	at org.testng.TestNG.run(TestNG.java:1079)
	at org.gradle.api.internal.tasks.testing.testng.TestNGTestClassProcessor.runTests(TestNGTestClassProcessor.java:148)
	at org.gradle.api.internal.tasks.testing.testng.TestNGTestClassProcessor.stop(TestNGTestClassProcessor.java:95)
	at org.gradle.api.internal.tasks.testing.SuiteTestClassProcessor.stop(SuiteTestClassProcessor.java:62)
	at java.base/jdk.internal.reflect.NativeMethodAccessorImpl.invoke0(Native Method)
	at java.base/jdk.internal.reflect.NativeMethodAccessorImpl.invoke(NativeMethodAccessorImpl.java:77)
	at java.base/jdk.internal.reflect.DelegatingMethodAccessorImpl.invoke(DelegatingMethodAccessorImpl.java:43)
	at java.base/java.lang.reflect.Method.invoke(Method.java:568)
	at org.gradle.internal.dispatch.ReflectionDispatch.dispatch(ReflectionDispatch.java:36)
	at org.gradle.internal.dispatch.ReflectionDispatch.dispatch(ReflectionDispatch.java:24)
	at org.gradle.internal.dispatch.ContextClassLoaderDispatch.dispatch(ContextClassLoaderDispatch.java:33)
	at org.gradle.internal.dispatch.ProxyDispatchAdapter$DispatchingInvocationHandler.invoke(ProxyDispatchAdapter.java:94)
	at jdk.proxy3/jdk.proxy3.$Proxy5.stop(Unknown Source)
	at org.gradle.api.internal.tasks.testing.worker.TestWorker$3.run(TestWorker.java:193)
	at org.gradle.api.internal.tasks.testing.worker.TestWorker.executeAndMaintainThreadName(TestWorker.java:129)
	at org.gradle.api.internal.tasks.testing.worker.TestWorker.execute(TestWorker.java:100)
	at org.gradle.api.internal.tasks.testing.worker.TestWorker.execute(TestWorker.java:60)
	at org.gradle.process.internal.worker.child.ActionExecutionWorker.execute(ActionExecutionWorker.java:56)
	at org.gradle.process.internal.worker.child.SystemApplicationClassLoaderWorker.call(SystemApplicationClassLoaderWorker.java:113)
	at org.gradle.process.internal.worker.child.SystemApplicationClassLoaderWorker.call(SystemApplicationClassLoaderWorker.java:65)
	at worker.org.gradle.process.internal.worker.GradleWorkerMain.run(GradleWorkerMain.java:69)
	at worker.org.gradle.process.internal.worker.GradleWorkerMain.main(GradleWorkerMain.java:74)
11:27:50.593 [Test worker] TRACE c.b.config.BrowserStackConfig - isGaugeTestOpsSession called with testObservabilityExplicit: false, framework: null, returning: false
11:27:50.594 [Test worker] DEBUG c.b.utils.FrameworkDetectionUtils - Couldn't find dependency class: appium
11:27:50.598 [Test worker] DEBUG com.browserstack.testOps.UsageStats - getFormattedData: Collecting data for TEST REPORTING AND ANALYTICS
11:27:50.598 [Test worker] TRACE c.b.config.BrowserStackConfig - isGaugeTestOpsSession called with testObservabilityExplicit: false, framework: null, returning: false
11:27:50.605 [Test worker] TRACE c.b.t.TestOrchestrationUtils - getInstrumentationData: invoked
11:27:50.608 [Test worker] DEBUG c.b.utils.FunnelInstrumentation - Sending funnel data for SDKTestSuccessful with data: {"event_type":"SDKTestSuccessful","accessKey":"[REDACTED]","userName":"[REDACTED]","event_properties":{"isPercyAutoEnabled":false,"language":"java","sdkRunId":"f4e729f4-e7a9-4bff-92f1-3960fab64867","buildIdentifier":"unknown","testhub_uuid":"","detectedAppiumVersion":"null","productMap":{"app_automate":false,"accessibility":null,"automate":true,"percy":false,"observability":false,"turboscale":false},"hostname":"Sanjeeva-Reddy-2.local","measures":{"sdk:pre-test":2.536541998386383},"productUsage":{"testObservability":{"buildHashedId":"","manuallySet":false,"enabled":false}},"browserStackConfig":{"browserstackLocal":null,"percy":false,"logLevel":"info","staticWebDriver":true,"autoDetectFramework":true,"percyCaptureMode":"AUTO","browserStackLocalOptions":null,"percyOptions":null,"testContextOptions":{"skipSessionStatus":false,"serenityOverridePlugin":false,"skipSessionName":false},"platforms":null,"parallelsPerPlatform":null,"framework":null,"accessibility":false,"accessibilityOptions":{},"turboScaleOptions":{},"disableAutoCaptureLogs":true,"testObservability":true,"browserstackAutomation":true,"turboScale":false,"testObservabilityOptions":{},"gradleMConfig":null,"proxySettings":null},"automationFrameworkVersion":null,"percyBuildId":null,"product":"[automate]","buildName":"unknown","os":"Mac OS X","languageVersion":"17.0.10","appiumVersion":"null","frameworkDetectionInstrumentation":{},"detectedDependencies":"","referrer":"unknown","locationTrigger":"onFinish","accessibilityConfiguration":{"pollingTimeout":30},"language_framework":"unknown","testOrchestration":{"abortBuildOnFailure":{"enabled":false},"retryTestsOnFailure":{"enabled":false},"userConfig":{}},"detectedSeleniumVersion":"4.34.0","automationFramework":"selenium","seleniumVersion":"null"}}
11:27:50.862 [Test worker] DEBUG c.b.utils.FunnelInstrumentation - API Event SDKTestSuccessful, response: {"message":"Unauthorized"}
11:28:04.750 [main] DEBUG c.browserstack.BrowserStackJavaAgent - Extracted CLI argument from system : null
11:28:04.768 [main] INFO  c.browserstack.BrowserStackJavaAgent - Selenium version detected - 4.34.0
11:28:04.768 [main] INFO  c.browserstack.BrowserStackJavaAgent - Appium version detected - 9.5.0
11:28:04.842 [main] DEBUG c.b.config.BrowserStackConfig - Cli Config passed - {}
11:28:04.843 [main] ERROR c.b.config.BrowserStackConfig - [Invalid Path] Config file does not exist at any parent directory of /Users/sanjeevareddysj/IdeaProjects/LearAumatingApp/LearAumatingApp. Please include a browserstack.yml/browserstack.yaml file containing configuration for tests.
11:28:04.843 [main] ERROR c.browserstack.BrowserStackJavaAgent - Something went wrong - java.lang.RuntimeException: [Invalid Path] Config file does not exist at any parent directory of /Users/sanjeevareddysj/IdeaProjects/LearAumatingApp/LearAumatingApp. Please include a browserstack.yml/browserstack.yaml file containing configuration for tests.
	at com.browserstack.config.BrowserStackConfig.a(Unknown Source)
	at com.browserstack.config.BrowserStackConfig.getInstance(Unknown Source)
	at com.browserstack.BrowserStackJavaAgent.a(Unknown Source)
	at com.browserstack.BrowserStackJavaAgent.b(Unknown Source)
	at com.browserstack.BrowserStackJavaAgent.a(Unknown Source)
	at com.browserstack.BrowserStackJavaAgent.startBrowserStackAgent(Unknown Source)
	at com.browserstack.BrowserStackJavaAgent.premain(Unknown Source)
	at java.base/jdk.internal.reflect.NativeMethodAccessorImpl.invoke0(Native Method)
	at java.base/jdk.internal.reflect.NativeMethodAccessorImpl.invoke(NativeMethodAccessorImpl.java:77)
	at java.base/jdk.internal.reflect.DelegatingMethodAccessorImpl.invoke(DelegatingMethodAccessorImpl.java:43)
	at java.base/java.lang.reflect.Method.invoke(Method.java:568)
	at java.instrument/sun.instrument.InstrumentationImpl.loadClassAndStartAgent(InstrumentationImpl.java:491)
	at java.instrument/sun.instrument.InstrumentationImpl.loadClassAndCallPremain(InstrumentationImpl.java:503)

11:28:04.955 [Test worker] TRACE c.b.config.BrowserStackConfig - isGaugeTestOpsSession called with testObservabilityExplicit: false, framework: null, returning: false
11:28:04.955 [Test worker] WARN  c.b.config.BrowserStackConfig - TEST REPORTING AND ANALYTICS could not be enabled because framework detected is null. We currently support frameworks testng, cucumber-testng & serenity
11:28:05.150 [Test worker] DEBUG com.browserstack.v2.SdkCliUtils - File /Users/sanjeevareddysj/.browserstack already exist
11:28:05.151 [Test worker] DEBUG com.browserstack.v2.SdkCliUtils - Current CLI Path Found: /Users/sanjeevareddysj/.browserstack/cli/binary-macos-arm64
11:28:05.839 [Test worker] ERROR com.browserstack.v2.SdkCliUtils - Error in setting up cli path directory, Exception: Unexpected token END OF FILE at position 0.
	at browserstack.shaded.org.json.simple.parser.JSONParser.parse(Unknown Source)
	at browserstack.shaded.org.json.simple.parser.JSONParser.parse(Unknown Source)
	at browserstack.shaded.org.json.simple.parser.JSONParser.parse(Unknown Source)
	at com.browserstack.v2.SdkCliUtils.checkAndUpdateCli(Unknown Source)
	at com.browserstack.v2.SdkCliUtils.setupCliPath(Unknown Source)
	at com.browserstack.v2.SdkCLI.<clinit>(Unknown Source)
	at com.browserstack.monitoring.PerformanceTester.measure(Unknown Source)
	at com.browserstack.monitoring.PerformanceTester.end(Unknown Source)
	at com.browserstack.testNgListeners.BrowserstackSuiteListener.a(Unknown Source)
	at com.browserstack.testNgListeners.BrowserstackSuiteListener.onStart(Unknown Source)
	at org.testng.SuiteRunner.invokeListeners(SuiteRunner.java:242)
	at org.testng.SuiteRunner.run(SuiteRunner.java:310)
	at org.testng.SuiteRunnerWorker.runSuite(SuiteRunnerWorker.java:52)
	at org.testng.SuiteRunnerWorker.run(SuiteRunnerWorker.java:95)
	at org.testng.TestNG.runSuitesSequentially(TestNG.java:1274)
	at org.testng.TestNG.runSuitesLocally(TestNG.java:1208)
	at org.testng.TestNG.runSuites(TestNG.java:1112)
	at org.testng.TestNG.run(TestNG.java:1079)
	at org.gradle.api.internal.tasks.testing.testng.TestNGTestClassProcessor.runTests(TestNGTestClassProcessor.java:148)
	at org.gradle.api.internal.tasks.testing.testng.TestNGTestClassProcessor.stop(TestNGTestClassProcessor.java:95)
	at org.gradle.api.internal.tasks.testing.SuiteTestClassProcessor.stop(SuiteTestClassProcessor.java:62)
	at java.base/jdk.internal.reflect.NativeMethodAccessorImpl.invoke0(Native Method)
	at java.base/jdk.internal.reflect.NativeMethodAccessorImpl.invoke(NativeMethodAccessorImpl.java:77)
	at java.base/jdk.internal.reflect.DelegatingMethodAccessorImpl.invoke(DelegatingMethodAccessorImpl.java:43)
	at java.base/java.lang.reflect.Method.invoke(Method.java:568)
	at org.gradle.internal.dispatch.ReflectionDispatch.dispatch(ReflectionDispatch.java:36)
	at org.gradle.internal.dispatch.ReflectionDispatch.dispatch(ReflectionDispatch.java:24)
	at org.gradle.internal.dispatch.ContextClassLoaderDispatch.dispatch(ContextClassLoaderDispatch.java:33)
	at org.gradle.internal.dispatch.ProxyDispatchAdapter$DispatchingInvocationHandler.invoke(ProxyDispatchAdapter.java:94)
	at jdk.proxy3/jdk.proxy3.$Proxy5.stop(Unknown Source)
	at org.gradle.api.internal.tasks.testing.worker.TestWorker$3.run(TestWorker.java:193)
	at org.gradle.api.internal.tasks.testing.worker.TestWorker.executeAndMaintainThreadName(TestWorker.java:129)
	at org.gradle.api.internal.tasks.testing.worker.TestWorker.execute(TestWorker.java:100)
	at org.gradle.api.internal.tasks.testing.worker.TestWorker.execute(TestWorker.java:60)
	at org.gradle.process.internal.worker.child.ActionExecutionWorker.execute(ActionExecutionWorker.java:56)
	at org.gradle.process.internal.worker.child.SystemApplicationClassLoaderWorker.call(SystemApplicationClassLoaderWorker.java:113)
	at org.gradle.process.internal.worker.child.SystemApplicationClassLoaderWorker.call(SystemApplicationClassLoaderWorker.java:65)
	at worker.org.gradle.process.internal.worker.GradleWorkerMain.run(GradleWorkerMain.java:69)
	at worker.org.gradle.process.internal.worker.GradleWorkerMain.main(GradleWorkerMain.java:74)

11:28:05.903 [Test worker] DEBUG c.browserstack.utils.CurrentTestMap - Searching for Test Run ID for Thread: 1
11:28:05.903 [Test worker] TRACE c.b.config.BrowserStackConfig - isGaugeTestOpsSession called with testObservabilityExplicit: false, framework: null, returning: false
11:28:05.922 [Test worker] DEBUG c.browserstack.utils.CurrentTestMap - Searching for Test Run ID for Thread: 1
11:28:05.922 [Test worker] TRACE c.b.config.BrowserStackConfig - isGaugeTestOpsSession called with testObservabilityExplicit: false, framework: null, returning: false
11:28:05.924 [Test worker] DEBUG c.browserstack.utils.CurrentTestMap - Searching for Test Run ID for Thread: 1
11:28:05.924 [Test worker] TRACE c.b.config.BrowserStackConfig - isGaugeTestOpsSession called with testObservabilityExplicit: false, framework: null, returning: false
11:28:06.092 [Test worker] TRACE c.b.config.BrowserStackConfig - isGaugeTestOpsSession called with testObservabilityExplicit: false, framework: null, returning: false
11:28:06.093 [Test worker] DEBUG c.b.utils.FunnelInstrumentation - Error in getting Product:
java.lang.NullPointerException: Cannot invoke "String.equalsIgnoreCase(String)" because the return value of "com.browserstack.config.BrowserStackConfig.getFramework()" is null
	at com.browserstack.utils.FunnelInstrumentation.a(Unknown Source)
	at java.base/java.util.stream.MatchOps$1MatchSink.accept(MatchOps.java:90)
	at java.base/java.util.Spliterators$ArraySpliterator.tryAdvance(Spliterators.java:1002)
	at java.base/java.util.stream.ReferencePipeline.forEachWithCancel(ReferencePipeline.java:129)
	at java.base/java.util.stream.AbstractPipeline.copyIntoWithCancel(AbstractPipeline.java:527)
	at java.base/java.util.stream.AbstractPipeline.copyInto(AbstractPipeline.java:513)
	at java.base/java.util.stream.AbstractPipeline.wrapAndCopyInto(AbstractPipeline.java:499)
	at java.base/java.util.stream.MatchOps$MatchOp.evaluateSequential(MatchOps.java:230)
	at java.base/java.util.stream.MatchOps$MatchOp.evaluateSequential(MatchOps.java:196)
	at java.base/java.util.stream.AbstractPipeline.evaluate(AbstractPipeline.java:234)
	at java.base/java.util.stream.ReferencePipeline.anyMatch(ReferencePipeline.java:632)
	at com.browserstack.utils.FunnelInstrumentation.getProducts(Unknown Source)
	at com.browserstack.utils.FunnelInstrumentation.createParamsForEvent(Unknown Source)
	at com.browserstack.utils.FunnelInstrumentation.sendSDKEvent(Unknown Source)
	at com.browserstack.testNgListeners.TmpSuiteListener.onFinish(Unknown Source)
	at org.testng.TestRunner.fireEvent(TestRunner.java:900)
	at org.testng.TestRunner.afterRun(TestRunner.java:855)
	at org.testng.TestRunner.run(TestRunner.java:618)
	at org.testng.SuiteRunner.runTest(SuiteRunner.java:421)
	at org.testng.SuiteRunner.runSequentially(SuiteRunner.java:413)
	at org.testng.SuiteRunner.privateRun(SuiteRunner.java:373)
	at org.testng.SuiteRunner.run(SuiteRunner.java:312)
	at org.testng.SuiteRunnerWorker.runSuite(SuiteRunnerWorker.java:52)
	at org.testng.SuiteRunnerWorker.run(SuiteRunnerWorker.java:95)
	at org.testng.TestNG.runSuitesSequentially(TestNG.java:1274)
	at org.testng.TestNG.runSuitesLocally(TestNG.java:1208)
	at org.testng.TestNG.runSuites(TestNG.java:1112)
	at org.testng.TestNG.run(TestNG.java:1079)
	at org.gradle.api.internal.tasks.testing.testng.TestNGTestClassProcessor.runTests(TestNGTestClassProcessor.java:148)
	at org.gradle.api.internal.tasks.testing.testng.TestNGTestClassProcessor.stop(TestNGTestClassProcessor.java:95)
	at org.gradle.api.internal.tasks.testing.SuiteTestClassProcessor.stop(SuiteTestClassProcessor.java:62)
	at java.base/jdk.internal.reflect.NativeMethodAccessorImpl.invoke0(Native Method)
	at java.base/jdk.internal.reflect.NativeMethodAccessorImpl.invoke(NativeMethodAccessorImpl.java:77)
	at java.base/jdk.internal.reflect.DelegatingMethodAccessorImpl.invoke(DelegatingMethodAccessorImpl.java:43)
	at java.base/java.lang.reflect.Method.invoke(Method.java:568)
	at org.gradle.internal.dispatch.ReflectionDispatch.dispatch(ReflectionDispatch.java:36)
	at org.gradle.internal.dispatch.ReflectionDispatch.dispatch(ReflectionDispatch.java:24)
	at org.gradle.internal.dispatch.ContextClassLoaderDispatch.dispatch(ContextClassLoaderDispatch.java:33)
	at org.gradle.internal.dispatch.ProxyDispatchAdapter$DispatchingInvocationHandler.invoke(ProxyDispatchAdapter.java:94)
	at jdk.proxy3/jdk.proxy3.$Proxy5.stop(Unknown Source)
	at org.gradle.api.internal.tasks.testing.worker.TestWorker$3.run(TestWorker.java:193)
	at org.gradle.api.internal.tasks.testing.worker.TestWorker.executeAndMaintainThreadName(TestWorker.java:129)
	at org.gradle.api.internal.tasks.testing.worker.TestWorker.execute(TestWorker.java:100)
	at org.gradle.api.internal.tasks.testing.worker.TestWorker.execute(TestWorker.java:60)
	at org.gradle.process.internal.worker.child.ActionExecutionWorker.execute(ActionExecutionWorker.java:56)
	at org.gradle.process.internal.worker.child.SystemApplicationClassLoaderWorker.call(SystemApplicationClassLoaderWorker.java:113)
	at org.gradle.process.internal.worker.child.SystemApplicationClassLoaderWorker.call(SystemApplicationClassLoaderWorker.java:65)
	at worker.org.gradle.process.internal.worker.GradleWorkerMain.run(GradleWorkerMain.java:69)
	at worker.org.gradle.process.internal.worker.GradleWorkerMain.main(GradleWorkerMain.java:74)
11:28:06.094 [Test worker] TRACE c.b.config.BrowserStackConfig - isGaugeTestOpsSession called with testObservabilityExplicit: false, framework: null, returning: false
11:28:06.094 [Test worker] DEBUG c.b.utils.FrameworkDetectionUtils - Couldn't find dependency class: appium
11:28:06.100 [Test worker] DEBUG com.browserstack.testOps.UsageStats - getFormattedData: Collecting data for TEST REPORTING AND ANALYTICS
11:28:06.100 [Test worker] TRACE c.b.config.BrowserStackConfig - isGaugeTestOpsSession called with testObservabilityExplicit: false, framework: null, returning: false
11:28:06.107 [Test worker] TRACE c.b.t.TestOrchestrationUtils - getInstrumentationData: invoked
11:28:06.109 [Test worker] DEBUG c.b.utils.FunnelInstrumentation - Sending funnel data for SDKTestSuccessful with data: {"event_type":"SDKTestSuccessful","accessKey":"[REDACTED]","userName":"[REDACTED]","event_properties":{"isPercyAutoEnabled":false,"language":"java","sdkRunId":"c451650f-b990-4f6c-98e9-5b1518cf2f9c","buildIdentifier":"unknown","testhub_uuid":"","detectedAppiumVersion":"null","productMap":{"app_automate":false,"accessibility":null,"automate":true,"percy":false,"observability":false,"turboscale":false},"hostname":"Sanjeeva-Reddy-2.local","measures":{"sdk:pre-test":2.3124170005321503},"productUsage":{"testObservability":{"buildHashedId":"","manuallySet":false,"enabled":false}},"browserStackConfig":{"browserstackLocal":null,"percy":false,"logLevel":"info","staticWebDriver":true,"autoDetectFramework":true,"percyCaptureMode":"AUTO","browserStackLocalOptions":null,"percyOptions":null,"testContextOptions":{"serenityOverridePlugin":false,"skipSessionName":false,"skipSessionStatus":false},"platforms":null,"parallelsPerPlatform":null,"framework":null,"accessibility":false,"accessibilityOptions":{},"turboScaleOptions":{},"disableAutoCaptureLogs":true,"testObservability":true,"browserstackAutomation":true,"turboScale":false,"testObservabilityOptions":{},"gradleMConfig":null,"proxySettings":null},"automationFrameworkVersion":null,"percyBuildId":null,"product":"[automate]","buildName":"unknown","os":"Mac OS X","languageVersion":"17.0.10","appiumVersion":"null","frameworkDetectionInstrumentation":{},"detectedDependencies":"","referrer":"unknown","locationTrigger":"onFinish","accessibilityConfiguration":{"pollingTimeout":30},"language_framework":"unknown","testOrchestration":{"abortBuildOnFailure":{"enabled":false},"retryTestsOnFailure":{"enabled":false},"userConfig":{}},"detectedSeleniumVersion":"4.34.0","automationFramework":"selenium","seleniumVersion":"null"}}
11:28:06.493 [Test worker] DEBUG c.b.utils.FunnelInstrumentation - API Event SDKTestSuccessful, response: {"message":"Unauthorized"}
11:28:39.426 [main] DEBUG c.browserstack.BrowserStackJavaAgent - Extracted CLI argument from system : null
11:28:39.439 [main] INFO  c.browserstack.BrowserStackJavaAgent - Selenium version detected - 4.34.0
11:28:39.439 [main] INFO  c.browserstack.BrowserStackJavaAgent - Appium version detected - 9.5.0
11:28:39.511 [main] DEBUG c.b.config.BrowserStackConfig - Cli Config passed - {}
11:28:39.512 [main] ERROR c.b.config.BrowserStackConfig - [Invalid Path] Config file does not exist at any parent directory of /Users/sanjeevareddysj/IdeaProjects/LearAumatingApp/LearAumatingApp. Please include a browserstack.yml/browserstack.yaml file containing configuration for tests.
11:28:39.512 [main] ERROR c.browserstack.BrowserStackJavaAgent - Something went wrong - java.lang.RuntimeException: [Invalid Path] Config file does not exist at any parent directory of /Users/sanjeevareddysj/IdeaProjects/LearAumatingApp/LearAumatingApp. Please include a browserstack.yml/browserstack.yaml file containing configuration for tests.
	at com.browserstack.config.BrowserStackConfig.a(Unknown Source)
	at com.browserstack.config.BrowserStackConfig.getInstance(Unknown Source)
	at com.browserstack.BrowserStackJavaAgent.a(Unknown Source)
	at com.browserstack.BrowserStackJavaAgent.b(Unknown Source)
	at com.browserstack.BrowserStackJavaAgent.a(Unknown Source)
	at com.browserstack.BrowserStackJavaAgent.startBrowserStackAgent(Unknown Source)
	at com.browserstack.BrowserStackJavaAgent.premain(Unknown Source)
	at java.base/jdk.internal.reflect.NativeMethodAccessorImpl.invoke0(Native Method)
	at java.base/jdk.internal.reflect.NativeMethodAccessorImpl.invoke(NativeMethodAccessorImpl.java:77)
	at java.base/jdk.internal.reflect.DelegatingMethodAccessorImpl.invoke(DelegatingMethodAccessorImpl.java:43)
	at java.base/java.lang.reflect.Method.invoke(Method.java:568)
	at java.instrument/sun.instrument.InstrumentationImpl.loadClassAndStartAgent(InstrumentationImpl.java:491)
	at java.instrument/sun.instrument.InstrumentationImpl.loadClassAndCallPremain(InstrumentationImpl.java:503)

11:28:39.617 [Test worker] TRACE c.b.config.BrowserStackConfig - isGaugeTestOpsSession called with testObservabilityExplicit: false, framework: null, returning: false
11:28:39.617 [Test worker] WARN  c.b.config.BrowserStackConfig - TEST REPORTING AND ANALYTICS could not be enabled because framework detected is null. We currently support frameworks testng, cucumber-testng & serenity
11:28:39.792 [Test worker] DEBUG com.browserstack.v2.SdkCliUtils - File /Users/sanjeevareddysj/.browserstack already exist
11:28:39.794 [Test worker] DEBUG com.browserstack.v2.SdkCliUtils - Current CLI Path Found: /Users/sanjeevareddysj/.browserstack/cli/binary-macos-arm64
11:28:40.420 [Test worker] ERROR com.browserstack.v2.SdkCliUtils - Error in setting up cli path directory, Exception: Unexpected token END OF FILE at position 0.
	at browserstack.shaded.org.json.simple.parser.JSONParser.parse(Unknown Source)
	at browserstack.shaded.org.json.simple.parser.JSONParser.parse(Unknown Source)
	at browserstack.shaded.org.json.simple.parser.JSONParser.parse(Unknown Source)
	at com.browserstack.v2.SdkCliUtils.checkAndUpdateCli(Unknown Source)
	at com.browserstack.v2.SdkCliUtils.setupCliPath(Unknown Source)
	at com.browserstack.v2.SdkCLI.<clinit>(Unknown Source)
	at com.browserstack.monitoring.PerformanceTester.measure(Unknown Source)
	at com.browserstack.monitoring.PerformanceTester.end(Unknown Source)
	at com.browserstack.testNgListeners.BrowserstackSuiteListener.a(Unknown Source)
	at com.browserstack.testNgListeners.BrowserstackSuiteListener.onStart(Unknown Source)
	at org.testng.SuiteRunner.invokeListeners(SuiteRunner.java:242)
	at org.testng.SuiteRunner.run(SuiteRunner.java:310)
	at org.testng.SuiteRunnerWorker.runSuite(SuiteRunnerWorker.java:52)
	at org.testng.SuiteRunnerWorker.run(SuiteRunnerWorker.java:95)
	at org.testng.TestNG.runSuitesSequentially(TestNG.java:1274)
	at org.testng.TestNG.runSuitesLocally(TestNG.java:1208)
	at org.testng.TestNG.runSuites(TestNG.java:1112)
	at org.testng.TestNG.run(TestNG.java:1079)
	at org.gradle.api.internal.tasks.testing.testng.TestNGTestClassProcessor.runTests(TestNGTestClassProcessor.java:148)
	at org.gradle.api.internal.tasks.testing.testng.TestNGTestClassProcessor.stop(TestNGTestClassProcessor.java:95)
	at org.gradle.api.internal.tasks.testing.SuiteTestClassProcessor.stop(SuiteTestClassProcessor.java:62)
	at java.base/jdk.internal.reflect.NativeMethodAccessorImpl.invoke0(Native Method)
	at java.base/jdk.internal.reflect.NativeMethodAccessorImpl.invoke(NativeMethodAccessorImpl.java:77)
	at java.base/jdk.internal.reflect.DelegatingMethodAccessorImpl.invoke(DelegatingMethodAccessorImpl.java:43)
	at java.base/java.lang.reflect.Method.invoke(Method.java:568)
	at org.gradle.internal.dispatch.ReflectionDispatch.dispatch(ReflectionDispatch.java:36)
	at org.gradle.internal.dispatch.ReflectionDispatch.dispatch(ReflectionDispatch.java:24)
	at org.gradle.internal.dispatch.ContextClassLoaderDispatch.dispatch(ContextClassLoaderDispatch.java:33)
	at org.gradle.internal.dispatch.ProxyDispatchAdapter$DispatchingInvocationHandler.invoke(ProxyDispatchAdapter.java:94)
	at jdk.proxy3/jdk.proxy3.$Proxy5.stop(Unknown Source)
	at org.gradle.api.internal.tasks.testing.worker.TestWorker$3.run(TestWorker.java:193)
	at org.gradle.api.internal.tasks.testing.worker.TestWorker.executeAndMaintainThreadName(TestWorker.java:129)
	at org.gradle.api.internal.tasks.testing.worker.TestWorker.execute(TestWorker.java:100)
	at org.gradle.api.internal.tasks.testing.worker.TestWorker.execute(TestWorker.java:60)
	at org.gradle.process.internal.worker.child.ActionExecutionWorker.execute(ActionExecutionWorker.java:56)
	at org.gradle.process.internal.worker.child.SystemApplicationClassLoaderWorker.call(SystemApplicationClassLoaderWorker.java:113)
	at org.gradle.process.internal.worker.child.SystemApplicationClassLoaderWorker.call(SystemApplicationClassLoaderWorker.java:65)
	at worker.org.gradle.process.internal.worker.GradleWorkerMain.run(GradleWorkerMain.java:69)
	at worker.org.gradle.process.internal.worker.GradleWorkerMain.main(GradleWorkerMain.java:74)

11:28:40.480 [Test worker] DEBUG c.browserstack.utils.CurrentTestMap - Searching for Test Run ID for Thread: 1
11:28:40.480 [Test worker] TRACE c.b.config.BrowserStackConfig - isGaugeTestOpsSession called with testObservabilityExplicit: false, framework: null, returning: false
11:28:40.498 [Test worker] DEBUG c.browserstack.utils.CurrentTestMap - Searching for Test Run ID for Thread: 1
11:28:40.498 [Test worker] TRACE c.b.config.BrowserStackConfig - isGaugeTestOpsSession called with testObservabilityExplicit: false, framework: null, returning: false
11:28:40.500 [Test worker] DEBUG c.browserstack.utils.CurrentTestMap - Searching for Test Run ID for Thread: 1
11:28:40.500 [Test worker] TRACE c.b.config.BrowserStackConfig - isGaugeTestOpsSession called with testObservabilityExplicit: false, framework: null, returning: false
11:28:40.665 [Test worker] TRACE c.b.config.BrowserStackConfig - isGaugeTestOpsSession called with testObservabilityExplicit: false, framework: null, returning: false
11:28:40.665 [Test worker] DEBUG c.b.utils.FunnelInstrumentation - Error in getting Product:
java.lang.NullPointerException: Cannot invoke "String.equalsIgnoreCase(String)" because the return value of "com.browserstack.config.BrowserStackConfig.getFramework()" is null
	at com.browserstack.utils.FunnelInstrumentation.a(Unknown Source)
	at java.base/java.util.stream.MatchOps$1MatchSink.accept(MatchOps.java:90)
	at java.base/java.util.Spliterators$ArraySpliterator.tryAdvance(Spliterators.java:1002)
	at java.base/java.util.stream.ReferencePipeline.forEachWithCancel(ReferencePipeline.java:129)
	at java.base/java.util.stream.AbstractPipeline.copyIntoWithCancel(AbstractPipeline.java:527)
	at java.base/java.util.stream.AbstractPipeline.copyInto(AbstractPipeline.java:513)
	at java.base/java.util.stream.AbstractPipeline.wrapAndCopyInto(AbstractPipeline.java:499)
	at java.base/java.util.stream.MatchOps$MatchOp.evaluateSequential(MatchOps.java:230)
	at java.base/java.util.stream.MatchOps$MatchOp.evaluateSequential(MatchOps.java:196)
	at java.base/java.util.stream.AbstractPipeline.evaluate(AbstractPipeline.java:234)
	at java.base/java.util.stream.ReferencePipeline.anyMatch(ReferencePipeline.java:632)
	at com.browserstack.utils.FunnelInstrumentation.getProducts(Unknown Source)
	at com.browserstack.utils.FunnelInstrumentation.createParamsForEvent(Unknown Source)
	at com.browserstack.utils.FunnelInstrumentation.sendSDKEvent(Unknown Source)
	at com.browserstack.testNgListeners.TmpSuiteListener.onFinish(Unknown Source)
	at org.testng.TestRunner.fireEvent(TestRunner.java:900)
	at org.testng.TestRunner.afterRun(TestRunner.java:855)
	at org.testng.TestRunner.run(TestRunner.java:618)
	at org.testng.SuiteRunner.runTest(SuiteRunner.java:421)
	at org.testng.SuiteRunner.runSequentially(SuiteRunner.java:413)
	at org.testng.SuiteRunner.privateRun(SuiteRunner.java:373)
	at org.testng.SuiteRunner.run(SuiteRunner.java:312)
	at org.testng.SuiteRunnerWorker.runSuite(SuiteRunnerWorker.java:52)
	at org.testng.SuiteRunnerWorker.run(SuiteRunnerWorker.java:95)
	at org.testng.TestNG.runSuitesSequentially(TestNG.java:1274)
	at org.testng.TestNG.runSuitesLocally(TestNG.java:1208)
	at org.testng.TestNG.runSuites(TestNG.java:1112)
	at org.testng.TestNG.run(TestNG.java:1079)
	at org.gradle.api.internal.tasks.testing.testng.TestNGTestClassProcessor.runTests(TestNGTestClassProcessor.java:148)
	at org.gradle.api.internal.tasks.testing.testng.TestNGTestClassProcessor.stop(TestNGTestClassProcessor.java:95)
	at org.gradle.api.internal.tasks.testing.SuiteTestClassProcessor.stop(SuiteTestClassProcessor.java:62)
	at java.base/jdk.internal.reflect.NativeMethodAccessorImpl.invoke0(Native Method)
	at java.base/jdk.internal.reflect.NativeMethodAccessorImpl.invoke(NativeMethodAccessorImpl.java:77)
	at java.base/jdk.internal.reflect.DelegatingMethodAccessorImpl.invoke(DelegatingMethodAccessorImpl.java:43)
	at java.base/java.lang.reflect.Method.invoke(Method.java:568)
	at org.gradle.internal.dispatch.ReflectionDispatch.dispatch(ReflectionDispatch.java:36)
	at org.gradle.internal.dispatch.ReflectionDispatch.dispatch(ReflectionDispatch.java:24)
	at org.gradle.internal.dispatch.ContextClassLoaderDispatch.dispatch(ContextClassLoaderDispatch.java:33)
	at org.gradle.internal.dispatch.ProxyDispatchAdapter$DispatchingInvocationHandler.invoke(ProxyDispatchAdapter.java:94)
	at jdk.proxy3/jdk.proxy3.$Proxy5.stop(Unknown Source)
	at org.gradle.api.internal.tasks.testing.worker.TestWorker$3.run(TestWorker.java:193)
	at org.gradle.api.internal.tasks.testing.worker.TestWorker.executeAndMaintainThreadName(TestWorker.java:129)
	at org.gradle.api.internal.tasks.testing.worker.TestWorker.execute(TestWorker.java:100)
	at org.gradle.api.internal.tasks.testing.worker.TestWorker.execute(TestWorker.java:60)
	at org.gradle.process.internal.worker.child.ActionExecutionWorker.execute(ActionExecutionWorker.java:56)
	at org.gradle.process.internal.worker.child.SystemApplicationClassLoaderWorker.call(SystemApplicationClassLoaderWorker.java:113)
	at org.gradle.process.internal.worker.child.SystemApplicationClassLoaderWorker.call(SystemApplicationClassLoaderWorker.java:65)
	at worker.org.gradle.process.internal.worker.GradleWorkerMain.run(GradleWorkerMain.java:69)
	at worker.org.gradle.process.internal.worker.GradleWorkerMain.main(GradleWorkerMain.java:74)
11:28:40.666 [Test worker] TRACE c.b.config.BrowserStackConfig - isGaugeTestOpsSession called with testObservabilityExplicit: false, framework: null, returning: false
11:28:40.667 [Test worker] DEBUG c.b.utils.FrameworkDetectionUtils - Couldn't find dependency class: appium
11:28:40.672 [Test worker] DEBUG com.browserstack.testOps.UsageStats - getFormattedData: Collecting data for TEST REPORTING AND ANALYTICS
11:28:40.672 [Test worker] TRACE c.b.config.BrowserStackConfig - isGaugeTestOpsSession called with testObservabilityExplicit: false, framework: null, returning: false
11:28:40.679 [Test worker] TRACE c.b.t.TestOrchestrationUtils - getInstrumentationData: invoked
11:28:40.681 [Test worker] DEBUG c.b.utils.FunnelInstrumentation - Sending funnel data for SDKTestSuccessful with data: {"event_type":"SDKTestSuccessful","accessKey":"[REDACTED]","userName":"[REDACTED]","event_properties":{"isPercyAutoEnabled":false,"language":"java","sdkRunId":"8c9ce386-2b3e-4630-892a-8acdbebbecf9","buildIdentifier":"unknown","testhub_uuid":"","detectedAppiumVersion":"null","productMap":{"app_automate":false,"accessibility":null,"automate":true,"percy":false,"observability":false,"turboscale":false},"hostname":"Sanjeeva-Reddy-2.local","measures":{"sdk:pre-test":2.4543329924345016},"productUsage":{"testObservability":{"buildHashedId":"","manuallySet":false,"enabled":false}},"browserStackConfig":{"browserstackLocal":null,"percy":false,"logLevel":"info","staticWebDriver":true,"autoDetectFramework":true,"percyCaptureMode":"AUTO","browserStackLocalOptions":null,"percyOptions":null,"testContextOptions":{"skipSessionStatus":false,"serenityOverridePlugin":false,"skipSessionName":false},"platforms":null,"parallelsPerPlatform":null,"framework":null,"accessibility":false,"accessibilityOptions":{},"turboScaleOptions":{},"disableAutoCaptureLogs":true,"testObservability":true,"browserstackAutomation":true,"turboScale":false,"testObservabilityOptions":{},"gradleMConfig":null,"proxySettings":null},"automationFrameworkVersion":null,"percyBuildId":null,"product":"[automate]","buildName":"unknown","os":"Mac OS X","languageVersion":"17.0.10","appiumVersion":"null","frameworkDetectionInstrumentation":{},"detectedDependencies":"","referrer":"unknown","locationTrigger":"onFinish","accessibilityConfiguration":{"pollingTimeout":30},"language_framework":"unknown","testOrchestration":{"abortBuildOnFailure":{"enabled":false},"retryTestsOnFailure":{"enabled":false},"userConfig":{}},"detectedSeleniumVersion":"4.34.0","automationFramework":"selenium","seleniumVersion":"null"}}
11:28:41.069 [Test worker] DEBUG c.b.utils.FunnelInstrumentation - API Event SDKTestSuccessful, response: {"message":"Unauthorized"}
11:29:33.539 [main] DEBUG c.browserstack.BrowserStackJavaAgent - Extracted CLI argument from system : null
11:29:33.552 [main] INFO  c.browserstack.BrowserStackJavaAgent - Selenium version detected - 4.34.0
11:29:33.552 [main] INFO  c.browserstack.BrowserStackJavaAgent - Appium version detected - 9.5.0
11:29:33.627 [main] DEBUG c.b.config.BrowserStackConfig - Cli Config passed - {}
11:29:33.627 [main] ERROR c.b.config.BrowserStackConfig - [Invalid Path] Config file does not exist at any parent directory of /Users/sanjeevareddysj/IdeaProjects/LearAumatingApp/LearAumatingApp. Please include a browserstack.yml/browserstack.yaml file containing configuration for tests.
11:29:33.627 [main] ERROR c.browserstack.BrowserStackJavaAgent - Something went wrong - java.lang.RuntimeException: [Invalid Path] Config file does not exist at any parent directory of /Users/sanjeevareddysj/IdeaProjects/LearAumatingApp/LearAumatingApp. Please include a browserstack.yml/browserstack.yaml file containing configuration for tests.
	at com.browserstack.config.BrowserStackConfig.a(Unknown Source)
	at com.browserstack.config.BrowserStackConfig.getInstance(Unknown Source)
	at com.browserstack.BrowserStackJavaAgent.a(Unknown Source)
	at com.browserstack.BrowserStackJavaAgent.b(Unknown Source)
	at com.browserstack.BrowserStackJavaAgent.a(Unknown Source)
	at com.browserstack.BrowserStackJavaAgent.startBrowserStackAgent(Unknown Source)
	at com.browserstack.BrowserStackJavaAgent.premain(Unknown Source)
	at java.base/jdk.internal.reflect.NativeMethodAccessorImpl.invoke0(Native Method)
	at java.base/jdk.internal.reflect.NativeMethodAccessorImpl.invoke(NativeMethodAccessorImpl.java:77)
	at java.base/jdk.internal.reflect.DelegatingMethodAccessorImpl.invoke(DelegatingMethodAccessorImpl.java:43)
	at java.base/java.lang.reflect.Method.invoke(Method.java:568)
	at java.instrument/sun.instrument.InstrumentationImpl.loadClassAndStartAgent(InstrumentationImpl.java:491)
	at java.instrument/sun.instrument.InstrumentationImpl.loadClassAndCallPremain(InstrumentationImpl.java:503)

11:29:33.737 [Test worker] TRACE c.b.config.BrowserStackConfig - isGaugeTestOpsSession called with testObservabilityExplicit: false, framework: null, returning: false
11:29:33.737 [Test worker] WARN  c.b.config.BrowserStackConfig - TEST REPORTING AND ANALYTICS could not be enabled because framework detected is null. We currently support frameworks testng, cucumber-testng & serenity
11:29:33.978 [Test worker] DEBUG com.browserstack.v2.SdkCliUtils - File /Users/sanjeevareddysj/.browserstack already exist
11:29:33.979 [Test worker] DEBUG com.browserstack.v2.SdkCliUtils - Current CLI Path Found: /Users/sanjeevareddysj/.browserstack/cli/binary-macos-arm64
11:29:34.852 [Test worker] ERROR com.browserstack.v2.SdkCliUtils - Error in setting up cli path directory, Exception: Unexpected token END OF FILE at position 0.
	at browserstack.shaded.org.json.simple.parser.JSONParser.parse(Unknown Source)
	at browserstack.shaded.org.json.simple.parser.JSONParser.parse(Unknown Source)
	at browserstack.shaded.org.json.simple.parser.JSONParser.parse(Unknown Source)
	at com.browserstack.v2.SdkCliUtils.checkAndUpdateCli(Unknown Source)
	at com.browserstack.v2.SdkCliUtils.setupCliPath(Unknown Source)
	at com.browserstack.v2.SdkCLI.<clinit>(Unknown Source)
	at com.browserstack.monitoring.PerformanceTester.measure(Unknown Source)
	at com.browserstack.monitoring.PerformanceTester.end(Unknown Source)
	at com.browserstack.testNgListeners.BrowserstackSuiteListener.a(Unknown Source)
	at com.browserstack.testNgListeners.BrowserstackSuiteListener.onStart(Unknown Source)
	at org.testng.SuiteRunner.invokeListeners(SuiteRunner.java:242)
	at org.testng.SuiteRunner.run(SuiteRunner.java:310)
	at org.testng.SuiteRunnerWorker.runSuite(SuiteRunnerWorker.java:52)
	at org.testng.SuiteRunnerWorker.run(SuiteRunnerWorker.java:95)
	at org.testng.TestNG.runSuitesSequentially(TestNG.java:1274)
	at org.testng.TestNG.runSuitesLocally(TestNG.java:1208)
	at org.testng.TestNG.runSuites(TestNG.java:1112)
	at org.testng.TestNG.run(TestNG.java:1079)
	at org.gradle.api.internal.tasks.testing.testng.TestNGTestClassProcessor.runTests(TestNGTestClassProcessor.java:148)
	at org.gradle.api.internal.tasks.testing.testng.TestNGTestClassProcessor.stop(TestNGTestClassProcessor.java:95)
	at org.gradle.api.internal.tasks.testing.SuiteTestClassProcessor.stop(SuiteTestClassProcessor.java:62)
	at java.base/jdk.internal.reflect.NativeMethodAccessorImpl.invoke0(Native Method)
	at java.base/jdk.internal.reflect.NativeMethodAccessorImpl.invoke(NativeMethodAccessorImpl.java:77)
	at java.base/jdk.internal.reflect.DelegatingMethodAccessorImpl.invoke(DelegatingMethodAccessorImpl.java:43)
	at java.base/java.lang.reflect.Method.invoke(Method.java:568)
	at org.gradle.internal.dispatch.ReflectionDispatch.dispatch(ReflectionDispatch.java:36)
	at org.gradle.internal.dispatch.ReflectionDispatch.dispatch(ReflectionDispatch.java:24)
	at org.gradle.internal.dispatch.ContextClassLoaderDispatch.dispatch(ContextClassLoaderDispatch.java:33)
	at org.gradle.internal.dispatch.ProxyDispatchAdapter$DispatchingInvocationHandler.invoke(ProxyDispatchAdapter.java:94)
	at jdk.proxy3/jdk.proxy3.$Proxy5.stop(Unknown Source)
	at org.gradle.api.internal.tasks.testing.worker.TestWorker$3.run(TestWorker.java:193)
	at org.gradle.api.internal.tasks.testing.worker.TestWorker.executeAndMaintainThreadName(TestWorker.java:129)
	at org.gradle.api.internal.tasks.testing.worker.TestWorker.execute(TestWorker.java:100)
	at org.gradle.api.internal.tasks.testing.worker.TestWorker.execute(TestWorker.java:60)
	at org.gradle.process.internal.worker.child.ActionExecutionWorker.execute(ActionExecutionWorker.java:56)
	at org.gradle.process.internal.worker.child.SystemApplicationClassLoaderWorker.call(SystemApplicationClassLoaderWorker.java:113)
	at org.gradle.process.internal.worker.child.SystemApplicationClassLoaderWorker.call(SystemApplicationClassLoaderWorker.java:65)
	at worker.org.gradle.process.internal.worker.GradleWorkerMain.run(GradleWorkerMain.java:69)
	at worker.org.gradle.process.internal.worker.GradleWorkerMain.main(GradleWorkerMain.java:74)

11:29:34.914 [Test worker] DEBUG c.browserstack.utils.CurrentTestMap - Searching for Test Run ID for Thread: 1
11:29:34.914 [Test worker] TRACE c.b.config.BrowserStackConfig - isGaugeTestOpsSession called with testObservabilityExplicit: false, framework: null, returning: false
11:29:34.932 [Test worker] DEBUG c.browserstack.utils.CurrentTestMap - Searching for Test Run ID for Thread: 1
11:29:34.932 [Test worker] TRACE c.b.config.BrowserStackConfig - isGaugeTestOpsSession called with testObservabilityExplicit: false, framework: null, returning: false
11:29:34.934 [Test worker] DEBUG c.browserstack.utils.CurrentTestMap - Searching for Test Run ID for Thread: 1
11:29:34.934 [Test worker] TRACE c.b.config.BrowserStackConfig - isGaugeTestOpsSession called with testObservabilityExplicit: false, framework: null, returning: false
11:29:35.119 [Test worker] TRACE c.b.config.BrowserStackConfig - isGaugeTestOpsSession called with testObservabilityExplicit: false, framework: null, returning: false
11:29:35.120 [Test worker] DEBUG c.b.utils.FunnelInstrumentation - Error in getting Product:
java.lang.NullPointerException: Cannot invoke "String.equalsIgnoreCase(String)" because the return value of "com.browserstack.config.BrowserStackConfig.getFramework()" is null
	at com.browserstack.utils.FunnelInstrumentation.a(Unknown Source)
	at java.base/java.util.stream.MatchOps$1MatchSink.accept(MatchOps.java:90)
	at java.base/java.util.Spliterators$ArraySpliterator.tryAdvance(Spliterators.java:1002)
	at java.base/java.util.stream.ReferencePipeline.forEachWithCancel(ReferencePipeline.java:129)
	at java.base/java.util.stream.AbstractPipeline.copyIntoWithCancel(AbstractPipeline.java:527)
	at java.base/java.util.stream.AbstractPipeline.copyInto(AbstractPipeline.java:513)
	at java.base/java.util.stream.AbstractPipeline.wrapAndCopyInto(AbstractPipeline.java:499)
	at java.base/java.util.stream.MatchOps$MatchOp.evaluateSequential(MatchOps.java:230)
	at java.base/java.util.stream.MatchOps$MatchOp.evaluateSequential(MatchOps.java:196)
	at java.base/java.util.stream.AbstractPipeline.evaluate(AbstractPipeline.java:234)
	at java.base/java.util.stream.ReferencePipeline.anyMatch(ReferencePipeline.java:632)
	at com.browserstack.utils.FunnelInstrumentation.getProducts(Unknown Source)
	at com.browserstack.utils.FunnelInstrumentation.createParamsForEvent(Unknown Source)
	at com.browserstack.utils.FunnelInstrumentation.sendSDKEvent(Unknown Source)
	at com.browserstack.testNgListeners.TmpSuiteListener.onFinish(Unknown Source)
	at org.testng.TestRunner.fireEvent(TestRunner.java:900)
	at org.testng.TestRunner.afterRun(TestRunner.java:855)
	at org.testng.TestRunner.run(TestRunner.java:618)
	at org.testng.SuiteRunner.runTest(SuiteRunner.java:421)
	at org.testng.SuiteRunner.runSequentially(SuiteRunner.java:413)
	at org.testng.SuiteRunner.privateRun(SuiteRunner.java:373)
	at org.testng.SuiteRunner.run(SuiteRunner.java:312)
	at org.testng.SuiteRunnerWorker.runSuite(SuiteRunnerWorker.java:52)
	at org.testng.SuiteRunnerWorker.run(SuiteRunnerWorker.java:95)
	at org.testng.TestNG.runSuitesSequentially(TestNG.java:1274)
	at org.testng.TestNG.runSuitesLocally(TestNG.java:1208)
	at org.testng.TestNG.runSuites(TestNG.java:1112)
	at org.testng.TestNG.run(TestNG.java:1079)
	at org.gradle.api.internal.tasks.testing.testng.TestNGTestClassProcessor.runTests(TestNGTestClassProcessor.java:148)
	at org.gradle.api.internal.tasks.testing.testng.TestNGTestClassProcessor.stop(TestNGTestClassProcessor.java:95)
	at org.gradle.api.internal.tasks.testing.SuiteTestClassProcessor.stop(SuiteTestClassProcessor.java:62)
	at java.base/jdk.internal.reflect.NativeMethodAccessorImpl.invoke0(Native Method)
	at java.base/jdk.internal.reflect.NativeMethodAccessorImpl.invoke(NativeMethodAccessorImpl.java:77)
	at java.base/jdk.internal.reflect.DelegatingMethodAccessorImpl.invoke(DelegatingMethodAccessorImpl.java:43)
	at java.base/java.lang.reflect.Method.invoke(Method.java:568)
	at org.gradle.internal.dispatch.ReflectionDispatch.dispatch(ReflectionDispatch.java:36)
	at org.gradle.internal.dispatch.ReflectionDispatch.dispatch(ReflectionDispatch.java:24)
	at org.gradle.internal.dispatch.ContextClassLoaderDispatch.dispatch(ContextClassLoaderDispatch.java:33)
	at org.gradle.internal.dispatch.ProxyDispatchAdapter$DispatchingInvocationHandler.invoke(ProxyDispatchAdapter.java:94)
	at jdk.proxy3/jdk.proxy3.$Proxy5.stop(Unknown Source)
	at org.gradle.api.internal.tasks.testing.worker.TestWorker$3.run(TestWorker.java:193)
	at org.gradle.api.internal.tasks.testing.worker.TestWorker.executeAndMaintainThreadName(TestWorker.java:129)
	at org.gradle.api.internal.tasks.testing.worker.TestWorker.execute(TestWorker.java:100)
	at org.gradle.api.internal.tasks.testing.worker.TestWorker.execute(TestWorker.java:60)
	at org.gradle.process.internal.worker.child.ActionExecutionWorker.execute(ActionExecutionWorker.java:56)
	at org.gradle.process.internal.worker.child.SystemApplicationClassLoaderWorker.call(SystemApplicationClassLoaderWorker.java:113)
	at org.gradle.process.internal.worker.child.SystemApplicationClassLoaderWorker.call(SystemApplicationClassLoaderWorker.java:65)
	at worker.org.gradle.process.internal.worker.GradleWorkerMain.run(GradleWorkerMain.java:69)
	at worker.org.gradle.process.internal.worker.GradleWorkerMain.main(GradleWorkerMain.java:74)
11:29:35.120 [Test worker] TRACE c.b.config.BrowserStackConfig - isGaugeTestOpsSession called with testObservabilityExplicit: false, framework: null, returning: false
11:29:35.121 [Test worker] DEBUG c.b.utils.FrameworkDetectionUtils - Couldn't find dependency class: appium
11:29:35.126 [Test worker] DEBUG com.browserstack.testOps.UsageStats - getFormattedData: Collecting data for TEST REPORTING AND ANALYTICS
11:29:35.126 [Test worker] TRACE c.b.config.BrowserStackConfig - isGaugeTestOpsSession called with testObservabilityExplicit: false, framework: null, returning: false
11:29:35.133 [Test worker] TRACE c.b.t.TestOrchestrationUtils - getInstrumentationData: invoked
11:29:35.135 [Test worker] DEBUG c.b.utils.FunnelInstrumentation - Sending funnel data for SDKTestSuccessful with data: {"event_type":"SDKTestSuccessful","accessKey":"[REDACTED]","userName":"[REDACTED]","event_properties":{"isPercyAutoEnabled":false,"language":"java","sdkRunId":"303ba399-0d67-42a0-82e1-e384fbf16846","buildIdentifier":"unknown","testhub_uuid":"","detectedAppiumVersion":"null","productMap":{"app_automate":false,"accessibility":null,"automate":true,"percy":false,"observability":false,"turboscale":false},"hostname":"Sanjeeva-Reddy-2.local","measures":{"sdk:pre-test":2.54729200899601},"productUsage":{"testObservability":{"buildHashedId":"","manuallySet":false,"enabled":false}},"browserStackConfig":{"browserstackLocal":null,"percy":false,"logLevel":"info","staticWebDriver":true,"autoDetectFramework":true,"percyCaptureMode":"AUTO","browserStackLocalOptions":null,"percyOptions":null,"testContextOptions":{"serenityOverridePlugin":false,"skipSessionName":false,"skipSessionStatus":false},"platforms":null,"parallelsPerPlatform":null,"framework":null,"accessibility":false,"accessibilityOptions":{},"turboScaleOptions":{},"disableAutoCaptureLogs":true,"testObservability":true,"browserstackAutomation":true,"turboScale":false,"testObservabilityOptions":{},"gradleMConfig":null,"proxySettings":null},"automationFrameworkVersion":null,"percyBuildId":null,"product":"[automate]","buildName":"unknown","os":"Mac OS X","languageVersion":"17.0.10","appiumVersion":"null","frameworkDetectionInstrumentation":{},"detectedDependencies":"","referrer":"unknown","locationTrigger":"onFinish","accessibilityConfiguration":{"pollingTimeout":30},"language_framework":"unknown","testOrchestration":{"abortBuildOnFailure":{"enabled":false},"retryTestsOnFailure":{"enabled":false},"userConfig":{}},"detectedSeleniumVersion":"4.34.0","automationFramework":"selenium","seleniumVersion":"null"}}
11:29:35.577 [Test worker] DEBUG c.b.utils.FunnelInstrumentation - API Event SDKTestSuccessful, response: {"message":"Unauthorized"}
11:31:12.416 [main] DEBUG c.browserstack.BrowserStackJavaAgent - Extracted CLI argument from system : null
11:31:12.428 [main] INFO  c.browserstack.BrowserStackJavaAgent - Selenium version detected - 4.34.0
11:31:12.429 [main] INFO  c.browserstack.BrowserStackJavaAgent - Appium version detected - 9.5.0
11:31:12.503 [main] DEBUG c.b.config.BrowserStackConfig - Cli Config passed - {}
11:31:12.503 [main] ERROR c.b.config.BrowserStackConfig - [Invalid Path] Config file does not exist at any parent directory of /Users/sanjeevareddysj/IdeaProjects/LearAumatingApp/LearAumatingApp. Please include a browserstack.yml/browserstack.yaml file containing configuration for tests.
11:31:12.503 [main] ERROR c.browserstack.BrowserStackJavaAgent - Something went wrong - java.lang.RuntimeException: [Invalid Path] Config file does not exist at any parent directory of /Users/sanjeevareddysj/IdeaProjects/LearAumatingApp/LearAumatingApp. Please include a browserstack.yml/browserstack.yaml file containing configuration for tests.
	at com.browserstack.config.BrowserStackConfig.a(Unknown Source)
	at com.browserstack.config.BrowserStackConfig.getInstance(Unknown Source)
	at com.browserstack.BrowserStackJavaAgent.a(Unknown Source)
	at com.browserstack.BrowserStackJavaAgent.b(Unknown Source)
	at com.browserstack.BrowserStackJavaAgent.a(Unknown Source)
	at com.browserstack.BrowserStackJavaAgent.startBrowserStackAgent(Unknown Source)
	at com.browserstack.BrowserStackJavaAgent.premain(Unknown Source)
	at java.base/jdk.internal.reflect.NativeMethodAccessorImpl.invoke0(Native Method)
	at java.base/jdk.internal.reflect.NativeMethodAccessorImpl.invoke(NativeMethodAccessorImpl.java:77)
	at java.base/jdk.internal.reflect.DelegatingMethodAccessorImpl.invoke(DelegatingMethodAccessorImpl.java:43)
	at java.base/java.lang.reflect.Method.invoke(Method.java:568)
	at java.instrument/sun.instrument.InstrumentationImpl.loadClassAndStartAgent(InstrumentationImpl.java:491)
	at java.instrument/sun.instrument.InstrumentationImpl.loadClassAndCallPremain(InstrumentationImpl.java:503)

11:31:12.615 [Test worker] TRACE c.b.config.BrowserStackConfig - isGaugeTestOpsSession called with testObservabilityExplicit: false, framework: null, returning: false
11:31:12.615 [Test worker] WARN  c.b.config.BrowserStackConfig - TEST REPORTING AND ANALYTICS could not be enabled because framework detected is null. We currently support frameworks testng, cucumber-testng & serenity
11:31:12.815 [Test worker] DEBUG com.browserstack.v2.SdkCliUtils - File /Users/sanjeevareddysj/.browserstack already exist
11:31:12.816 [Test worker] DEBUG com.browserstack.v2.SdkCliUtils - Current CLI Path Found: /Users/sanjeevareddysj/.browserstack/cli/binary-macos-arm64
11:31:13.654 [Test worker] ERROR com.browserstack.v2.SdkCliUtils - Error in setting up cli path directory, Exception: Unexpected token END OF FILE at position 0.
	at browserstack.shaded.org.json.simple.parser.JSONParser.parse(Unknown Source)
	at browserstack.shaded.org.json.simple.parser.JSONParser.parse(Unknown Source)
	at browserstack.shaded.org.json.simple.parser.JSONParser.parse(Unknown Source)
	at com.browserstack.v2.SdkCliUtils.checkAndUpdateCli(Unknown Source)
	at com.browserstack.v2.SdkCliUtils.setupCliPath(Unknown Source)
	at com.browserstack.v2.SdkCLI.<clinit>(Unknown Source)
	at com.browserstack.monitoring.PerformanceTester.measure(Unknown Source)
	at com.browserstack.monitoring.PerformanceTester.end(Unknown Source)
	at com.browserstack.testNgListeners.BrowserstackSuiteListener.a(Unknown Source)
	at com.browserstack.testNgListeners.BrowserstackSuiteListener.onStart(Unknown Source)
	at org.testng.SuiteRunner.invokeListeners(SuiteRunner.java:242)
	at org.testng.SuiteRunner.run(SuiteRunner.java:310)
	at org.testng.SuiteRunnerWorker.runSuite(SuiteRunnerWorker.java:52)
	at org.testng.SuiteRunnerWorker.run(SuiteRunnerWorker.java:95)
	at org.testng.TestNG.runSuitesSequentially(TestNG.java:1274)
	at org.testng.TestNG.runSuitesLocally(TestNG.java:1208)
	at org.testng.TestNG.runSuites(TestNG.java:1112)
	at org.testng.TestNG.run(TestNG.java:1079)
	at org.gradle.api.internal.tasks.testing.testng.TestNGTestClassProcessor.runTests(TestNGTestClassProcessor.java:148)
	at org.gradle.api.internal.tasks.testing.testng.TestNGTestClassProcessor.stop(TestNGTestClassProcessor.java:95)
	at org.gradle.api.internal.tasks.testing.SuiteTestClassProcessor.stop(SuiteTestClassProcessor.java:62)
	at java.base/jdk.internal.reflect.NativeMethodAccessorImpl.invoke0(Native Method)
	at java.base/jdk.internal.reflect.NativeMethodAccessorImpl.invoke(NativeMethodAccessorImpl.java:77)
	at java.base/jdk.internal.reflect.DelegatingMethodAccessorImpl.invoke(DelegatingMethodAccessorImpl.java:43)
	at java.base/java.lang.reflect.Method.invoke(Method.java:568)
	at org.gradle.internal.dispatch.ReflectionDispatch.dispatch(ReflectionDispatch.java:36)
	at org.gradle.internal.dispatch.ReflectionDispatch.dispatch(ReflectionDispatch.java:24)
	at org.gradle.internal.dispatch.ContextClassLoaderDispatch.dispatch(ContextClassLoaderDispatch.java:33)
	at org.gradle.internal.dispatch.ProxyDispatchAdapter$DispatchingInvocationHandler.invoke(ProxyDispatchAdapter.java:94)
	at jdk.proxy3/jdk.proxy3.$Proxy5.stop(Unknown Source)
	at org.gradle.api.internal.tasks.testing.worker.TestWorker$3.run(TestWorker.java:193)
	at org.gradle.api.internal.tasks.testing.worker.TestWorker.executeAndMaintainThreadName(TestWorker.java:129)
	at org.gradle.api.internal.tasks.testing.worker.TestWorker.execute(TestWorker.java:100)
	at org.gradle.api.internal.tasks.testing.worker.TestWorker.execute(TestWorker.java:60)
	at org.gradle.process.internal.worker.child.ActionExecutionWorker.execute(ActionExecutionWorker.java:56)
	at org.gradle.process.internal.worker.child.SystemApplicationClassLoaderWorker.call(SystemApplicationClassLoaderWorker.java:113)
	at org.gradle.process.internal.worker.child.SystemApplicationClassLoaderWorker.call(SystemApplicationClassLoaderWorker.java:65)
	at worker.org.gradle.process.internal.worker.GradleWorkerMain.run(GradleWorkerMain.java:69)
	at worker.org.gradle.process.internal.worker.GradleWorkerMain.main(GradleWorkerMain.java:74)

11:31:13.713 [Test worker] DEBUG c.browserstack.utils.CurrentTestMap - Searching for Test Run ID for Thread: 1
11:31:13.713 [Test worker] TRACE c.b.config.BrowserStackConfig - isGaugeTestOpsSession called with testObservabilityExplicit: false, framework: null, returning: false
11:31:13.714 [Test worker] DEBUG c.browserstack.utils.CurrentTestMap - Searching for Test Run ID for Thread: 1
11:31:13.714 [Test worker] TRACE c.b.config.BrowserStackConfig - isGaugeTestOpsSession called with testObservabilityExplicit: false, framework: null, returning: false
11:31:13.716 [Test worker] DEBUG c.browserstack.utils.CurrentTestMap - Searching for Test Run ID for Thread: 1
11:31:13.716 [Test worker] TRACE c.b.config.BrowserStackConfig - isGaugeTestOpsSession called with testObservabilityExplicit: false, framework: null, returning: false
11:31:13.892 [Test worker] TRACE c.b.config.BrowserStackConfig - isGaugeTestOpsSession called with testObservabilityExplicit: false, framework: null, returning: false
11:31:13.893 [Test worker] DEBUG c.b.utils.FunnelInstrumentation - Error in getting Product:
java.lang.NullPointerException: Cannot invoke "String.equalsIgnoreCase(String)" because the return value of "com.browserstack.config.BrowserStackConfig.getFramework()" is null
	at com.browserstack.utils.FunnelInstrumentation.a(Unknown Source)
	at java.base/java.util.stream.MatchOps$1MatchSink.accept(MatchOps.java:90)
	at java.base/java.util.Spliterators$ArraySpliterator.tryAdvance(Spliterators.java:1002)
	at java.base/java.util.stream.ReferencePipeline.forEachWithCancel(ReferencePipeline.java:129)
	at java.base/java.util.stream.AbstractPipeline.copyIntoWithCancel(AbstractPipeline.java:527)
	at java.base/java.util.stream.AbstractPipeline.copyInto(AbstractPipeline.java:513)
	at java.base/java.util.stream.AbstractPipeline.wrapAndCopyInto(AbstractPipeline.java:499)
	at java.base/java.util.stream.MatchOps$MatchOp.evaluateSequential(MatchOps.java:230)
	at java.base/java.util.stream.MatchOps$MatchOp.evaluateSequential(MatchOps.java:196)
	at java.base/java.util.stream.AbstractPipeline.evaluate(AbstractPipeline.java:234)
	at java.base/java.util.stream.ReferencePipeline.anyMatch(ReferencePipeline.java:632)
	at com.browserstack.utils.FunnelInstrumentation.getProducts(Unknown Source)
	at com.browserstack.utils.FunnelInstrumentation.createParamsForEvent(Unknown Source)
	at com.browserstack.utils.FunnelInstrumentation.sendSDKEvent(Unknown Source)
	at com.browserstack.testNgListeners.TmpSuiteListener.onFinish(Unknown Source)
	at org.testng.TestRunner.fireEvent(TestRunner.java:900)
	at org.testng.TestRunner.afterRun(TestRunner.java:855)
	at org.testng.TestRunner.run(TestRunner.java:618)
	at org.testng.SuiteRunner.runTest(SuiteRunner.java:421)
	at org.testng.SuiteRunner.runSequentially(SuiteRunner.java:413)
	at org.testng.SuiteRunner.privateRun(SuiteRunner.java:373)
	at org.testng.SuiteRunner.run(SuiteRunner.java:312)
	at org.testng.SuiteRunnerWorker.runSuite(SuiteRunnerWorker.java:52)
	at org.testng.SuiteRunnerWorker.run(SuiteRunnerWorker.java:95)
	at org.testng.TestNG.runSuitesSequentially(TestNG.java:1274)
	at org.testng.TestNG.runSuitesLocally(TestNG.java:1208)
	at org.testng.TestNG.runSuites(TestNG.java:1112)
	at org.testng.TestNG.run(TestNG.java:1079)
	at org.gradle.api.internal.tasks.testing.testng.TestNGTestClassProcessor.runTests(TestNGTestClassProcessor.java:148)
	at org.gradle.api.internal.tasks.testing.testng.TestNGTestClassProcessor.stop(TestNGTestClassProcessor.java:95)
	at org.gradle.api.internal.tasks.testing.SuiteTestClassProcessor.stop(SuiteTestClassProcessor.java:62)
	at java.base/jdk.internal.reflect.NativeMethodAccessorImpl.invoke0(Native Method)
	at java.base/jdk.internal.reflect.NativeMethodAccessorImpl.invoke(NativeMethodAccessorImpl.java:77)
	at java.base/jdk.internal.reflect.DelegatingMethodAccessorImpl.invoke(DelegatingMethodAccessorImpl.java:43)
	at java.base/java.lang.reflect.Method.invoke(Method.java:568)
	at org.gradle.internal.dispatch.ReflectionDispatch.dispatch(ReflectionDispatch.java:36)
	at org.gradle.internal.dispatch.ReflectionDispatch.dispatch(ReflectionDispatch.java:24)
	at org.gradle.internal.dispatch.ContextClassLoaderDispatch.dispatch(ContextClassLoaderDispatch.java:33)
	at org.gradle.internal.dispatch.ProxyDispatchAdapter$DispatchingInvocationHandler.invoke(ProxyDispatchAdapter.java:94)
	at jdk.proxy3/jdk.proxy3.$Proxy5.stop(Unknown Source)
	at org.gradle.api.internal.tasks.testing.worker.TestWorker$3.run(TestWorker.java:193)
	at org.gradle.api.internal.tasks.testing.worker.TestWorker.executeAndMaintainThreadName(TestWorker.java:129)
	at org.gradle.api.internal.tasks.testing.worker.TestWorker.execute(TestWorker.java:100)
	at org.gradle.api.internal.tasks.testing.worker.TestWorker.execute(TestWorker.java:60)
	at org.gradle.process.internal.worker.child.ActionExecutionWorker.execute(ActionExecutionWorker.java:56)
	at org.gradle.process.internal.worker.child.SystemApplicationClassLoaderWorker.call(SystemApplicationClassLoaderWorker.java:113)
	at org.gradle.process.internal.worker.child.SystemApplicationClassLoaderWorker.call(SystemApplicationClassLoaderWorker.java:65)
	at worker.org.gradle.process.internal.worker.GradleWorkerMain.run(GradleWorkerMain.java:69)
	at worker.org.gradle.process.internal.worker.GradleWorkerMain.main(GradleWorkerMain.java:74)
11:31:13.893 [Test worker] TRACE c.b.config.BrowserStackConfig - isGaugeTestOpsSession called with testObservabilityExplicit: false, framework: null, returning: false
11:31:13.894 [Test worker] DEBUG c.b.utils.FrameworkDetectionUtils - Couldn't find dependency class: appium
11:31:13.901 [Test worker] DEBUG com.browserstack.testOps.UsageStats - getFormattedData: Collecting data for TEST REPORTING AND ANALYTICS
11:31:13.901 [Test worker] TRACE c.b.config.BrowserStackConfig - isGaugeTestOpsSession called with testObservabilityExplicit: false, framework: null, returning: false
11:31:13.909 [Test worker] TRACE c.b.t.TestOrchestrationUtils - getInstrumentationData: invoked
11:31:13.911 [Test worker] DEBUG c.b.utils.FunnelInstrumentation - Sending funnel data for SDKTestSuccessful with data: {"event_type":"SDKTestSuccessful","accessKey":"[REDACTED]","userName":"[REDACTED]","event_properties":{"isPercyAutoEnabled":false,"language":"java","sdkRunId":"7a570159-9b99-4a11-b160-4bf223d6d5ae","buildIdentifier":"unknown","testhub_uuid":"","detectedAppiumVersion":"null","productMap":{"app_automate":false,"accessibility":null,"automate":true,"percy":false,"observability":false,"turboscale":false},"hostname":"Sanjeeva-Reddy-2.local","measures":{"sdk:pre-test":2.3945000022649765},"productUsage":{"testObservability":{"buildHashedId":"","manuallySet":false,"enabled":false}},"browserStackConfig":{"browserstackLocal":null,"percy":false,"logLevel":"info","staticWebDriver":true,"autoDetectFramework":true,"percyCaptureMode":"AUTO","browserStackLocalOptions":null,"percyOptions":null,"testContextOptions":{"serenityOverridePlugin":false,"skipSessionName":false,"skipSessionStatus":false},"platforms":null,"parallelsPerPlatform":null,"framework":null,"accessibility":false,"accessibilityOptions":{},"turboScaleOptions":{},"disableAutoCaptureLogs":true,"testObservability":true,"browserstackAutomation":true,"turboScale":false,"testObservabilityOptions":{},"gradleMConfig":null,"proxySettings":null},"automationFrameworkVersion":null,"percyBuildId":null,"product":"[automate]","buildName":"unknown","os":"Mac OS X","languageVersion":"17.0.10","appiumVersion":"null","frameworkDetectionInstrumentation":{},"detectedDependencies":"","referrer":"unknown","locationTrigger":"onFinish","accessibilityConfiguration":{"pollingTimeout":30},"language_framework":"unknown","testOrchestration":{"abortBuildOnFailure":{"enabled":false},"retryTestsOnFailure":{"enabled":false},"userConfig":{}},"detectedSeleniumVersion":"4.34.0","automationFramework":"selenium","seleniumVersion":"null"}}
11:31:14.183 [Test worker] DEBUG c.b.utils.FunnelInstrumentation - API Event SDKTestSuccessful, response: {"message":"Unauthorized"}
11:31:39.860 [main] DEBUG c.browserstack.BrowserStackJavaAgent - Extracted CLI argument from system : null
11:31:39.873 [main] INFO  c.browserstack.BrowserStackJavaAgent - Selenium version detected - 4.34.0
11:31:39.874 [main] INFO  c.browserstack.BrowserStackJavaAgent - Appium version detected - 9.5.0
11:31:39.948 [main] DEBUG c.b.config.BrowserStackConfig - Cli Config passed - {}
11:31:39.948 [main] ERROR c.b.config.BrowserStackConfig - [Invalid Path] Config file does not exist at any parent directory of /Users/sanjeevareddysj/IdeaProjects/LearAumatingApp/LearAumatingApp. Please include a browserstack.yml/browserstack.yaml file containing configuration for tests.
11:31:39.948 [main] ERROR c.browserstack.BrowserStackJavaAgent - Something went wrong - java.lang.RuntimeException: [Invalid Path] Config file does not exist at any parent directory of /Users/sanjeevareddysj/IdeaProjects/LearAumatingApp/LearAumatingApp. Please include a browserstack.yml/browserstack.yaml file containing configuration for tests.
	at com.browserstack.config.BrowserStackConfig.a(Unknown Source)
	at com.browserstack.config.BrowserStackConfig.getInstance(Unknown Source)
	at com.browserstack.BrowserStackJavaAgent.a(Unknown Source)
	at com.browserstack.BrowserStackJavaAgent.b(Unknown Source)
	at com.browserstack.BrowserStackJavaAgent.a(Unknown Source)
	at com.browserstack.BrowserStackJavaAgent.startBrowserStackAgent(Unknown Source)
	at com.browserstack.BrowserStackJavaAgent.premain(Unknown Source)
	at java.base/jdk.internal.reflect.NativeMethodAccessorImpl.invoke0(Native Method)
	at java.base/jdk.internal.reflect.NativeMethodAccessorImpl.invoke(NativeMethodAccessorImpl.java:77)
	at java.base/jdk.internal.reflect.DelegatingMethodAccessorImpl.invoke(DelegatingMethodAccessorImpl.java:43)
	at java.base/java.lang.reflect.Method.invoke(Method.java:568)
	at java.instrument/sun.instrument.InstrumentationImpl.loadClassAndStartAgent(InstrumentationImpl.java:491)
	at java.instrument/sun.instrument.InstrumentationImpl.loadClassAndCallPremain(InstrumentationImpl.java:503)

11:31:40.054 [Test worker] TRACE c.b.config.BrowserStackConfig - isGaugeTestOpsSession called with testObservabilityExplicit: false, framework: null, returning: false
11:31:40.054 [Test worker] WARN  c.b.config.BrowserStackConfig - TEST REPORTING AND ANALYTICS could not be enabled because framework detected is null. We currently support frameworks testng, cucumber-testng & serenity
11:31:40.231 [Test worker] DEBUG com.browserstack.v2.SdkCliUtils - File /Users/sanjeevareddysj/.browserstack already exist
11:31:40.232 [Test worker] DEBUG com.browserstack.v2.SdkCliUtils - Current CLI Path Found: /Users/sanjeevareddysj/.browserstack/cli/binary-macos-arm64
11:31:40.896 [Test worker] ERROR com.browserstack.v2.SdkCliUtils - Error in setting up cli path directory, Exception: Unexpected token END OF FILE at position 0.
	at browserstack.shaded.org.json.simple.parser.JSONParser.parse(Unknown Source)
	at browserstack.shaded.org.json.simple.parser.JSONParser.parse(Unknown Source)
	at browserstack.shaded.org.json.simple.parser.JSONParser.parse(Unknown Source)
	at com.browserstack.v2.SdkCliUtils.checkAndUpdateCli(Unknown Source)
	at com.browserstack.v2.SdkCliUtils.setupCliPath(Unknown Source)
	at com.browserstack.v2.SdkCLI.<clinit>(Unknown Source)
	at com.browserstack.monitoring.PerformanceTester.measure(Unknown Source)
	at com.browserstack.monitoring.PerformanceTester.end(Unknown Source)
	at com.browserstack.testNgListeners.BrowserstackSuiteListener.a(Unknown Source)
	at com.browserstack.testNgListeners.BrowserstackSuiteListener.onStart(Unknown Source)
	at org.testng.SuiteRunner.invokeListeners(SuiteRunner.java:242)
	at org.testng.SuiteRunner.run(SuiteRunner.java:310)
	at org.testng.SuiteRunnerWorker.runSuite(SuiteRunnerWorker.java:52)
	at org.testng.SuiteRunnerWorker.run(SuiteRunnerWorker.java:95)
	at org.testng.TestNG.runSuitesSequentially(TestNG.java:1274)
	at org.testng.TestNG.runSuitesLocally(TestNG.java:1208)
	at org.testng.TestNG.runSuites(TestNG.java:1112)
	at org.testng.TestNG.run(TestNG.java:1079)
	at org.gradle.api.internal.tasks.testing.testng.TestNGTestClassProcessor.runTests(TestNGTestClassProcessor.java:148)
	at org.gradle.api.internal.tasks.testing.testng.TestNGTestClassProcessor.stop(TestNGTestClassProcessor.java:95)
	at org.gradle.api.internal.tasks.testing.SuiteTestClassProcessor.stop(SuiteTestClassProcessor.java:62)
	at java.base/jdk.internal.reflect.NativeMethodAccessorImpl.invoke0(Native Method)
	at java.base/jdk.internal.reflect.NativeMethodAccessorImpl.invoke(NativeMethodAccessorImpl.java:77)
	at java.base/jdk.internal.reflect.DelegatingMethodAccessorImpl.invoke(DelegatingMethodAccessorImpl.java:43)
	at java.base/java.lang.reflect.Method.invoke(Method.java:568)
	at org.gradle.internal.dispatch.ReflectionDispatch.dispatch(ReflectionDispatch.java:36)
	at org.gradle.internal.dispatch.ReflectionDispatch.dispatch(ReflectionDispatch.java:24)
	at org.gradle.internal.dispatch.ContextClassLoaderDispatch.dispatch(ContextClassLoaderDispatch.java:33)
	at org.gradle.internal.dispatch.ProxyDispatchAdapter$DispatchingInvocationHandler.invoke(ProxyDispatchAdapter.java:94)
	at jdk.proxy3/jdk.proxy3.$Proxy5.stop(Unknown Source)
	at org.gradle.api.internal.tasks.testing.worker.TestWorker$3.run(TestWorker.java:193)
	at org.gradle.api.internal.tasks.testing.worker.TestWorker.executeAndMaintainThreadName(TestWorker.java:129)
	at org.gradle.api.internal.tasks.testing.worker.TestWorker.execute(TestWorker.java:100)
	at org.gradle.api.internal.tasks.testing.worker.TestWorker.execute(TestWorker.java:60)
	at org.gradle.process.internal.worker.child.ActionExecutionWorker.execute(ActionExecutionWorker.java:56)
	at org.gradle.process.internal.worker.child.SystemApplicationClassLoaderWorker.call(SystemApplicationClassLoaderWorker.java:113)
	at org.gradle.process.internal.worker.child.SystemApplicationClassLoaderWorker.call(SystemApplicationClassLoaderWorker.java:65)
	at worker.org.gradle.process.internal.worker.GradleWorkerMain.run(GradleWorkerMain.java:69)
	at worker.org.gradle.process.internal.worker.GradleWorkerMain.main(GradleWorkerMain.java:74)

11:31:40.956 [Test worker] DEBUG c.browserstack.utils.CurrentTestMap - Searching for Test Run ID for Thread: 1
11:31:40.956 [Test worker] TRACE c.b.config.BrowserStackConfig - isGaugeTestOpsSession called with testObservabilityExplicit: false, framework: null, returning: false
11:31:40.957 [Test worker] DEBUG c.browserstack.utils.CurrentTestMap - Searching for Test Run ID for Thread: 1
11:31:40.957 [Test worker] TRACE c.b.config.BrowserStackConfig - isGaugeTestOpsSession called with testObservabilityExplicit: false, framework: null, returning: false
11:31:40.959 [Test worker] DEBUG c.browserstack.utils.CurrentTestMap - Searching for Test Run ID for Thread: 1
11:31:40.959 [Test worker] TRACE c.b.config.BrowserStackConfig - isGaugeTestOpsSession called with testObservabilityExplicit: false, framework: null, returning: false
11:31:41.171 [Test worker] TRACE c.b.config.BrowserStackConfig - isGaugeTestOpsSession called with testObservabilityExplicit: false, framework: null, returning: false
11:31:41.171 [Test worker] DEBUG c.b.utils.FunnelInstrumentation - Error in getting Product:
java.lang.NullPointerException: Cannot invoke "String.equalsIgnoreCase(String)" because the return value of "com.browserstack.config.BrowserStackConfig.getFramework()" is null
	at com.browserstack.utils.FunnelInstrumentation.a(Unknown Source)
	at java.base/java.util.stream.MatchOps$1MatchSink.accept(MatchOps.java:90)
	at java.base/java.util.Spliterators$ArraySpliterator.tryAdvance(Spliterators.java:1002)
	at java.base/java.util.stream.ReferencePipeline.forEachWithCancel(ReferencePipeline.java:129)
	at java.base/java.util.stream.AbstractPipeline.copyIntoWithCancel(AbstractPipeline.java:527)
	at java.base/java.util.stream.AbstractPipeline.copyInto(AbstractPipeline.java:513)
	at java.base/java.util.stream.AbstractPipeline.wrapAndCopyInto(AbstractPipeline.java:499)
	at java.base/java.util.stream.MatchOps$MatchOp.evaluateSequential(MatchOps.java:230)
	at java.base/java.util.stream.MatchOps$MatchOp.evaluateSequential(MatchOps.java:196)
	at java.base/java.util.stream.AbstractPipeline.evaluate(AbstractPipeline.java:234)
	at java.base/java.util.stream.ReferencePipeline.anyMatch(ReferencePipeline.java:632)
	at com.browserstack.utils.FunnelInstrumentation.getProducts(Unknown Source)
	at com.browserstack.utils.FunnelInstrumentation.createParamsForEvent(Unknown Source)
	at com.browserstack.utils.FunnelInstrumentation.sendSDKEvent(Unknown Source)
	at com.browserstack.testNgListeners.TmpSuiteListener.onFinish(Unknown Source)
	at org.testng.TestRunner.fireEvent(TestRunner.java:900)
	at org.testng.TestRunner.afterRun(TestRunner.java:855)
	at org.testng.TestRunner.run(TestRunner.java:618)
	at org.testng.SuiteRunner.runTest(SuiteRunner.java:421)
	at org.testng.SuiteRunner.runSequentially(SuiteRunner.java:413)
	at org.testng.SuiteRunner.privateRun(SuiteRunner.java:373)
	at org.testng.SuiteRunner.run(SuiteRunner.java:312)
	at org.testng.SuiteRunnerWorker.runSuite(SuiteRunnerWorker.java:52)
	at org.testng.SuiteRunnerWorker.run(SuiteRunnerWorker.java:95)
	at org.testng.TestNG.runSuitesSequentially(TestNG.java:1274)
	at org.testng.TestNG.runSuitesLocally(TestNG.java:1208)
	at org.testng.TestNG.runSuites(TestNG.java:1112)
	at org.testng.TestNG.run(TestNG.java:1079)
	at org.gradle.api.internal.tasks.testing.testng.TestNGTestClassProcessor.runTests(TestNGTestClassProcessor.java:148)
	at org.gradle.api.internal.tasks.testing.testng.TestNGTestClassProcessor.stop(TestNGTestClassProcessor.java:95)
	at org.gradle.api.internal.tasks.testing.SuiteTestClassProcessor.stop(SuiteTestClassProcessor.java:62)
	at java.base/jdk.internal.reflect.NativeMethodAccessorImpl.invoke0(Native Method)
	at java.base/jdk.internal.reflect.NativeMethodAccessorImpl.invoke(NativeMethodAccessorImpl.java:77)
	at java.base/jdk.internal.reflect.DelegatingMethodAccessorImpl.invoke(DelegatingMethodAccessorImpl.java:43)
	at java.base/java.lang.reflect.Method.invoke(Method.java:568)
	at org.gradle.internal.dispatch.ReflectionDispatch.dispatch(ReflectionDispatch.java:36)
	at org.gradle.internal.dispatch.ReflectionDispatch.dispatch(ReflectionDispatch.java:24)
	at org.gradle.internal.dispatch.ContextClassLoaderDispatch.dispatch(ContextClassLoaderDispatch.java:33)
	at org.gradle.internal.dispatch.ProxyDispatchAdapter$DispatchingInvocationHandler.invoke(ProxyDispatchAdapter.java:94)
	at jdk.proxy3/jdk.proxy3.$Proxy5.stop(Unknown Source)
	at org.gradle.api.internal.tasks.testing.worker.TestWorker$3.run(TestWorker.java:193)
	at org.gradle.api.internal.tasks.testing.worker.TestWorker.executeAndMaintainThreadName(TestWorker.java:129)
	at org.gradle.api.internal.tasks.testing.worker.TestWorker.execute(TestWorker.java:100)
	at org.gradle.api.internal.tasks.testing.worker.TestWorker.execute(TestWorker.java:60)
	at org.gradle.process.internal.worker.child.ActionExecutionWorker.execute(ActionExecutionWorker.java:56)
	at org.gradle.process.internal.worker.child.SystemApplicationClassLoaderWorker.call(SystemApplicationClassLoaderWorker.java:113)
	at org.gradle.process.internal.worker.child.SystemApplicationClassLoaderWorker.call(SystemApplicationClassLoaderWorker.java:65)
	at worker.org.gradle.process.internal.worker.GradleWorkerMain.run(GradleWorkerMain.java:69)
	at worker.org.gradle.process.internal.worker.GradleWorkerMain.main(GradleWorkerMain.java:74)
11:31:41.172 [Test worker] TRACE c.b.config.BrowserStackConfig - isGaugeTestOpsSession called with testObservabilityExplicit: false, framework: null, returning: false
11:31:41.173 [Test worker] DEBUG c.b.utils.FrameworkDetectionUtils - Couldn't find dependency class: appium
11:31:41.178 [Test worker] DEBUG com.browserstack.testOps.UsageStats - getFormattedData: Collecting data for TEST REPORTING AND ANALYTICS
11:31:41.178 [Test worker] TRACE c.b.config.BrowserStackConfig - isGaugeTestOpsSession called with testObservabilityExplicit: false, framework: null, returning: false
11:31:41.194 [Test worker] TRACE c.b.t.TestOrchestrationUtils - getInstrumentationData: invoked
11:31:41.196 [Test worker] DEBUG c.b.utils.FunnelInstrumentation - Sending funnel data for SDKTestSuccessful with data: {"event_type":"SDKTestSuccessful","accessKey":"[REDACTED]","userName":"[REDACTED]","event_properties":{"isPercyAutoEnabled":false,"language":"java","sdkRunId":"29b917d0-e943-4ff4-b3a4-d7f6955d6b2b","buildIdentifier":"unknown","testhub_uuid":"","detectedAppiumVersion":"null","productMap":{"app_automate":false,"accessibility":null,"automate":true,"percy":false,"observability":false,"turboscale":false},"hostname":"Sanjeeva-Reddy-2.local","measures":{"sdk:pre-test":2.3743750005960464},"productUsage":{"testObservability":{"buildHashedId":"","manuallySet":false,"enabled":false}},"browserStackConfig":{"browserstackLocal":null,"percy":false,"logLevel":"info","staticWebDriver":true,"autoDetectFramework":true,"percyCaptureMode":"AUTO","browserStackLocalOptions":null,"percyOptions":null,"testContextOptions":{"skipSessionStatus":false,"serenityOverridePlugin":false,"skipSessionName":false},"platforms":null,"parallelsPerPlatform":null,"framework":null,"accessibility":false,"accessibilityOptions":{},"turboScaleOptions":{},"disableAutoCaptureLogs":true,"testObservability":true,"browserstackAutomation":true,"turboScale":false,"testObservabilityOptions":{},"gradleMConfig":null,"proxySettings":null},"automationFrameworkVersion":null,"percyBuildId":null,"product":"[automate]","buildName":"unknown","os":"Mac OS X","languageVersion":"17.0.10","appiumVersion":"null","frameworkDetectionInstrumentation":{},"detectedDependencies":"","referrer":"unknown","locationTrigger":"onFinish","accessibilityConfiguration":{"pollingTimeout":30},"language_framework":"unknown","testOrchestration":{"abortBuildOnFailure":{"enabled":false},"retryTestsOnFailure":{"enabled":false},"userConfig":{}},"detectedSeleniumVersion":"4.34.0","automationFramework":"selenium","seleniumVersion":"null"}}
11:31:41.597 [Test worker] DEBUG c.b.utils.FunnelInstrumentation - API Event SDKTestSuccessful, response: {"message":"Unauthorized"}
11:31:49.119 [main] DEBUG c.browserstack.BrowserStackJavaAgent - Extracted CLI argument from system : null
11:31:49.132 [main] INFO  c.browserstack.BrowserStackJavaAgent - Selenium version detected - 4.34.0
11:31:49.132 [main] INFO  c.browserstack.BrowserStackJavaAgent - Appium version detected - 9.5.0
11:31:49.203 [main] DEBUG c.b.config.BrowserStackConfig - Cli Config passed - {}
11:31:49.204 [main] ERROR c.b.config.BrowserStackConfig - [Invalid Path] Config file does not exist at any parent directory of /Users/sanjeevareddysj/IdeaProjects/LearAumatingApp/LearAumatingApp. Please include a browserstack.yml/browserstack.yaml file containing configuration for tests.
11:31:49.204 [main] ERROR c.browserstack.BrowserStackJavaAgent - Something went wrong - java.lang.RuntimeException: [Invalid Path] Config file does not exist at any parent directory of /Users/sanjeevareddysj/IdeaProjects/LearAumatingApp/LearAumatingApp. Please include a browserstack.yml/browserstack.yaml file containing configuration for tests.
	at com.browserstack.config.BrowserStackConfig.a(Unknown Source)
	at com.browserstack.config.BrowserStackConfig.getInstance(Unknown Source)
	at com.browserstack.BrowserStackJavaAgent.a(Unknown Source)
	at com.browserstack.BrowserStackJavaAgent.b(Unknown Source)
	at com.browserstack.BrowserStackJavaAgent.a(Unknown Source)
	at com.browserstack.BrowserStackJavaAgent.startBrowserStackAgent(Unknown Source)
	at com.browserstack.BrowserStackJavaAgent.premain(Unknown Source)
	at java.base/jdk.internal.reflect.NativeMethodAccessorImpl.invoke0(Native Method)
	at java.base/jdk.internal.reflect.NativeMethodAccessorImpl.invoke(NativeMethodAccessorImpl.java:77)
	at java.base/jdk.internal.reflect.DelegatingMethodAccessorImpl.invoke(DelegatingMethodAccessorImpl.java:43)
	at java.base/java.lang.reflect.Method.invoke(Method.java:568)
	at java.instrument/sun.instrument.InstrumentationImpl.loadClassAndStartAgent(InstrumentationImpl.java:491)
	at java.instrument/sun.instrument.InstrumentationImpl.loadClassAndCallPremain(InstrumentationImpl.java:503)

11:31:49.309 [Test worker] TRACE c.b.config.BrowserStackConfig - isGaugeTestOpsSession called with testObservabilityExplicit: false, framework: null, returning: false
11:31:49.309 [Test worker] WARN  c.b.config.BrowserStackConfig - TEST REPORTING AND ANALYTICS could not be enabled because framework detected is null. We currently support frameworks testng, cucumber-testng & serenity
11:31:49.484 [Test worker] DEBUG com.browserstack.v2.SdkCliUtils - File /Users/sanjeevareddysj/.browserstack already exist
11:31:49.485 [Test worker] DEBUG com.browserstack.v2.SdkCliUtils - Current CLI Path Found: /Users/sanjeevareddysj/.browserstack/cli/binary-macos-arm64
11:31:50.165 [Test worker] ERROR com.browserstack.v2.SdkCliUtils - Error in setting up cli path directory, Exception: Unexpected token END OF FILE at position 0.
	at browserstack.shaded.org.json.simple.parser.JSONParser.parse(Unknown Source)
	at browserstack.shaded.org.json.simple.parser.JSONParser.parse(Unknown Source)
	at browserstack.shaded.org.json.simple.parser.JSONParser.parse(Unknown Source)
	at com.browserstack.v2.SdkCliUtils.checkAndUpdateCli(Unknown Source)
	at com.browserstack.v2.SdkCliUtils.setupCliPath(Unknown Source)
	at com.browserstack.v2.SdkCLI.<clinit>(Unknown Source)
	at com.browserstack.monitoring.PerformanceTester.measure(Unknown Source)
	at com.browserstack.monitoring.PerformanceTester.end(Unknown Source)
	at com.browserstack.testNgListeners.BrowserstackSuiteListener.a(Unknown Source)
	at com.browserstack.testNgListeners.BrowserstackSuiteListener.onStart(Unknown Source)
	at org.testng.SuiteRunner.invokeListeners(SuiteRunner.java:242)
	at org.testng.SuiteRunner.run(SuiteRunner.java:310)
	at org.testng.SuiteRunnerWorker.runSuite(SuiteRunnerWorker.java:52)
	at org.testng.SuiteRunnerWorker.run(SuiteRunnerWorker.java:95)
	at org.testng.TestNG.runSuitesSequentially(TestNG.java:1274)
	at org.testng.TestNG.runSuitesLocally(TestNG.java:1208)
	at org.testng.TestNG.runSuites(TestNG.java:1112)
	at org.testng.TestNG.run(TestNG.java:1079)
	at org.gradle.api.internal.tasks.testing.testng.TestNGTestClassProcessor.runTests(TestNGTestClassProcessor.java:148)
	at org.gradle.api.internal.tasks.testing.testng.TestNGTestClassProcessor.stop(TestNGTestClassProcessor.java:95)
	at org.gradle.api.internal.tasks.testing.SuiteTestClassProcessor.stop(SuiteTestClassProcessor.java:62)
	at java.base/jdk.internal.reflect.NativeMethodAccessorImpl.invoke0(Native Method)
	at java.base/jdk.internal.reflect.NativeMethodAccessorImpl.invoke(NativeMethodAccessorImpl.java:77)
	at java.base/jdk.internal.reflect.DelegatingMethodAccessorImpl.invoke(DelegatingMethodAccessorImpl.java:43)
	at java.base/java.lang.reflect.Method.invoke(Method.java:568)
	at org.gradle.internal.dispatch.ReflectionDispatch.dispatch(ReflectionDispatch.java:36)
	at org.gradle.internal.dispatch.ReflectionDispatch.dispatch(ReflectionDispatch.java:24)
	at org.gradle.internal.dispatch.ContextClassLoaderDispatch.dispatch(ContextClassLoaderDispatch.java:33)
	at org.gradle.internal.dispatch.ProxyDispatchAdapter$DispatchingInvocationHandler.invoke(ProxyDispatchAdapter.java:94)
	at jdk.proxy3/jdk.proxy3.$Proxy5.stop(Unknown Source)
	at org.gradle.api.internal.tasks.testing.worker.TestWorker$3.run(TestWorker.java:193)
	at org.gradle.api.internal.tasks.testing.worker.TestWorker.executeAndMaintainThreadName(TestWorker.java:129)
	at org.gradle.api.internal.tasks.testing.worker.TestWorker.execute(TestWorker.java:100)
	at org.gradle.api.internal.tasks.testing.worker.TestWorker.execute(TestWorker.java:60)
	at org.gradle.process.internal.worker.child.ActionExecutionWorker.execute(ActionExecutionWorker.java:56)
	at org.gradle.process.internal.worker.child.SystemApplicationClassLoaderWorker.call(SystemApplicationClassLoaderWorker.java:113)
	at org.gradle.process.internal.worker.child.SystemApplicationClassLoaderWorker.call(SystemApplicationClassLoaderWorker.java:65)
	at worker.org.gradle.process.internal.worker.GradleWorkerMain.run(GradleWorkerMain.java:69)
	at worker.org.gradle.process.internal.worker.GradleWorkerMain.main(GradleWorkerMain.java:74)

11:31:50.224 [Test worker] DEBUG c.browserstack.utils.CurrentTestMap - Searching for Test Run ID for Thread: 1
11:31:50.224 [Test worker] TRACE c.b.config.BrowserStackConfig - isGaugeTestOpsSession called with testObservabilityExplicit: false, framework: null, returning: false
11:31:50.225 [Test worker] DEBUG c.browserstack.utils.CurrentTestMap - Searching for Test Run ID for Thread: 1
11:31:50.225 [Test worker] TRACE c.b.config.BrowserStackConfig - isGaugeTestOpsSession called with testObservabilityExplicit: false, framework: null, returning: false
11:31:50.227 [Test worker] DEBUG c.browserstack.utils.CurrentTestMap - Searching for Test Run ID for Thread: 1
11:31:50.227 [Test worker] TRACE c.b.config.BrowserStackConfig - isGaugeTestOpsSession called with testObservabilityExplicit: false, framework: null, returning: false
11:31:50.394 [Test worker] TRACE c.b.config.BrowserStackConfig - isGaugeTestOpsSession called with testObservabilityExplicit: false, framework: null, returning: false
11:31:50.395 [Test worker] DEBUG c.b.utils.FunnelInstrumentation - Error in getting Product:
java.lang.NullPointerException: Cannot invoke "String.equalsIgnoreCase(String)" because the return value of "com.browserstack.config.BrowserStackConfig.getFramework()" is null
	at com.browserstack.utils.FunnelInstrumentation.a(Unknown Source)
	at java.base/java.util.stream.MatchOps$1MatchSink.accept(MatchOps.java:90)
	at java.base/java.util.Spliterators$ArraySpliterator.tryAdvance(Spliterators.java:1002)
	at java.base/java.util.stream.ReferencePipeline.forEachWithCancel(ReferencePipeline.java:129)
	at java.base/java.util.stream.AbstractPipeline.copyIntoWithCancel(AbstractPipeline.java:527)
	at java.base/java.util.stream.AbstractPipeline.copyInto(AbstractPipeline.java:513)
	at java.base/java.util.stream.AbstractPipeline.wrapAndCopyInto(AbstractPipeline.java:499)
	at java.base/java.util.stream.MatchOps$MatchOp.evaluateSequential(MatchOps.java:230)
	at java.base/java.util.stream.MatchOps$MatchOp.evaluateSequential(MatchOps.java:196)
	at java.base/java.util.stream.AbstractPipeline.evaluate(AbstractPipeline.java:234)
	at java.base/java.util.stream.ReferencePipeline.anyMatch(ReferencePipeline.java:632)
	at com.browserstack.utils.FunnelInstrumentation.getProducts(Unknown Source)
	at com.browserstack.utils.FunnelInstrumentation.createParamsForEvent(Unknown Source)
	at com.browserstack.utils.FunnelInstrumentation.sendSDKEvent(Unknown Source)
	at com.browserstack.testNgListeners.TmpSuiteListener.onFinish(Unknown Source)
	at org.testng.TestRunner.fireEvent(TestRunner.java:900)
	at org.testng.TestRunner.afterRun(TestRunner.java:855)
	at org.testng.TestRunner.run(TestRunner.java:618)
	at org.testng.SuiteRunner.runTest(SuiteRunner.java:421)
	at org.testng.SuiteRunner.runSequentially(SuiteRunner.java:413)
	at org.testng.SuiteRunner.privateRun(SuiteRunner.java:373)
	at org.testng.SuiteRunner.run(SuiteRunner.java:312)
	at org.testng.SuiteRunnerWorker.runSuite(SuiteRunnerWorker.java:52)
	at org.testng.SuiteRunnerWorker.run(SuiteRunnerWorker.java:95)
	at org.testng.TestNG.runSuitesSequentially(TestNG.java:1274)
	at org.testng.TestNG.runSuitesLocally(TestNG.java:1208)
	at org.testng.TestNG.runSuites(TestNG.java:1112)
	at org.testng.TestNG.run(TestNG.java:1079)
	at org.gradle.api.internal.tasks.testing.testng.TestNGTestClassProcessor.runTests(TestNGTestClassProcessor.java:148)
	at org.gradle.api.internal.tasks.testing.testng.TestNGTestClassProcessor.stop(TestNGTestClassProcessor.java:95)
	at org.gradle.api.internal.tasks.testing.SuiteTestClassProcessor.stop(SuiteTestClassProcessor.java:62)
	at java.base/jdk.internal.reflect.NativeMethodAccessorImpl.invoke0(Native Method)
	at java.base/jdk.internal.reflect.NativeMethodAccessorImpl.invoke(NativeMethodAccessorImpl.java:77)
	at java.base/jdk.internal.reflect.DelegatingMethodAccessorImpl.invoke(DelegatingMethodAccessorImpl.java:43)
	at java.base/java.lang.reflect.Method.invoke(Method.java:568)
	at org.gradle.internal.dispatch.ReflectionDispatch.dispatch(ReflectionDispatch.java:36)
	at org.gradle.internal.dispatch.ReflectionDispatch.dispatch(ReflectionDispatch.java:24)
	at org.gradle.internal.dispatch.ContextClassLoaderDispatch.dispatch(ContextClassLoaderDispatch.java:33)
	at org.gradle.internal.dispatch.ProxyDispatchAdapter$DispatchingInvocationHandler.invoke(ProxyDispatchAdapter.java:94)
	at jdk.proxy3/jdk.proxy3.$Proxy5.stop(Unknown Source)
	at org.gradle.api.internal.tasks.testing.worker.TestWorker$3.run(TestWorker.java:193)
	at org.gradle.api.internal.tasks.testing.worker.TestWorker.executeAndMaintainThreadName(TestWorker.java:129)
	at org.gradle.api.internal.tasks.testing.worker.TestWorker.execute(TestWorker.java:100)
	at org.gradle.api.internal.tasks.testing.worker.TestWorker.execute(TestWorker.java:60)
	at org.gradle.process.internal.worker.child.ActionExecutionWorker.execute(ActionExecutionWorker.java:56)
	at org.gradle.process.internal.worker.child.SystemApplicationClassLoaderWorker.call(SystemApplicationClassLoaderWorker.java:113)
	at org.gradle.process.internal.worker.child.SystemApplicationClassLoaderWorker.call(SystemApplicationClassLoaderWorker.java:65)
	at worker.org.gradle.process.internal.worker.GradleWorkerMain.run(GradleWorkerMain.java:69)
	at worker.org.gradle.process.internal.worker.GradleWorkerMain.main(GradleWorkerMain.java:74)
11:31:50.396 [Test worker] TRACE c.b.config.BrowserStackConfig - isGaugeTestOpsSession called with testObservabilityExplicit: false, framework: null, returning: false
11:31:50.397 [Test worker] DEBUG c.b.utils.FrameworkDetectionUtils - Couldn't find dependency class: appium
11:31:50.402 [Test worker] DEBUG com.browserstack.testOps.UsageStats - getFormattedData: Collecting data for TEST REPORTING AND ANALYTICS
11:31:50.402 [Test worker] TRACE c.b.config.BrowserStackConfig - isGaugeTestOpsSession called with testObservabilityExplicit: false, framework: null, returning: false
11:31:50.409 [Test worker] TRACE c.b.t.TestOrchestrationUtils - getInstrumentationData: invoked
11:31:50.411 [Test worker] DEBUG c.b.utils.FunnelInstrumentation - Sending funnel data for SDKTestSuccessful with data: {"event_type":"SDKTestSuccessful","accessKey":"[REDACTED]","userName":"[REDACTED]","event_properties":{"isPercyAutoEnabled":false,"language":"java","sdkRunId":"92e10532-fc15-4856-aecf-03186b7ad4ef","buildIdentifier":"unknown","testhub_uuid":"","detectedAppiumVersion":"null","productMap":{"app_automate":false,"accessibility":null,"automate":true,"percy":false,"observability":false,"turboscale":false},"hostname":"Sanjeeva-Reddy-2.local","measures":{"sdk:pre-test":2.2780420035123825},"productUsage":{"testObservability":{"buildHashedId":"","manuallySet":false,"enabled":false}},"browserStackConfig":{"browserstackLocal":null,"percy":false,"logLevel":"info","staticWebDriver":true,"autoDetectFramework":true,"percyCaptureMode":"AUTO","browserStackLocalOptions":null,"percyOptions":null,"testContextOptions":{"serenityOverridePlugin":false,"skipSessionName":false,"skipSessionStatus":false},"platforms":null,"parallelsPerPlatform":null,"framework":null,"accessibility":false,"accessibilityOptions":{},"turboScaleOptions":{},"disableAutoCaptureLogs":true,"testObservability":true,"browserstackAutomation":true,"turboScale":false,"testObservabilityOptions":{},"gradleMConfig":null,"proxySettings":null},"automationFrameworkVersion":null,"percyBuildId":null,"product":"[automate]","buildName":"unknown","os":"Mac OS X","languageVersion":"17.0.10","appiumVersion":"null","frameworkDetectionInstrumentation":{},"detectedDependencies":"","referrer":"unknown","locationTrigger":"onFinish","accessibilityConfiguration":{"pollingTimeout":30},"language_framework":"unknown","testOrchestration":{"abortBuildOnFailure":{"enabled":false},"retryTestsOnFailure":{"enabled":false},"userConfig":{}},"detectedSeleniumVersion":"4.34.0","automationFramework":"selenium","seleniumVersion":"null"}}
11:31:50.736 [Test worker] DEBUG c.b.utils.FunnelInstrumentation - API Event SDKTestSuccessful, response: {"message":"Unauthorized"}
11:32:45.594 [main] DEBUG c.browserstack.BrowserStackJavaAgent - Extracted CLI argument from system : null
11:32:45.609 [main] INFO  c.browserstack.BrowserStackJavaAgent - Selenium version detected - 4.34.0
11:32:45.609 [main] INFO  c.browserstack.BrowserStackJavaAgent - Appium version detected - 9.5.0
11:32:45.714 [main] DEBUG c.b.config.BrowserStackConfig - Cli Config passed - {}
11:32:45.714 [main] ERROR c.b.config.BrowserStackConfig - [Invalid Path] Config file does not exist at any parent directory of /Users/sanjeevareddysj/IdeaProjects/LearAumatingApp/LearAumatingApp. Please include a browserstack.yml/browserstack.yaml file containing configuration for tests.
11:32:45.714 [main] ERROR c.browserstack.BrowserStackJavaAgent - Something went wrong - java.lang.RuntimeException: [Invalid Path] Config file does not exist at any parent directory of /Users/sanjeevareddysj/IdeaProjects/LearAumatingApp/LearAumatingApp. Please include a browserstack.yml/browserstack.yaml file containing configuration for tests.
	at com.browserstack.config.BrowserStackConfig.a(Unknown Source)
	at com.browserstack.config.BrowserStackConfig.getInstance(Unknown Source)
	at com.browserstack.BrowserStackJavaAgent.a(Unknown Source)
	at com.browserstack.BrowserStackJavaAgent.b(Unknown Source)
	at com.browserstack.BrowserStackJavaAgent.a(Unknown Source)
	at com.browserstack.BrowserStackJavaAgent.startBrowserStackAgent(Unknown Source)
	at com.browserstack.BrowserStackJavaAgent.premain(Unknown Source)
	at java.base/jdk.internal.reflect.NativeMethodAccessorImpl.invoke0(Native Method)
	at java.base/jdk.internal.reflect.NativeMethodAccessorImpl.invoke(NativeMethodAccessorImpl.java:77)
	at java.base/jdk.internal.reflect.DelegatingMethodAccessorImpl.invoke(DelegatingMethodAccessorImpl.java:43)
	at java.base/java.lang.reflect.Method.invoke(Method.java:568)
	at java.instrument/sun.instrument.InstrumentationImpl.loadClassAndStartAgent(InstrumentationImpl.java:491)
	at java.instrument/sun.instrument.InstrumentationImpl.loadClassAndCallPremain(InstrumentationImpl.java:503)

11:32:45.857 [Test worker] TRACE c.b.config.BrowserStackConfig - isGaugeTestOpsSession called with testObservabilityExplicit: false, framework: null, returning: false
11:32:45.857 [Test worker] WARN  c.b.config.BrowserStackConfig - TEST REPORTING AND ANALYTICS could not be enabled because framework detected is null. We currently support frameworks testng, cucumber-testng & serenity
11:32:46.168 [Test worker] DEBUG com.browserstack.v2.SdkCliUtils - File /Users/sanjeevareddysj/.browserstack already exist
11:32:46.169 [Test worker] DEBUG com.browserstack.v2.SdkCliUtils - Current CLI Path Found: /Users/sanjeevareddysj/.browserstack/cli/binary-macos-arm64
11:32:47.002 [Test worker] ERROR com.browserstack.v2.SdkCliUtils - Error in setting up cli path directory, Exception: Unexpected token END OF FILE at position 0.
	at browserstack.shaded.org.json.simple.parser.JSONParser.parse(Unknown Source)
	at browserstack.shaded.org.json.simple.parser.JSONParser.parse(Unknown Source)
	at browserstack.shaded.org.json.simple.parser.JSONParser.parse(Unknown Source)
	at com.browserstack.v2.SdkCliUtils.checkAndUpdateCli(Unknown Source)
	at com.browserstack.v2.SdkCliUtils.setupCliPath(Unknown Source)
	at com.browserstack.v2.SdkCLI.<clinit>(Unknown Source)
	at com.browserstack.monitoring.PerformanceTester.measure(Unknown Source)
	at com.browserstack.monitoring.PerformanceTester.end(Unknown Source)
	at com.browserstack.testNgListeners.BrowserstackSuiteListener.a(Unknown Source)
	at com.browserstack.testNgListeners.BrowserstackSuiteListener.onStart(Unknown Source)
	at org.testng.SuiteRunner.invokeListeners(SuiteRunner.java:242)
	at org.testng.SuiteRunner.run(SuiteRunner.java:310)
	at org.testng.SuiteRunnerWorker.runSuite(SuiteRunnerWorker.java:52)
	at org.testng.SuiteRunnerWorker.run(SuiteRunnerWorker.java:95)
	at org.testng.TestNG.runSuitesSequentially(TestNG.java:1274)
	at org.testng.TestNG.runSuitesLocally(TestNG.java:1208)
	at org.testng.TestNG.runSuites(TestNG.java:1112)
	at org.testng.TestNG.run(TestNG.java:1079)
	at org.gradle.api.internal.tasks.testing.testng.TestNGTestClassProcessor.runTests(TestNGTestClassProcessor.java:148)
	at org.gradle.api.internal.tasks.testing.testng.TestNGTestClassProcessor.stop(TestNGTestClassProcessor.java:95)
	at org.gradle.api.internal.tasks.testing.SuiteTestClassProcessor.stop(SuiteTestClassProcessor.java:62)
	at java.base/jdk.internal.reflect.NativeMethodAccessorImpl.invoke0(Native Method)
	at java.base/jdk.internal.reflect.NativeMethodAccessorImpl.invoke(NativeMethodAccessorImpl.java:77)
	at java.base/jdk.internal.reflect.DelegatingMethodAccessorImpl.invoke(DelegatingMethodAccessorImpl.java:43)
	at java.base/java.lang.reflect.Method.invoke(Method.java:568)
	at org.gradle.internal.dispatch.ReflectionDispatch.dispatch(ReflectionDispatch.java:36)
	at org.gradle.internal.dispatch.ReflectionDispatch.dispatch(ReflectionDispatch.java:24)
	at org.gradle.internal.dispatch.ContextClassLoaderDispatch.dispatch(ContextClassLoaderDispatch.java:33)
	at org.gradle.internal.dispatch.ProxyDispatchAdapter$DispatchingInvocationHandler.invoke(ProxyDispatchAdapter.java:94)
	at jdk.proxy3/jdk.proxy3.$Proxy5.stop(Unknown Source)
	at org.gradle.api.internal.tasks.testing.worker.TestWorker$3.run(TestWorker.java:193)
	at org.gradle.api.internal.tasks.testing.worker.TestWorker.executeAndMaintainThreadName(TestWorker.java:129)
	at org.gradle.api.internal.tasks.testing.worker.TestWorker.execute(TestWorker.java:100)
	at org.gradle.api.internal.tasks.testing.worker.TestWorker.execute(TestWorker.java:60)
	at org.gradle.process.internal.worker.child.ActionExecutionWorker.execute(ActionExecutionWorker.java:56)
	at org.gradle.process.internal.worker.child.SystemApplicationClassLoaderWorker.call(SystemApplicationClassLoaderWorker.java:113)
	at org.gradle.process.internal.worker.child.SystemApplicationClassLoaderWorker.call(SystemApplicationClassLoaderWorker.java:65)
	at worker.org.gradle.process.internal.worker.GradleWorkerMain.run(GradleWorkerMain.java:69)
	at worker.org.gradle.process.internal.worker.GradleWorkerMain.main(GradleWorkerMain.java:74)

11:32:47.067 [Test worker] DEBUG c.browserstack.utils.CurrentTestMap - Searching for Test Run ID for Thread: 1
11:32:47.067 [Test worker] TRACE c.b.config.BrowserStackConfig - isGaugeTestOpsSession called with testObservabilityExplicit: false, framework: null, returning: false
11:32:47.068 [Test worker] DEBUG c.browserstack.utils.CurrentTestMap - Searching for Test Run ID for Thread: 1
11:32:47.069 [Test worker] TRACE c.b.config.BrowserStackConfig - isGaugeTestOpsSession called with testObservabilityExplicit: false, framework: null, returning: false
11:32:47.071 [Test worker] DEBUG c.browserstack.utils.CurrentTestMap - Searching for Test Run ID for Thread: 1
11:32:47.071 [Test worker] TRACE c.b.config.BrowserStackConfig - isGaugeTestOpsSession called with testObservabilityExplicit: false, framework: null, returning: false
11:32:47.249 [Test worker] TRACE c.b.config.BrowserStackConfig - isGaugeTestOpsSession called with testObservabilityExplicit: false, framework: null, returning: false
11:32:47.250 [Test worker] DEBUG c.b.utils.FunnelInstrumentation - Error in getting Product:
java.lang.NullPointerException: Cannot invoke "String.equalsIgnoreCase(String)" because the return value of "com.browserstack.config.BrowserStackConfig.getFramework()" is null
	at com.browserstack.utils.FunnelInstrumentation.a(Unknown Source)
	at java.base/java.util.stream.MatchOps$1MatchSink.accept(MatchOps.java:90)
	at java.base/java.util.Spliterators$ArraySpliterator.tryAdvance(Spliterators.java:1002)
	at java.base/java.util.stream.ReferencePipeline.forEachWithCancel(ReferencePipeline.java:129)
	at java.base/java.util.stream.AbstractPipeline.copyIntoWithCancel(AbstractPipeline.java:527)
	at java.base/java.util.stream.AbstractPipeline.copyInto(AbstractPipeline.java:513)
	at java.base/java.util.stream.AbstractPipeline.wrapAndCopyInto(AbstractPipeline.java:499)
	at java.base/java.util.stream.MatchOps$MatchOp.evaluateSequential(MatchOps.java:230)
	at java.base/java.util.stream.MatchOps$MatchOp.evaluateSequential(MatchOps.java:196)
	at java.base/java.util.stream.AbstractPipeline.evaluate(AbstractPipeline.java:234)
	at java.base/java.util.stream.ReferencePipeline.anyMatch(ReferencePipeline.java:632)
	at com.browserstack.utils.FunnelInstrumentation.getProducts(Unknown Source)
	at com.browserstack.utils.FunnelInstrumentation.createParamsForEvent(Unknown Source)
	at com.browserstack.utils.FunnelInstrumentation.sendSDKEvent(Unknown Source)
	at com.browserstack.testNgListeners.TmpSuiteListener.onFinish(Unknown Source)
	at org.testng.TestRunner.fireEvent(TestRunner.java:900)
	at org.testng.TestRunner.afterRun(TestRunner.java:855)
	at org.testng.TestRunner.run(TestRunner.java:618)
	at org.testng.SuiteRunner.runTest(SuiteRunner.java:421)
	at org.testng.SuiteRunner.runSequentially(SuiteRunner.java:413)
	at org.testng.SuiteRunner.privateRun(SuiteRunner.java:373)
	at org.testng.SuiteRunner.run(SuiteRunner.java:312)
	at org.testng.SuiteRunnerWorker.runSuite(SuiteRunnerWorker.java:52)
	at org.testng.SuiteRunnerWorker.run(SuiteRunnerWorker.java:95)
	at org.testng.TestNG.runSuitesSequentially(TestNG.java:1274)
	at org.testng.TestNG.runSuitesLocally(TestNG.java:1208)
	at org.testng.TestNG.runSuites(TestNG.java:1112)
	at org.testng.TestNG.run(TestNG.java:1079)
	at org.gradle.api.internal.tasks.testing.testng.TestNGTestClassProcessor.runTests(TestNGTestClassProcessor.java:148)
	at org.gradle.api.internal.tasks.testing.testng.TestNGTestClassProcessor.stop(TestNGTestClassProcessor.java:95)
	at org.gradle.api.internal.tasks.testing.SuiteTestClassProcessor.stop(SuiteTestClassProcessor.java:62)
	at java.base/jdk.internal.reflect.NativeMethodAccessorImpl.invoke0(Native Method)
	at java.base/jdk.internal.reflect.NativeMethodAccessorImpl.invoke(NativeMethodAccessorImpl.java:77)
	at java.base/jdk.internal.reflect.DelegatingMethodAccessorImpl.invoke(DelegatingMethodAccessorImpl.java:43)
	at java.base/java.lang.reflect.Method.invoke(Method.java:568)
	at org.gradle.internal.dispatch.ReflectionDispatch.dispatch(ReflectionDispatch.java:36)
	at org.gradle.internal.dispatch.ReflectionDispatch.dispatch(ReflectionDispatch.java:24)
	at org.gradle.internal.dispatch.ContextClassLoaderDispatch.dispatch(ContextClassLoaderDispatch.java:33)
	at org.gradle.internal.dispatch.ProxyDispatchAdapter$DispatchingInvocationHandler.invoke(ProxyDispatchAdapter.java:94)
	at jdk.proxy3/jdk.proxy3.$Proxy5.stop(Unknown Source)
	at org.gradle.api.internal.tasks.testing.worker.TestWorker$3.run(TestWorker.java:193)
	at org.gradle.api.internal.tasks.testing.worker.TestWorker.executeAndMaintainThreadName(TestWorker.java:129)
	at org.gradle.api.internal.tasks.testing.worker.TestWorker.execute(TestWorker.java:100)
	at org.gradle.api.internal.tasks.testing.worker.TestWorker.execute(TestWorker.java:60)
	at org.gradle.process.internal.worker.child.ActionExecutionWorker.execute(ActionExecutionWorker.java:56)
	at org.gradle.process.internal.worker.child.SystemApplicationClassLoaderWorker.call(SystemApplicationClassLoaderWorker.java:113)
	at org.gradle.process.internal.worker.child.SystemApplicationClassLoaderWorker.call(SystemApplicationClassLoaderWorker.java:65)
	at worker.org.gradle.process.internal.worker.GradleWorkerMain.run(GradleWorkerMain.java:69)
	at worker.org.gradle.process.internal.worker.GradleWorkerMain.main(GradleWorkerMain.java:74)
11:32:47.251 [Test worker] TRACE c.b.config.BrowserStackConfig - isGaugeTestOpsSession called with testObservabilityExplicit: false, framework: null, returning: false
11:32:47.252 [Test worker] DEBUG c.b.utils.FrameworkDetectionUtils - Couldn't find dependency class: appium
11:32:47.256 [Test worker] DEBUG com.browserstack.testOps.UsageStats - getFormattedData: Collecting data for TEST REPORTING AND ANALYTICS
11:32:47.256 [Test worker] TRACE c.b.config.BrowserStackConfig - isGaugeTestOpsSession called with testObservabilityExplicit: false, framework: null, returning: false
11:32:47.263 [Test worker] TRACE c.b.t.TestOrchestrationUtils - getInstrumentationData: invoked
11:32:47.265 [Test worker] DEBUG c.b.utils.FunnelInstrumentation - Sending funnel data for SDKTestSuccessful with data: {"event_type":"SDKTestSuccessful","accessKey":"[REDACTED]","userName":"[REDACTED]","event_properties":{"isPercyAutoEnabled":false,"language":"java","sdkRunId":"a8dd60e7-7713-4f46-b733-86e0971f4104","buildIdentifier":"unknown","testhub_uuid":"","detectedAppiumVersion":"null","productMap":{"app_automate":false,"accessibility":null,"automate":true,"percy":false,"observability":false,"turboscale":false},"hostname":"Sanjeeva-Reddy-2.local","measures":{"sdk:pre-test":2.7295829951763153},"productUsage":{"testObservability":{"buildHashedId":"","manuallySet":false,"enabled":false}},"browserStackConfig":{"browserstackLocal":null,"percy":false,"logLevel":"info","staticWebDriver":true,"autoDetectFramework":true,"percyCaptureMode":"AUTO","browserStackLocalOptions":null,"percyOptions":null,"testContextOptions":{"serenityOverridePlugin":false,"skipSessionName":false,"skipSessionStatus":false},"platforms":null,"parallelsPerPlatform":null,"framework":null,"accessibility":false,"accessibilityOptions":{},"turboScaleOptions":{},"disableAutoCaptureLogs":true,"testObservability":true,"browserstackAutomation":true,"turboScale":false,"testObservabilityOptions":{},"gradleMConfig":null,"proxySettings":null},"automationFrameworkVersion":null,"percyBuildId":null,"product":"[automate]","buildName":"unknown","os":"Mac OS X","languageVersion":"17.0.10","appiumVersion":"null","frameworkDetectionInstrumentation":{},"detectedDependencies":"","referrer":"unknown","locationTrigger":"onFinish","accessibilityConfiguration":{"pollingTimeout":30},"language_framework":"unknown","testOrchestration":{"abortBuildOnFailure":{"enabled":false},"retryTestsOnFailure":{"enabled":false},"userConfig":{}},"detectedSeleniumVersion":"4.34.0","automationFramework":"selenium","seleniumVersion":"null"}}
11:32:47.572 [Test worker] DEBUG c.b.utils.FunnelInstrumentation - API Event SDKTestSuccessful, response: {"message":"Unauthorized"}
11:33:19.472 [main] DEBUG c.browserstack.BrowserStackJavaAgent - Extracted CLI argument from system : null
11:33:19.484 [main] INFO  c.browserstack.BrowserStackJavaAgent - Selenium version detected - 4.34.0
11:33:19.485 [main] INFO  c.browserstack.BrowserStackJavaAgent - Appium version detected - 9.5.0
11:33:19.566 [main] DEBUG c.b.config.BrowserStackConfig - Cli Config passed - {}
11:33:19.566 [main] ERROR c.b.config.BrowserStackConfig - [Invalid Path] Config file does not exist at any parent directory of /Users/sanjeevareddysj/IdeaProjects/LearAumatingApp/LearAumatingApp. Please include a browserstack.yml/browserstack.yaml file containing configuration for tests.
11:33:19.566 [main] ERROR c.browserstack.BrowserStackJavaAgent - Something went wrong - java.lang.RuntimeException: [Invalid Path] Config file does not exist at any parent directory of /Users/sanjeevareddysj/IdeaProjects/LearAumatingApp/LearAumatingApp. Please include a browserstack.yml/browserstack.yaml file containing configuration for tests.
	at com.browserstack.config.BrowserStackConfig.a(Unknown Source)
	at com.browserstack.config.BrowserStackConfig.getInstance(Unknown Source)
	at com.browserstack.BrowserStackJavaAgent.a(Unknown Source)
	at com.browserstack.BrowserStackJavaAgent.b(Unknown Source)
	at com.browserstack.BrowserStackJavaAgent.a(Unknown Source)
	at com.browserstack.BrowserStackJavaAgent.startBrowserStackAgent(Unknown Source)
	at com.browserstack.BrowserStackJavaAgent.premain(Unknown Source)
	at java.base/jdk.internal.reflect.NativeMethodAccessorImpl.invoke0(Native Method)
	at java.base/jdk.internal.reflect.NativeMethodAccessorImpl.invoke(NativeMethodAccessorImpl.java:77)
	at java.base/jdk.internal.reflect.DelegatingMethodAccessorImpl.invoke(DelegatingMethodAccessorImpl.java:43)
	at java.base/java.lang.reflect.Method.invoke(Method.java:568)
	at java.instrument/sun.instrument.InstrumentationImpl.loadClassAndStartAgent(InstrumentationImpl.java:491)
	at java.instrument/sun.instrument.InstrumentationImpl.loadClassAndCallPremain(InstrumentationImpl.java:503)

11:33:19.675 [Test worker] TRACE c.b.config.BrowserStackConfig - isGaugeTestOpsSession called with testObservabilityExplicit: false, framework: null, returning: false
11:33:19.675 [Test worker] WARN  c.b.config.BrowserStackConfig - TEST REPORTING AND ANALYTICS could not be enabled because framework detected is null. We currently support frameworks testng, cucumber-testng & serenity
11:33:19.874 [Test worker] DEBUG com.browserstack.v2.SdkCliUtils - File /Users/sanjeevareddysj/.browserstack already exist
11:33:19.875 [Test worker] DEBUG com.browserstack.v2.SdkCliUtils - Current CLI Path Found: /Users/sanjeevareddysj/.browserstack/cli/binary-macos-arm64
11:33:20.704 [Test worker] ERROR com.browserstack.v2.SdkCliUtils - Error in setting up cli path directory, Exception: Unexpected token END OF FILE at position 0.
	at browserstack.shaded.org.json.simple.parser.JSONParser.parse(Unknown Source)
	at browserstack.shaded.org.json.simple.parser.JSONParser.parse(Unknown Source)
	at browserstack.shaded.org.json.simple.parser.JSONParser.parse(Unknown Source)
	at com.browserstack.v2.SdkCliUtils.checkAndUpdateCli(Unknown Source)
	at com.browserstack.v2.SdkCliUtils.setupCliPath(Unknown Source)
	at com.browserstack.v2.SdkCLI.<clinit>(Unknown Source)
	at com.browserstack.monitoring.PerformanceTester.measure(Unknown Source)
	at com.browserstack.monitoring.PerformanceTester.end(Unknown Source)
	at com.browserstack.testNgListeners.BrowserstackSuiteListener.a(Unknown Source)
	at com.browserstack.testNgListeners.BrowserstackSuiteListener.onStart(Unknown Source)
	at org.testng.SuiteRunner.invokeListeners(SuiteRunner.java:242)
	at org.testng.SuiteRunner.run(SuiteRunner.java:310)
	at org.testng.SuiteRunnerWorker.runSuite(SuiteRunnerWorker.java:52)
	at org.testng.SuiteRunnerWorker.run(SuiteRunnerWorker.java:95)
	at org.testng.TestNG.runSuitesSequentially(TestNG.java:1274)
	at org.testng.TestNG.runSuitesLocally(TestNG.java:1208)
	at org.testng.TestNG.runSuites(TestNG.java:1112)
	at org.testng.TestNG.run(TestNG.java:1079)
	at org.gradle.api.internal.tasks.testing.testng.TestNGTestClassProcessor.runTests(TestNGTestClassProcessor.java:148)
	at org.gradle.api.internal.tasks.testing.testng.TestNGTestClassProcessor.stop(TestNGTestClassProcessor.java:95)
	at org.gradle.api.internal.tasks.testing.SuiteTestClassProcessor.stop(SuiteTestClassProcessor.java:62)
	at java.base/jdk.internal.reflect.NativeMethodAccessorImpl.invoke0(Native Method)
	at java.base/jdk.internal.reflect.NativeMethodAccessorImpl.invoke(NativeMethodAccessorImpl.java:77)
	at java.base/jdk.internal.reflect.DelegatingMethodAccessorImpl.invoke(DelegatingMethodAccessorImpl.java:43)
	at java.base/java.lang.reflect.Method.invoke(Method.java:568)
	at org.gradle.internal.dispatch.ReflectionDispatch.dispatch(ReflectionDispatch.java:36)
	at org.gradle.internal.dispatch.ReflectionDispatch.dispatch(ReflectionDispatch.java:24)
	at org.gradle.internal.dispatch.ContextClassLoaderDispatch.dispatch(ContextClassLoaderDispatch.java:33)
	at org.gradle.internal.dispatch.ProxyDispatchAdapter$DispatchingInvocationHandler.invoke(ProxyDispatchAdapter.java:94)
	at jdk.proxy3/jdk.proxy3.$Proxy5.stop(Unknown Source)
	at org.gradle.api.internal.tasks.testing.worker.TestWorker$3.run(TestWorker.java:193)
	at org.gradle.api.internal.tasks.testing.worker.TestWorker.executeAndMaintainThreadName(TestWorker.java:129)
	at org.gradle.api.internal.tasks.testing.worker.TestWorker.execute(TestWorker.java:100)
	at org.gradle.api.internal.tasks.testing.worker.TestWorker.execute(TestWorker.java:60)
	at org.gradle.process.internal.worker.child.ActionExecutionWorker.execute(ActionExecutionWorker.java:56)
	at org.gradle.process.internal.worker.child.SystemApplicationClassLoaderWorker.call(SystemApplicationClassLoaderWorker.java:113)
	at org.gradle.process.internal.worker.child.SystemApplicationClassLoaderWorker.call(SystemApplicationClassLoaderWorker.java:65)
	at worker.org.gradle.process.internal.worker.GradleWorkerMain.run(GradleWorkerMain.java:69)
	at worker.org.gradle.process.internal.worker.GradleWorkerMain.main(GradleWorkerMain.java:74)

11:33:20.769 [Test worker] DEBUG c.browserstack.utils.CurrentTestMap - Searching for Test Run ID for Thread: 1
11:33:20.769 [Test worker] TRACE c.b.config.BrowserStackConfig - isGaugeTestOpsSession called with testObservabilityExplicit: false, framework: null, returning: false
11:33:20.771 [Test worker] DEBUG c.browserstack.utils.CurrentTestMap - Searching for Test Run ID for Thread: 1
11:33:20.771 [Test worker] TRACE c.b.config.BrowserStackConfig - isGaugeTestOpsSession called with testObservabilityExplicit: false, framework: null, returning: false
11:33:20.773 [Test worker] DEBUG c.browserstack.utils.CurrentTestMap - Searching for Test Run ID for Thread: 1
11:33:20.773 [Test worker] TRACE c.b.config.BrowserStackConfig - isGaugeTestOpsSession called with testObservabilityExplicit: false, framework: null, returning: false
11:33:20.961 [Test worker] TRACE c.b.config.BrowserStackConfig - isGaugeTestOpsSession called with testObservabilityExplicit: false, framework: null, returning: false
11:33:20.962 [Test worker] DEBUG c.b.utils.FunnelInstrumentation - Error in getting Product:
java.lang.NullPointerException: Cannot invoke "String.equalsIgnoreCase(String)" because the return value of "com.browserstack.config.BrowserStackConfig.getFramework()" is null
	at com.browserstack.utils.FunnelInstrumentation.a(Unknown Source)
	at java.base/java.util.stream.MatchOps$1MatchSink.accept(MatchOps.java:90)
	at java.base/java.util.Spliterators$ArraySpliterator.tryAdvance(Spliterators.java:1002)
	at java.base/java.util.stream.ReferencePipeline.forEachWithCancel(ReferencePipeline.java:129)
	at java.base/java.util.stream.AbstractPipeline.copyIntoWithCancel(AbstractPipeline.java:527)
	at java.base/java.util.stream.AbstractPipeline.copyInto(AbstractPipeline.java:513)
	at java.base/java.util.stream.AbstractPipeline.wrapAndCopyInto(AbstractPipeline.java:499)
	at java.base/java.util.stream.MatchOps$MatchOp.evaluateSequential(MatchOps.java:230)
	at java.base/java.util.stream.MatchOps$MatchOp.evaluateSequential(MatchOps.java:196)
	at java.base/java.util.stream.AbstractPipeline.evaluate(AbstractPipeline.java:234)
	at java.base/java.util.stream.ReferencePipeline.anyMatch(ReferencePipeline.java:632)
	at com.browserstack.utils.FunnelInstrumentation.getProducts(Unknown Source)
	at com.browserstack.utils.FunnelInstrumentation.createParamsForEvent(Unknown Source)
	at com.browserstack.utils.FunnelInstrumentation.sendSDKEvent(Unknown Source)
	at com.browserstack.testNgListeners.TmpSuiteListener.onFinish(Unknown Source)
	at org.testng.TestRunner.fireEvent(TestRunner.java:900)
	at org.testng.TestRunner.afterRun(TestRunner.java:855)
	at org.testng.TestRunner.run(TestRunner.java:618)
	at org.testng.SuiteRunner.runTest(SuiteRunner.java:421)
	at org.testng.SuiteRunner.runSequentially(SuiteRunner.java:413)
	at org.testng.SuiteRunner.privateRun(SuiteRunner.java:373)
	at org.testng.SuiteRunner.run(SuiteRunner.java:312)
	at org.testng.SuiteRunnerWorker.runSuite(SuiteRunnerWorker.java:52)
	at org.testng.SuiteRunnerWorker.run(SuiteRunnerWorker.java:95)
	at org.testng.TestNG.runSuitesSequentially(TestNG.java:1274)
	at org.testng.TestNG.runSuitesLocally(TestNG.java:1208)
	at org.testng.TestNG.runSuites(TestNG.java:1112)
	at org.testng.TestNG.run(TestNG.java:1079)
	at org.gradle.api.internal.tasks.testing.testng.TestNGTestClassProcessor.runTests(TestNGTestClassProcessor.java:148)
	at org.gradle.api.internal.tasks.testing.testng.TestNGTestClassProcessor.stop(TestNGTestClassProcessor.java:95)
	at org.gradle.api.internal.tasks.testing.SuiteTestClassProcessor.stop(SuiteTestClassProcessor.java:62)
	at java.base/jdk.internal.reflect.NativeMethodAccessorImpl.invoke0(Native Method)
	at java.base/jdk.internal.reflect.NativeMethodAccessorImpl.invoke(NativeMethodAccessorImpl.java:77)
	at java.base/jdk.internal.reflect.DelegatingMethodAccessorImpl.invoke(DelegatingMethodAccessorImpl.java:43)
	at java.base/java.lang.reflect.Method.invoke(Method.java:568)
	at org.gradle.internal.dispatch.ReflectionDispatch.dispatch(ReflectionDispatch.java:36)
	at org.gradle.internal.dispatch.ReflectionDispatch.dispatch(ReflectionDispatch.java:24)
	at org.gradle.internal.dispatch.ContextClassLoaderDispatch.dispatch(ContextClassLoaderDispatch.java:33)
	at org.gradle.internal.dispatch.ProxyDispatchAdapter$DispatchingInvocationHandler.invoke(ProxyDispatchAdapter.java:94)
	at jdk.proxy3/jdk.proxy3.$Proxy5.stop(Unknown Source)
	at org.gradle.api.internal.tasks.testing.worker.TestWorker$3.run(TestWorker.java:193)
	at org.gradle.api.internal.tasks.testing.worker.TestWorker.executeAndMaintainThreadName(TestWorker.java:129)
	at org.gradle.api.internal.tasks.testing.worker.TestWorker.execute(TestWorker.java:100)
	at org.gradle.api.internal.tasks.testing.worker.TestWorker.execute(TestWorker.java:60)
	at org.gradle.process.internal.worker.child.ActionExecutionWorker.execute(ActionExecutionWorker.java:56)
	at org.gradle.process.internal.worker.child.SystemApplicationClassLoaderWorker.call(SystemApplicationClassLoaderWorker.java:113)
	at org.gradle.process.internal.worker.child.SystemApplicationClassLoaderWorker.call(SystemApplicationClassLoaderWorker.java:65)
	at worker.org.gradle.process.internal.worker.GradleWorkerMain.run(GradleWorkerMain.java:69)
	at worker.org.gradle.process.internal.worker.GradleWorkerMain.main(GradleWorkerMain.java:74)
11:33:20.962 [Test worker] TRACE c.b.config.BrowserStackConfig - isGaugeTestOpsSession called with testObservabilityExplicit: false, framework: null, returning: false
11:33:20.963 [Test worker] DEBUG c.b.utils.FrameworkDetectionUtils - Couldn't find dependency class: appium
11:33:20.968 [Test worker] DEBUG com.browserstack.testOps.UsageStats - getFormattedData: Collecting data for TEST REPORTING AND ANALYTICS
11:33:20.969 [Test worker] TRACE c.b.config.BrowserStackConfig - isGaugeTestOpsSession called with testObservabilityExplicit: false, framework: null, returning: false
11:33:20.975 [Test worker] TRACE c.b.t.TestOrchestrationUtils - getInstrumentationData: invoked
11:33:20.977 [Test worker] DEBUG c.b.utils.FunnelInstrumentation - Sending funnel data for SDKTestSuccessful with data: {"event_type":"SDKTestSuccessful","accessKey":"[REDACTED]","userName":"[REDACTED]","event_properties":{"isPercyAutoEnabled":false,"language":"java","sdkRunId":"8e0be768-2576-4994-814e-1948a48204f5","buildIdentifier":"unknown","testhub_uuid":"","detectedAppiumVersion":"null","productMap":{"app_automate":false,"accessibility":null,"automate":true,"percy":false,"observability":false,"turboscale":false},"hostname":"Sanjeeva-Reddy-2.local","measures":{"sdk:pre-test":2.2579589933156967},"productUsage":{"testObservability":{"buildHashedId":"","manuallySet":false,"enabled":false}},"browserStackConfig":{"browserstackLocal":null,"percy":false,"logLevel":"info","staticWebDriver":true,"autoDetectFramework":true,"percyCaptureMode":"AUTO","browserStackLocalOptions":null,"percyOptions":null,"testContextOptions":{"serenityOverridePlugin":false,"skipSessionName":false,"skipSessionStatus":false},"platforms":null,"parallelsPerPlatform":null,"framework":null,"accessibility":false,"accessibilityOptions":{},"turboScaleOptions":{},"disableAutoCaptureLogs":true,"testObservability":true,"browserstackAutomation":true,"turboScale":false,"testObservabilityOptions":{},"gradleMConfig":null,"proxySettings":null},"automationFrameworkVersion":null,"percyBuildId":null,"product":"[automate]","buildName":"unknown","os":"Mac OS X","languageVersion":"17.0.10","appiumVersion":"null","frameworkDetectionInstrumentation":{},"detectedDependencies":"","referrer":"unknown","locationTrigger":"onFinish","accessibilityConfiguration":{"pollingTimeout":30},"language_framework":"unknown","testOrchestration":{"abortBuildOnFailure":{"enabled":false},"retryTestsOnFailure":{"enabled":false},"userConfig":{}},"detectedSeleniumVersion":"4.34.0","automationFramework":"selenium","seleniumVersion":"null"}}
11:33:21.361 [Test worker] DEBUG c.b.utils.FunnelInstrumentation - API Event SDKTestSuccessful, response: {"message":"Unauthorized"}
11:33:44.306 [main] DEBUG c.browserstack.BrowserStackJavaAgent - Extracted CLI argument from system : null
11:33:44.319 [main] INFO  c.browserstack.BrowserStackJavaAgent - Selenium version detected - 4.34.0
11:33:44.319 [main] INFO  c.browserstack.BrowserStackJavaAgent - Appium version detected - 9.5.0
11:33:44.391 [main] DEBUG c.b.config.BrowserStackConfig - Cli Config passed - {}
11:33:44.394 [main] INFO  c.b.config.BrowserStackConfig - Detected Framework testng
11:33:44.689 [main] INFO  c.browserstack.BrowserStackJavaAgent - Using app: [-bs://10b3879a9bcc83cce31ac6dcd114a9d335e8b688]
11:33:44.689 [main] INFO  c.browserstack.BrowserStackJavaAgent - Framework set to testng
11:33:44.690 [main] INFO  c.browserstack.BrowserStackJavaAgent - SDK run started with id: fdbce9a8-813e-4f34-8c15-ddf3a1a2baea
11:33:44.690 [main] INFO  c.b.config.BrowserStackConfig - INFO
11:33:44.698 [main] DEBUG com.browserstack.v2.SdkCliUtils - File /Users/sanjeevareddysj/.browserstack already exist
11:33:44.699 [main] DEBUG com.browserstack.v2.SdkCliUtils - Current CLI Path Found: /Users/sanjeevareddysj/.browserstack/cli/binary-macos-arm64
11:33:45.506 [main] DEBUG com.browserstack.v2.SdkCliUtils - Resolved binary path: /Users/sanjeevareddysj/.browserstack/cli/binary-macos-arm64
11:33:45.508 [main] DEBUG com.browserstack.v2.SdkCLI - startMain: main-process starting
11:33:45.508 [main] INFO  com.browserstack.v2.SdkCLI - spawning command='/Users/sanjeevareddysj/.browserstack/cli/binary-macos-arm64' 'sdk' 'tcp'
11:33:45.781 [ForkJoinPool.commonPool-worker-1] INFO  com.browserstack.v2.SdkCLI - loadCLIParams: start binSessionId=7fca1cf5-8cbc-4216-aa6a-f1455f49eee8 listenAddress=127.0.0.1:5400
11:33:45.782 [main] DEBUG com.browserstack.v2.SdkCLI - startMain: main-process started
11:33:45.782 [main] DEBUG com.browserstack.v2.SdkCLI - startMain: main-process connecting {id=7fca1cf5-8cbc-4216-aa6a-f1455f49eee8, port=5400, listen=127.0.0.1:5400}
11:33:45.794 [main] DEBUG com.browserstack.v2.SdkCliUtils - File /Users/sanjeevareddysj/.browserstack already exist
11:33:55.740 [main] DEBUG com.browserstack.v2.SdkCLI - start-bin-session=bin_session_id: "7fca1cf5-8cbc-4216-aa6a-f1455f49eee8"
config: "{\"userName\":\"sanjeev_efWR7h\",\"accessKey\":\"BrUyx5M5aC3uabP5s3sQ\",\"framework\":\"testng\",\"app\":\"bs://10b3879a9bcc83cce31ac6dcd114a9d335e8b688\",\"platforms\":[{\"platformName\":\"android\",\"deviceName\":\"Samsung Galaxy S22 Ultra\",\"platformVersion\":\"12.0\"}],\"browserstackLocal\":true,\"buildName\":\"browserstack-local-build-1\",\"projectName\":\"BrowserStack Sanju\",\"testObservability\":true,\"accessibility\":false,\"browserstackAutomation\":true,\"selfHeal\":false,\"disableAutoCaptureLogs\":false,\"testhub\":true,\"testContextOptions\":{\"skipSessionStatus\":false,\"skipSessionName\":false},\"logDir\":\"/Users/sanjeevareddysj/IdeaProjects/LearAumatingApp/LearAumatingApp/log\",\"buildIdentifier\":\"#10\",\"browserStackLocalOptions\":{\"localIdentifier\":\"Sep_29_1133_Sanjeeva-Reddy-2.local_l2if\",\"key\":\"BrUyx5M5aC3uabP5s3sQ\",\"skipBinaryInitialisation\":false},\"testOrchestrationOptions\":{\"retryTestsOnFailure\":{},\"abortBuildOnFailure\":{}},\"apis\":{\"automate\":{\"hub\":\"https://hub.browserstack.com\",\"cdp\":\"https://cdp.browserstack.com\",\"api\":\"https://api.browserstack.com\",\"upload\":\"https://api-cloud.browserstack.com\"},\"appAutomate\":{\"hub\":\"https://hub.browserstack.com\",\"api\":\"https://api.browserstack.com\",\"upload\":\"https://api-cloud.browserstack.com\"},\"percy\":{\"api\":\"https://api.browserstack.com\"},\"turboScale\":{\"api\":\"https://grid.browserstack.com\"},\"accessibility\":{\"api\":\"https://accessibility.browserstack.com\"},\"appAccessibility\":{\"api\":\"https://app-accessibility.browserstack.com\"},\"observability\":{\"api\":\"https://collector-observability.browserstack.com\",\"upload\":\"https://upload-observability.browserstack.com\"},\"configServer\":{\"api\":\"https://sdk.browserstack.com\"},\"edsInstrumentation\":{\"api\":\"https://eds.browserstack.com\"},\"tcg\":{\"api\":\"https://tcg.browserstack.com\"}},\"hubUrl\":\"https://hub.browserstack.com/wd/hub\",\"proxySettings\":{}}"
testhub {
  jwt: "eyJhbGciOiJSUzI1NiJ9.eyJleHAiOiIxNzU5MTM2NjI3IiwiaXNzIjoid3d3LmJyb3dzZXJzdGFjay5jb20iLCJzdWIiOjYxNTkwNDMsInNjb3BlIjp7InByb2R1Y3QiOiJzZGsiLCJ1c2VyX2FjY2VzcyI6eyJ0ZXN0X29ic2VydmFiaWxpdHkiOjEsImF1dG9tYXRlIjoxLCJhcHBfYXV0b21hdGUiOjEsInBlcmN5IjoxLCJhcHBfcGVyY3kiOjEsImFjY2Vzc2liaWxpdHlfdGVzdGluZyI6MCwiYXBwX2FjY2Vzc2liaWxpdHlfdGVzdGluZyI6MSwiYXV0b21hdGVfdHVyYm9zY2FsZSI6MSwibG93X2NvZGVfYXV0b21hdGlvbiI6MX0sImlhYW1fcm9sZSI6Im93bmVyIn0sImdyb3VwX2lkIjo2MDc3MTc3LCJ0ZWFtX2lkIjpudWxsLCJ1ZGFjX2FjY2VzcyI6Imdsb2JhbCJ9.SH2fp4SOtgL9ic_ABHhAVF2m0W4Vh_SFnFhUgQ145iGzsDou7uWFemxQakagPNlCzvx2CLFp0ph_MCG0Yvo1uQBWrT7LD5YAImMs3rQl9B4GWVvoLZEb2QJavSVz5zV7tNvnOr1enubbHwiGDZEkfMwzIhiXFLbxiGG70He0wjNEUYv1JFUPYtctLQ_k9wvnlI_XV2-wKt0yZd4-_4_urgmLH3obRBMhY3jTEBDtDfUq5pvcz8AmN7DkrDOt4JRTl9QJOrxgdpB4WkEcHc8Xpfn0DM9s3HTpuWRmCnudRfIArdDUOUovtLOJcqQxsptvR8xb6WIV-iwxBA0KzOPrPA"
  build_hashed_id: "ullcmrmsyxfb7id8yes92u7azsce0qybankfjdly"
  testhub_events: true
}
observability {
  success: true
}
percy {
  5: "app"
}
session_framework: ""
8: "selenium"

11:33:55.751 [main] DEBUG com.browserstack.v2.SdkCLI - startChild: child-process connecting
11:33:56.053 [main] DEBUG com.browserstack.v2.SdkCLI - connect-bin-session=bin_session_id: "7fca1cf5-8cbc-4216-aa6a-f1455f49eee8"
config: "{\"userName\":\"sanjeev_efWR7h\",\"accessKey\":\"BrUyx5M5aC3uabP5s3sQ\",\"framework\":\"testng\",\"app\":\"bs://10b3879a9bcc83cce31ac6dcd114a9d335e8b688\",\"platforms\":[{\"platformName\":\"android\",\"deviceName\":\"Samsung Galaxy S22 Ultra\",\"platformVersion\":\"12.0\"}],\"browserstackLocal\":true,\"buildName\":\"browserstack-local-build-1\",\"projectName\":\"BrowserStack Sanju\",\"testObservability\":true,\"accessibility\":false,\"browserstackAutomation\":true,\"selfHeal\":false,\"disableAutoCaptureLogs\":false,\"testhub\":true,\"testContextOptions\":{\"skipSessionStatus\":false,\"skipSessionName\":false},\"logDir\":\"/Users/sanjeevareddysj/IdeaProjects/LearAumatingApp/LearAumatingApp/log\",\"buildIdentifier\":\"#10\",\"browserStackLocalOptions\":{\"localIdentifier\":\"Sep_29_1133_Sanjeeva-Reddy-2.local_l2if\",\"key\":\"BrUyx5M5aC3uabP5s3sQ\",\"skipBinaryInitialisation\":false},\"testOrchestrationOptions\":{\"retryTestsOnFailure\":{},\"abortBuildOnFailure\":{}},\"apis\":{\"automate\":{\"hub\":\"https://hub.browserstack.com\",\"cdp\":\"https://cdp.browserstack.com\",\"api\":\"https://api.browserstack.com\",\"upload\":\"https://api-cloud.browserstack.com\"},\"appAutomate\":{\"hub\":\"https://hub.browserstack.com\",\"api\":\"https://api.browserstack.com\",\"upload\":\"https://api-cloud.browserstack.com\"},\"percy\":{\"api\":\"https://api.browserstack.com\"},\"turboScale\":{\"api\":\"https://grid.browserstack.com\"},\"accessibility\":{\"api\":\"https://accessibility.browserstack.com\"},\"appAccessibility\":{\"api\":\"https://app-accessibility.browserstack.com\"},\"observability\":{\"api\":\"https://collector-observability.browserstack.com\",\"upload\":\"https://upload-observability.browserstack.com\"},\"configServer\":{\"api\":\"https://sdk.browserstack.com\"},\"edsInstrumentation\":{\"api\":\"https://eds.browserstack.com\"},\"tcg\":{\"api\":\"https://tcg.browserstack.com\"}},\"hubUrl\":\"https://hub-aps.browserstack.com/wd/hub\",\"proxySettings\":{}}"
testhub {
  jwt: "eyJhbGciOiJSUzI1NiJ9.eyJleHAiOiIxNzU5MTM2NjI3IiwiaXNzIjoid3d3LmJyb3dzZXJzdGFjay5jb20iLCJzdWIiOjYxNTkwNDMsInNjb3BlIjp7InByb2R1Y3QiOiJzZGsiLCJ1c2VyX2FjY2VzcyI6eyJ0ZXN0X29ic2VydmFiaWxpdHkiOjEsImF1dG9tYXRlIjoxLCJhcHBfYXV0b21hdGUiOjEsInBlcmN5IjoxLCJhcHBfcGVyY3kiOjEsImFjY2Vzc2liaWxpdHlfdGVzdGluZyI6MCwiYXBwX2FjY2Vzc2liaWxpdHlfdGVzdGluZyI6MSwiYXV0b21hdGVfdHVyYm9zY2FsZSI6MSwibG93X2NvZGVfYXV0b21hdGlvbiI6MX0sImlhYW1fcm9sZSI6Im93bmVyIn0sImdyb3VwX2lkIjo2MDc3MTc3LCJ0ZWFtX2lkIjpudWxsLCJ1ZGFjX2FjY2VzcyI6Imdsb2JhbCJ9.SH2fp4SOtgL9ic_ABHhAVF2m0W4Vh_SFnFhUgQ145iGzsDou7uWFemxQakagPNlCzvx2CLFp0ph_MCG0Yvo1uQBWrT7LD5YAImMs3rQl9B4GWVvoLZEb2QJavSVz5zV7tNvnOr1enubbHwiGDZEkfMwzIhiXFLbxiGG70He0wjNEUYv1JFUPYtctLQ_k9wvnlI_XV2-wKt0yZd4-_4_urgmLH3obRBMhY3jTEBDtDfUq5pvcz8AmN7DkrDOt4JRTl9QJOrxgdpB4WkEcHc8Xpfn0DM9s3HTpuWRmCnudRfIArdDUOUovtLOJcqQxsptvR8xb6WIV-iwxBA0KzOPrPA"
  build_hashed_id: "ullcmrmsyxfb7id8yes92u7azsce0qybankfjdly"
  testhub_events: true
}
observability {
  success: true
}
percy {
  5: "app"
}
session_framework: "selenium"
test_orchestration {
  retry_tests_on_failure {
  }
  abort_build_on_failure {
  }
}

11:33:56.056 [main] INFO  com.browserstack.v2.SdkCLI - loadBinResponse: Loading modules as per LoadBinResponse=bin_session_id: "7fca1cf5-8cbc-4216-aa6a-f1455f49eee8"
config: "{\"userName\":\"sanjeev_efWR7h\",\"accessKey\":\"BrUyx5M5aC3uabP5s3sQ\",\"framework\":\"testng\",\"app\":\"bs://10b3879a9bcc83cce31ac6dcd114a9d335e8b688\",\"platforms\":[{\"platformName\":\"android\",\"deviceName\":\"Samsung Galaxy S22 Ultra\",\"platformVersion\":\"12.0\"}],\"browserstackLocal\":true,\"buildName\":\"browserstack-local-build-1\",\"projectName\":\"BrowserStack Sanju\",\"testObservability\":true,\"accessibility\":false,\"browserstackAutomation\":true,\"selfHeal\":false,\"disableAutoCaptureLogs\":false,\"testhub\":true,\"testContextOptions\":{\"skipSessionStatus\":false,\"skipSessionName\":false},\"logDir\":\"/Users/sanjeevareddysj/IdeaProjects/LearAumatingApp/LearAumatingApp/log\",\"buildIdentifier\":\"#10\",\"browserStackLocalOptions\":{\"localIdentifier\":\"Sep_29_1133_Sanjeeva-Reddy-2.local_l2if\",\"key\":\"BrUyx5M5aC3uabP5s3sQ\",\"skipBinaryInitialisation\":false},\"testOrchestrationOptions\":{\"retryTestsOnFailure\":{},\"abortBuildOnFailure\":{}},\"apis\":{\"automate\":{\"hub\":\"https://hub.browserstack.com\",\"cdp\":\"https://cdp.browserstack.com\",\"api\":\"https://api.browserstack.com\",\"upload\":\"https://api-cloud.browserstack.com\"},\"appAutomate\":{\"hub\":\"https://hub.browserstack.com\",\"api\":\"https://api.browserstack.com\",\"upload\":\"https://api-cloud.browserstack.com\"},\"percy\":{\"api\":\"https://api.browserstack.com\"},\"turboScale\":{\"api\":\"https://grid.browserstack.com\"},\"accessibility\":{\"api\":\"https://accessibility.browserstack.com\"},\"appAccessibility\":{\"api\":\"https://app-accessibility.browserstack.com\"},\"observability\":{\"api\":\"https://collector-observability.browserstack.com\",\"upload\":\"https://upload-observability.browserstack.com\"},\"configServer\":{\"api\":\"https://sdk.browserstack.com\"},\"edsInstrumentation\":{\"api\":\"https://eds.browserstack.com\"},\"tcg\":{\"api\":\"https://tcg.browserstack.com\"}},\"hubUrl\":\"https://hub-aps.browserstack.com/wd/hub\",\"proxySettings\":{}}"
testhub {
  jwt: "eyJhbGciOiJSUzI1NiJ9.eyJleHAiOiIxNzU5MTM2NjI3IiwiaXNzIjoid3d3LmJyb3dzZXJzdGFjay5jb20iLCJzdWIiOjYxNTkwNDMsInNjb3BlIjp7InByb2R1Y3QiOiJzZGsiLCJ1c2VyX2FjY2VzcyI6eyJ0ZXN0X29ic2VydmFiaWxpdHkiOjEsImF1dG9tYXRlIjoxLCJhcHBfYXV0b21hdGUiOjEsInBlcmN5IjoxLCJhcHBfcGVyY3kiOjEsImFjY2Vzc2liaWxpdHlfdGVzdGluZyI6MCwiYXBwX2FjY2Vzc2liaWxpdHlfdGVzdGluZyI6MSwiYXV0b21hdGVfdHVyYm9zY2FsZSI6MSwibG93X2NvZGVfYXV0b21hdGlvbiI6MX0sImlhYW1fcm9sZSI6Im93bmVyIn0sImdyb3VwX2lkIjo2MDc3MTc3LCJ0ZWFtX2lkIjpudWxsLCJ1ZGFjX2FjY2VzcyI6Imdsb2JhbCJ9.SH2fp4SOtgL9ic_ABHhAVF2m0W4Vh_SFnFhUgQ145iGzsDou7uWFemxQakagPNlCzvx2CLFp0ph_MCG0Yvo1uQBWrT7LD5YAImMs3rQl9B4GWVvoLZEb2QJavSVz5zV7tNvnOr1enubbHwiGDZEkfMwzIhiXFLbxiGG70He0wjNEUYv1JFUPYtctLQ_k9wvnlI_XV2-wKt0yZd4-_4_urgmLH3obRBMhY3jTEBDtDfUq5pvcz8AmN7DkrDOt4JRTl9QJOrxgdpB4WkEcHc8Xpfn0DM9s3HTpuWRmCnudRfIArdDUOUovtLOJcqQxsptvR8xb6WIV-iwxBA0KzOPrPA"
  build_hashed_id: "ullcmrmsyxfb7id8yes92u7azsce0qybankfjdly"
  testhub_events: true
}
observability {
  success: true
}
percy {
  5: "app"
}
session_framework: "selenium"
test_orchestration {
  retry_tests_on_failure {
  }
  abort_build_on_failure {
  }
}

11:33:56.063 [main] DEBUG com.browserstack.v2.SdkCLI - loadBinResponse: configured module=WebdriverModule & 7fca1cf5-8cbc-4216-aa6a-f1455f49eee8
11:33:56.063 [main] DEBUG com.browserstack.v2.SdkCLI - loadBinResponse: configured module=ObservabilityModule & 7fca1cf5-8cbc-4216-aa6a-f1455f49eee8
11:33:56.063 [main] DEBUG com.browserstack.v2.SdkCLI - loadBinResponse: configured module=TestHubModule & 7fca1cf5-8cbc-4216-aa6a-f1455f49eee8
11:33:56.069 [main] INFO  com.browserstack.v2.SdkCLI - startChild: child-process connected
11:33:56.076 [main] INFO  com.browserstack.v2.SdkCLI - startMain: main-process connected
11:33:58.638 [main] INFO  c.browserstack.BrowserStackJavaAgent - Project and debug logs are captured by default. To disable, set disableAutoCaptureLogs: true in config.
11:33:58.650 [main] INFO  com.browserstack.testOps.Listener - onStart: CLI is active
11:33:58.856 [main] DEBUG com.browserstack.v2.SdkCLI - Setting up testng framework
11:33:58.857 [main] DEBUG com.browserstack.v2.SdkCLI - Setting up selenium framework
11:33:59.139 [Test worker] INFO  com.browserstack.testOps.Listener - logCreated: CLI is active
11:33:59.140 [Test worker] INFO  com.browserstack.testOps.Listener - logCreated: CLI is active
11:33:59.140 [Test worker] INFO  com.browserstack.testOps.Listener - logCreated: CLI is active
11:33:59.140 [Test worker] INFO  com.browserstack.testOps.Listener - logCreated: CLI is active
11:33:59.141 [Test worker] INFO  com.browserstack.testOps.Listener - logCreated: CLI is active
11:33:59.141 [Test worker] INFO  com.browserstack.testOps.Listener - logCreated: CLI is active
11:33:59.141 [Test worker] INFO  com.browserstack.testOps.Listener - logCreated: CLI is active
11:33:59.141 [Test worker] INFO  com.browserstack.testOps.Listener - logCreated: CLI is active
11:33:59.142 [Test worker] INFO  com.browserstack.testOps.Listener - logCreated: CLI is active
11:33:59.145 [Test worker] INFO  com.browserstack.testOps.Listener - logCreated: CLI is active
11:33:59.145 [Test worker] INFO  com.browserstack.testOps.Listener - logCreated: CLI is active
11:33:59.146 [Test worker] INFO  com.browserstack.testOps.Listener - logCreated: CLI is active
11:33:59.146 [Test worker] INFO  com.browserstack.testOps.Listener - logCreated: CLI is active
11:33:59.146 [Test worker] INFO  com.browserstack.testOps.Listener - logCreated: CLI is active
11:33:59.147 [Test worker] INFO  com.browserstack.testOps.Listener - logCreated: CLI is active
11:33:59.147 [Test worker] INFO  com.browserstack.testOps.Listener - logCreated: CLI is active
11:33:59.147 [Test worker] INFO  com.browserstack.testOps.Listener - logCreated: CLI is active
11:33:59.147 [Test worker] INFO  com.browserstack.testOps.Listener - logCreated: CLI is active
11:33:59.147 [Test worker] INFO  com.browserstack.testOps.Listener - logCreated: CLI is active
11:33:59.147 [Test worker] INFO  com.browserstack.testOps.Listener - logCreated: CLI is active
11:33:59.147 [Test worker] INFO  com.browserstack.testOps.Listener - logCreated: CLI is active
11:33:59.148 [Test worker] INFO  com.browserstack.testOps.Listener - logCreated: CLI is active
11:33:59.148 [Test worker] INFO  com.browserstack.testOps.Listener - logCreated: CLI is active
11:33:59.148 [Test worker] INFO  com.browserstack.testOps.Listener - logCreated: CLI is active
11:33:59.148 [Test worker] INFO  com.browserstack.testOps.Listener - logCreated: CLI is active
11:33:59.149 [Test worker] INFO  com.browserstack.testOps.Listener - logCreated: CLI is active
11:33:59.149 [Test worker] INFO  com.browserstack.testOps.Listener - logCreated: CLI is active
11:33:59.149 [Test worker] INFO  com.browserstack.testOps.Listener - logCreated: CLI is active
11:33:59.149 [Test worker] INFO  com.browserstack.testOps.Listener - logCreated: CLI is active
11:33:59.150 [Test worker] INFO  com.browserstack.testOps.Listener - logCreated: CLI is active
11:33:59.150 [Test worker] INFO  com.browserstack.testOps.Listener - logCreated: CLI is active
11:33:59.150 [Test worker] INFO  com.browserstack.testOps.Listener - logCreated: CLI is active
11:33:59.150 [Test worker] INFO  com.browserstack.testOps.Listener - logCreated: CLI is active
11:33:59.151 [Test worker] INFO  com.browserstack.testOps.Listener - logCreated: CLI is active
11:33:59.151 [Test worker] INFO  com.browserstack.testOps.Listener - logCreated: CLI is active
11:33:59.151 [Test worker] INFO  com.browserstack.testOps.Listener - logCreated: CLI is active
11:33:59.151 [Test worker] INFO  com.browserstack.testOps.Listener - logCreated: CLI is active
11:33:59.151 [Test worker] INFO  com.browserstack.testOps.Listener - logCreated: CLI is active
11:33:59.152 [Test worker] INFO  com.browserstack.testOps.Listener - logCreated: CLI is active
11:33:59.152 [Test worker] INFO  com.browserstack.testOps.Listener - logCreated: CLI is active
11:33:59.152 [Test worker] INFO  com.browserstack.testOps.Listener - logCreated: CLI is active
11:33:59.161 [Test worker] INFO  com.browserstack.testOps.Listener - logCreated: CLI is active
11:33:59.166 [TestNG-tests-1] INFO  c.b.v2.framework.TestNgFramework - trackTestNgTest: saved instance contextId=1741108805 target=/Users/sanjeevareddysj/IdeaProjects/LearAumatingApp/LearAumatingApp-0@0 instances=[1741108805]
11:33:59.166 [TestNG-tests-1] INFO  c.b.v2.framework.TestNgFramework - trackEvent: found instance, testFrameworkState=TestFrameworkState.INIT_TEST hookState=HookState.PRE instance=1741108805
11:33:59.166 [TestNG-tests-1] INFO  c.b.v2.framework.TestNgFramework - trackEvent: loaded instance, testFrameworkState=TestFrameworkState.INIT_TEST hookState=HookState.PRE instance=1741108805
11:33:59.169 [/Users/sanjeevareddysj/IdeaProjects/LearAumatingApp/LearAumatingApp-0@0] INFO  com.browserstack.testOps.Listener - logCreated: CLI is active
11:33:59.178 [/Users/sanjeevareddysj/IdeaProjects/LearAumatingApp/LearAumatingApp-0@0] INFO  c.b.v2.framework.TestNgFramework - trackEvent: found instance, testFrameworkState=TestFrameworkState.BEFORE_CLASS hookState=HookState.PRE instance=1741108805
11:33:59.179 [/Users/sanjeevareddysj/IdeaProjects/LearAumatingApp/LearAumatingApp-0@0] INFO  c.b.v2.framework.TestNgFramework - trackEvent: loaded common test data, testFrameworkState=TestFrameworkState.BEFORE_CLASS hookState=HookState.PRE instance=1741108805
11:33:59.179 [/Users/sanjeevareddysj/IdeaProjects/LearAumatingApp/LearAumatingApp-0@0] INFO  c.b.v2.framework.TestNgFramework - trackEvent: track hook events
11:33:59.224 [/Users/sanjeevareddysj/IdeaProjects/LearAumatingApp/LearAumatingApp-0@0] INFO  c.b.v2.framework.TestNgFramework - args CHECK = [TestResult name=preRequisit status=STARTED method=GojekWelcomeScreenVerificationTest.preRequisit()[pri:0, instance:gojek.android.gojek.GojekWelcomeScreenVerificationTest@2721044] output={null}]
11:33:59.224 [/Users/sanjeevareddysj/IdeaProjects/LearAumatingApp/LearAumatingApp-0@0] INFO  c.b.v2.framework.TestNgFramework - Hook Started in PRE key = BEFORE_CLASS & hook = {hook_name=preRequisit, hook_result=pending, test_file_path=LearAumatingApp/src/test/java/gojek/android/gojek/GojekWelcomeScreenVerificationTest.java, event_started_at=2025-09-29T11:33:59.224507, hook_id=93ce6bb9-c34d-4bb2-8db6-45acef278705, hook_logs=[], key=BEFORE_CLASS, custom_metadata={}, test_location=LearAumatingApp/src/test/java/gojek/android/gojek/GojekWelcomeScreenVerificationTest.java}  and args = [[TestResult name=preRequisit status=STARTED method=GojekWelcomeScreenVerificationTest.preRequisit()[pri:0, instance:gojek.android.gojek.GojekWelcomeScreenVerificationTest@2721044] output={null}], GojekWelcomeScreenVerificationTest.preRequisit()[pri:0, instance:gojek.android.gojek.GojekWelcomeScreenVerificationTest@2721044]]
11:33:59.224 [/Users/sanjeevareddysj/IdeaProjects/LearAumatingApp/LearAumatingApp-0@0] INFO  c.b.v2.framework.TestNgFramework - trackHookEvents: hook state=BEFORE_CLASS.HookState.PRE , hooks started={BEFORE_CLASS=[{hook_name=preRequisit, hook_result=pending, test_file_path=LearAumatingApp/src/test/java/gojek/android/gojek/GojekWelcomeScreenVerificationTest.java, event_started_at=2025-09-29T11:33:59.224507, hook_id=93ce6bb9-c34d-4bb2-8db6-45acef278705, hook_logs=[], key=BEFORE_CLASS, custom_metadata={}, test_location=LearAumatingApp/src/test/java/gojek/android/gojek/GojekWelcomeScreenVerificationTest.java}]} , hooks finished={BEFORE_CLASS=[]}
11:33:59.236 [/Users/sanjeevareddysj/IdeaProjects/LearAumatingApp/LearAumatingApp-0@0] INFO  c.b.v2.module.TestHubModule - sendTestFrameworkEvent: event=com.browserstack.v2.eventBus.Event@21adb0d9, response=success: true

11:33:59.273 [preRequisit@0] INFO  c.b.v2.framework.TestNgFramework - trackEvent: found instance, testFrameworkState=TestFrameworkState.LOG hookState=HookState.PRE instance=1741108805
11:33:59.273 [preRequisit@0] INFO  c.b.v2.framework.TestNgFramework - trackEvent: load log entries
11:33:59.280 [preRequisit@0] INFO  c.b.v2.module.TestHubModule - sendLogCreatedEvent: event=com.browserstack.v2.eventBus.Event@21d1b861, response=success: true

11:33:59.280 [preRequisit@0] INFO  c.b.v2.module.TestHubModule - sendLogCreatedEvent: event=com.browserstack.v2.eventBus.Event@21d1b861
11:33:59.284 [preRequisit@0] INFO  c.b.v2.framework.TestNgFramework - trackEvent: found instance, testFrameworkState=TestFrameworkState.LOG hookState=HookState.PRE instance=1741108805
11:33:59.284 [preRequisit@0] INFO  c.b.v2.framework.TestNgFramework - trackEvent: load log entries
11:33:59.286 [preRequisit@0] INFO  c.b.v2.module.TestHubModule - sendLogCreatedEvent: event=com.browserstack.v2.eventBus.Event@119df890, response=success: true

11:33:59.286 [preRequisit@0] INFO  c.b.v2.module.TestHubModule - sendLogCreatedEvent: event=com.browserstack.v2.eventBus.Event@119df890
11:33:59.290 [preRequisit@0] INFO  c.b.v2.framework.TestNgFramework - trackEvent: found instance, testFrameworkState=TestFrameworkState.LOG hookState=HookState.PRE instance=1741108805
11:33:59.290 [preRequisit@0] INFO  c.b.v2.framework.TestNgFramework - trackEvent: load log entries
11:33:59.291 [preRequisit@0] INFO  c.b.v2.module.TestHubModule - sendLogCreatedEvent: event=com.browserstack.v2.eventBus.Event@1c520394, response=success: true

11:33:59.291 [preRequisit@0] INFO  c.b.v2.module.TestHubModule - sendLogCreatedEvent: event=com.browserstack.v2.eventBus.Event@1c520394
11:33:59.327 [preRequisit@0] INFO  c.b.v2.framework.SeleniumFramework - trackSeleniumTest: saved instance contextId=-1159930471 target=7544:41 instances=[-1159930471]
11:33:59.328 [preRequisit@0] INFO  c.b.v2.module.WebdriverModule - onBeforeDriverCreate: event=com.browserstack.v2.eventBus.Event@52fad669
11:33:59.331 [preRequisit@0] INFO  c.b.v2.module.WebdriverModule - onBeforeDriverCreate: event=com.browserstack.v2.eventBus.Event@52fad669
11:33:59.349 [preRequisit@0] INFO  c.b.v2.module.WebdriverModule - beforeCommandExecute: event=com.browserstack.v2.eventBus.Event@640677d0
11:33:59.349 [preRequisit@0] INFO  c.b.v2.module.WebdriverModule - beforeCommandExecute: event=com.browserstack.v2.eventBus.Event@640677d0
11:34:53.240 [preRequisit@0] INFO  c.b.v2.module.WebdriverModule - afterCommandExecute: event=com.browserstack.v2.eventBus.Event@12a21bd6
11:34:53.241 [preRequisit@0] INFO  c.b.v2.module.WebdriverModule - afterCommandExecute: event=com.browserstack.v2.eventBus.Event@12a21bd6
11:34:53.241 [preRequisit@0] INFO  c.b.v2.module.ObservabilityModule - THREAD ID Inside Process= 41
11:34:53.242 [preRequisit@0] INFO  c.b.v2.module.ObservabilityModule - Processing TestLevel attachments from directory: /Users/sanjeevareddysj/.browserstack/UploadedAttachments-41/TestLevel
11:34:53.242 [preRequisit@0] INFO  c.b.v2.module.ObservabilityModule - Processing BuildLevel attachments from directory: /Users/sanjeevareddysj/.browserstack/UploadedAttachments-41/BuildLevel
11:34:53.243 [preRequisit@0] INFO  c.b.v2.module.ObservabilityModule - Processing attachments eventLogs: []
11:34:53.246 [preRequisit@0] INFO  c.b.v2.module.ObservabilityModule - sendLogCreatedEvent: No Log Events to send
11:34:53.274 [preRequisit@0] INFO  c.b.v2.framework.SeleniumFramework - trackSeleniumTest: saved instance contextId=-1159930471 target=7544:41 instances=[-1159930471]
11:34:53.274 [preRequisit@0] INFO  c.b.v2.module.WebdriverModule - onDriverCreated: event=com.browserstack.v2.eventBus.Event@4fe8b905
11:34:53.275 [preRequisit@0] INFO  c.b.v2.module.WebdriverModule - Found session id=99535fe14528477f2d0019dc21bd20e434e11b88 for instance=com.browserstack.v2.instance.AutomationFrameworkInstance@348299ff
11:34:53.276 [preRequisit@0] INFO  c.b.v2.module.WebdriverModule - Driver added successfully to automationFramework
11:34:53.280 [preRequisit@0] ERROR c.b.v2.module.WebdriverModule - Error AutomationFrameworkStart to start driver with error java.lang.ClassCastException: class java.lang.Object cannot be cast to class browserstack.sdk.v1.Sdk$AutomationFrameworkStartResponse (java.lang.Object is in module java.base of loader 'bootstrap'; browserstack.sdk.v1.Sdk$AutomationFrameworkStartResponse is in unnamed module of loader 'app')
	at com.browserstack.v2.module.WebdriverModule.startDriver(Unknown Source)
	at com.browserstack.v2.module.WebdriverModule.onDriverCreated(Unknown Source)
	at com.browserstack.v2.eventBus.EventDispatcher.notifyModuleObservers(Unknown Source)
	at com.browserstack.v2.framework.AutomationFramework.runHooks(Unknown Source)
	at com.browserstack.v2.framework.SeleniumFramework.trackEvent(Unknown Source)
	at com.browserstack.selenium.SeleniumHandler.persistDriverInstance(Unknown Source)
	at com.browserstack.selenium.SeleniumHandler.afterDriverInit(Unknown Source)
	at org.openqa.selenium.remote.RemoteWebDriver.<init>(RemoteWebDriver.java:183)
	at io.appium.java_client.AppiumDriver.<init>(AppiumDriver.java:101)
	at io.appium.java_client.AppiumDriver.<init>(AppiumDriver.java:113)
	at io.appium.java_client.android.AndroidDriver.<init>(AndroidDriver.java:109)
	at coreDriver.Drivers.createBrowserStackDriver(Drivers.java:98)
	at coreDriver.Drivers.createDriver(Drivers.java:37)
	at coreDriver.Drivers.getDrivers(Drivers.java:31)
	at gojek.android.gojek.GojekWelcomeScreenVerificationTest.preRequisit(GojekWelcomeScreenVerificationTest.java:21)
	at java.base/jdk.internal.reflect.NativeMethodAccessorImpl.invoke0(Native Method)
	at java.base/jdk.internal.reflect.NativeMethodAccessorImpl.invoke(NativeMethodAccessorImpl.java:77)
	at java.base/jdk.internal.reflect.DelegatingMethodAccessorImpl.invoke(DelegatingMethodAccessorImpl.java:43)
	at java.base/java.lang.reflect.Method.invoke(Method.java:568)
	at org.testng.internal.invokers.MethodInvocationHelper.invokeMethod(MethodInvocationHelper.java:141)
	at org.testng.internal.invokers.MethodInvocationHelper.invokeMethodConsideringTimeout(MethodInvocationHelper.java:71)
	at org.testng.internal.invokers.ConfigInvoker.invokeConfigurationMethod(ConfigInvoker.java:400)
	at org.testng.internal.invokers.ConfigInvoker.invokeConfigurations(ConfigInvoker.java:333)
	at org.testng.internal.invokers.TestMethodWorker.invokeBeforeClassMethods(TestMethodWorker.java:188)
	at org.testng.internal.invokers.TestMethodWorker.run(TestMethodWorker.java:128)
	at java.base/java.util.ArrayList.forEach(ArrayList.java:1511)
	at org.testng.TestRunner.privateRun(TestRunner.java:741)
	at org.testng.TestRunner.run(TestRunner.java:616)
	at org.testng.SuiteRunner.runTest(SuiteRunner.java:421)
	at org.testng.SuiteRunner$SuiteWorker.run(SuiteRunner.java:463)
	at org.testng.internal.thread.ThreadUtil.lambda$execute$0(ThreadUtil.java:64)
	at java.base/java.util.concurrent.FutureTask.run(FutureTask.java:264)
	at java.base/java.util.concurrent.ThreadPoolExecutor.runWorker(ThreadPoolExecutor.java:1136)
	at java.base/java.util.concurrent.ThreadPoolExecutor$Worker.run(ThreadPoolExecutor.java:635)
	at java.base/java.lang.Thread.run(Thread.java:842)

11:34:53.280 [preRequisit@0] INFO  c.b.v2.module.WebdriverModule - onDriverCreated: event=com.browserstack.v2.eventBus.Event@4fe8b905
11:34:53.280 [preRequisit@0] INFO  c.b.v2.module.WebdriverModule - Found session id=99535fe14528477f2d0019dc21bd20e434e11b88 for instance=com.browserstack.v2.instance.AutomationFrameworkInstance@348299ff
11:34:53.282 [preRequisit@0] INFO  c.b.v2.module.WebdriverModule - Driver added successfully to automationFramework
11:34:53.627 [preRequisit@0] INFO  c.b.v2.framework.TestNgFramework - trackEvent: found instance, testFrameworkState=TestFrameworkState.BEFORE_CLASS hookState=HookState.POST instance=1741108805
11:34:53.628 [preRequisit@0] INFO  c.b.v2.framework.TestNgFramework - trackEvent: loaded common test data, testFrameworkState=TestFrameworkState.BEFORE_CLASS hookState=HookState.POST instance=1741108805
11:34:53.628 [preRequisit@0] INFO  c.b.v2.framework.TestNgFramework - trackEvent: track hook events
11:34:53.693 [preRequisit@0] INFO  c.b.v2.framework.TestNgFramework - args CHECK = [TestResult name=preRequisit status=SUCCESS method=GojekWelcomeScreenVerificationTest.preRequisit()[pri:0, instance:gojek.android.gojek.GojekWelcomeScreenVerificationTest@2721044] output={null}]
11:34:53.693 [preRequisit@0] INFO  c.b.v2.framework.TestNgFramework - Hook List in Post [{hook_name=preRequisit, hook_result=pending, test_file_path=LearAumatingApp/src/test/java/gojek/android/gojek/GojekWelcomeScreenVerificationTest.java, event_started_at=2025-09-29T11:33:59.224507, hook_id=93ce6bb9-c34d-4bb2-8db6-45acef278705, hook_logs=[], key=BEFORE_CLASS, custom_metadata={}, test_location=LearAumatingApp/src/test/java/gojek/android/gojek/GojekWelcomeScreenVerificationTest.java}] and args = [[TestResult name=preRequisit status=SUCCESS method=GojekWelcomeScreenVerificationTest.preRequisit()[pri:0, instance:gojek.android.gojek.GojekWelcomeScreenVerificationTest@2721044] output={null}], GojekWelcomeScreenVerificationTest.preRequisit()[pri:0, instance:gojek.android.gojek.GojekWelcomeScreenVerificationTest@2721044]]
11:34:53.693 [preRequisit@0] INFO  c.b.v2.framework.TestNgFramework - Processing HookLevel attachments from directory: /Users/sanjeevareddysj/.browserstack/UploadedAttachments-41/HookLevel
11:34:53.693 [preRequisit@0] INFO  c.b.v2.framework.TestNgFramework - Checking hookLevelFiles: []
11:34:53.694 [preRequisit@0] INFO  c.b.v2.framework.TestNgFramework - checking Paths of files = /Users/sanjeevareddysj/.browserstack/UploadedAttachments-41/HookLevel/BuildLevelHookEvent and abs path = /Users/sanjeevareddysj/.browserstack/UploadedAttachments-41/HookLevel/BuildLevelHookEvent 
11:34:53.694 [preRequisit@0] INFO  c.b.v2.framework.TestNgFramework - Processing BuildLevelHookEvent attachments from directory: /Users/sanjeevareddysj/.browserstack/UploadedAttachments-41/HookLevel/BuildLevelHookEvent
11:34:53.694 [preRequisit@0] INFO  c.b.v2.framework.TestNgFramework - Processing TestLevel attachments eventLogs: []
11:34:53.694 [preRequisit@0] INFO  c.b.v2.framework.TestNgFramework - sendLogCreatedEvent: No Log Events to send
11:34:53.694 [preRequisit@0] INFO  c.b.v2.framework.TestNgFramework - trackHookEvents: hook state=BEFORE_CLASS.HookState.POST , hooks started={BEFORE_CLASS=[]} , hooks finished={BEFORE_CLASS=[{hook_name=preRequisit, hook_result=passed, test_file_path=LearAumatingApp/src/test/java/gojek/android/gojek/GojekWelcomeScreenVerificationTest.java, event_started_at=2025-09-29T11:33:59.224507, hook_id=93ce6bb9-c34d-4bb2-8db6-45acef278705, hook_logs=[], logs=[], key=BEFORE_CLASS, custom_metadata={}, event_ended_at=2025-09-29T11:34:53.693907, test_location=LearAumatingApp/src/test/java/gojek/android/gojek/GojekWelcomeScreenVerificationTest.java}]}
11:34:53.702 [preRequisit@0] INFO  c.b.v2.module.TestHubModule - sendTestFrameworkEvent: event=com.browserstack.v2.eventBus.Event@3177e2f4, response=success: true

11:34:53.711 [preRequisit@0] INFO  c.b.v2.framework.TestNgFramework - trackEvent: found instance, testFrameworkState=TestFrameworkState.TEST hookState=HookState.PRE instance=1741108805
11:34:53.723 [preRequisit@0] INFO  c.b.v2.framework.TestNgFramework - trackEvent: loaded initial test data to instance, testFrameworkState=TestFrameworkState.TEST hookState=HookState.PRE instance=1741108805 instanceThreadId=41 testResult=/Users/sanjeevareddysj/IdeaProjects/LearAumatingApp/LearAumatingApp-0 testData={test_uuid=fe8107ef-5c42-4d41-9644-c609452e1d22, test_file_path=src/test/java/gojek/android/gojek/GojekWelcomeScreenVerificationTest.java, test_scope=All Test Suite.gojek.android.gojek.GojekWelcomeScreenVerificationTest, test_meta={}, test_scopes=[All Test Suite, gojek.android.gojek.GojekWelcomeScreenVerificationTest], test_code=public void gojek.android.gojek.GojekWelcomeScreenVerificationTest.changeAppLanguage(), test_session_name=gojek.android.gojek.GojekWelcomeScreenVerificationTest-changeAppLanguage, test_name=changeAppLanguage, test_tags=, custom_metadata={}, test_id=/Users/sanjeevareddysj/IdeaProjects/LearAumatingApp/LearAumatingApp-0@0, test_location=src/test/java/gojek/android/gojek/GojekWelcomeScreenVerificationTest.java}
11:34:53.723 [preRequisit@0] INFO  c.b.v2.module.WebdriverModule - onBeforeTest: event=com.browserstack.v2.eventBus.Event@2442c744
11:34:53.723 [preRequisit@0] INFO  c.b.v2.module.WebdriverModule - onBeforeTest: event=com.browserstack.v2.eventBus.Event@2442c744
11:34:53.723 [preRequisit@0] INFO  c.b.v2.module.TestHubModule - onBeforeTest: event={com.browserstack.v2.eventBus.Event@2442c744}
11:34:53.749 [preRequisit@0] INFO  c.b.v2.module.TestHubModule - sendTestSessionEvent: event=com.browserstack.v2.eventBus.Event@2442c744, response=success: true

11:34:53.753 [preRequisit@0] INFO  c.b.v2.module.TestHubModule - sendTestFrameworkEvent: event=com.browserstack.v2.eventBus.Event@2442c744, response=success: true

11:34:53.754 [preRequisit@0] INFO  c.b.v2.module.ObservabilityModule - onBeforeTest: event={instance=com.browserstack.v2.instance.TestFrameworkInstance@568be384, testFrameworkState=TestFrameworkState.TEST, testInstance=com.browserstack.v2.instance.TestFrameworkInstance@568be384, autoInstance=[com.browserstack.v2.instance.AutomationFrameworkInstance@348299ff], hookState=HookState.PRE}
11:34:53.755 [preRequisit@0] INFO  c.b.v2.module.ObservabilityModule - performTestReportingSync: Performing TEST REPORTING AND ANALYTICS Sync
11:34:53.860 [changeAppLanguage@0] INFO  c.b.v2.module.WebdriverModule - beforeCommandExecute: event=com.browserstack.v2.eventBus.Event@47fe0922
11:34:53.860 [changeAppLanguage@0] INFO  c.b.v2.module.WebdriverModule - beforeCommandExecute: event=com.browserstack.v2.eventBus.Event@47fe0922
11:34:53.860 [changeAppLanguage@0] INFO  c.b.v2.module.WebdriverModule - beforeCommandExecute: event=com.browserstack.v2.eventBus.Event@360e63f3
11:34:53.860 [changeAppLanguage@0] INFO  c.b.v2.module.WebdriverModule - beforeCommandExecute: event=com.browserstack.v2.eventBus.Event@360e63f3
11:34:53.909 [changeAppLanguage@0] INFO  c.b.v2.module.WebdriverModule - afterCommandExecute: event=com.browserstack.v2.eventBus.Event@4200ee93
11:34:53.909 [changeAppLanguage@0] INFO  c.b.v2.module.WebdriverModule - afterCommandExecute: event=com.browserstack.v2.eventBus.Event@4200ee93
11:34:53.909 [changeAppLanguage@0] INFO  c.b.v2.module.ObservabilityModule - THREAD ID Inside Process= 41
11:34:53.909 [changeAppLanguage@0] INFO  c.b.v2.module.ObservabilityModule - Processing TestLevel attachments from directory: /Users/sanjeevareddysj/.browserstack/UploadedAttachments-41/TestLevel
11:34:53.909 [changeAppLanguage@0] INFO  c.b.v2.module.ObservabilityModule - Processing BuildLevel attachments from directory: /Users/sanjeevareddysj/.browserstack/UploadedAttachments-41/BuildLevel
11:34:53.909 [changeAppLanguage@0] INFO  c.b.v2.module.ObservabilityModule - Processing attachments eventLogs: []
11:34:53.909 [changeAppLanguage@0] INFO  c.b.v2.module.ObservabilityModule - sendLogCreatedEvent: No Log Events to send
11:34:53.912 [changeAppLanguage@0] INFO  c.b.v2.module.WebdriverModule - afterCommandExecute: event=com.browserstack.v2.eventBus.Event@665a014a
11:34:53.912 [changeAppLanguage@0] INFO  c.b.v2.module.WebdriverModule - afterCommandExecute: event=com.browserstack.v2.eventBus.Event@665a014a
11:34:53.912 [changeAppLanguage@0] INFO  c.b.v2.module.ObservabilityModule - THREAD ID Inside Process= 41
11:34:53.912 [changeAppLanguage@0] INFO  c.b.v2.module.ObservabilityModule - Processing TestLevel attachments from directory: /Users/sanjeevareddysj/.browserstack/UploadedAttachments-41/TestLevel
11:34:53.912 [changeAppLanguage@0] INFO  c.b.v2.module.ObservabilityModule - Processing BuildLevel attachments from directory: /Users/sanjeevareddysj/.browserstack/UploadedAttachments-41/BuildLevel
11:34:53.912 [changeAppLanguage@0] INFO  c.b.v2.module.ObservabilityModule - Processing attachments eventLogs: []
11:34:53.912 [changeAppLanguage@0] INFO  c.b.v2.module.ObservabilityModule - sendLogCreatedEvent: No Log Events to send
11:34:53.916 [changeAppLanguage@0] INFO  c.b.v2.module.WebdriverModule - beforeCommandExecute: event=com.browserstack.v2.eventBus.Event@3e2ebdc0
11:34:53.916 [changeAppLanguage@0] INFO  c.b.v2.module.WebdriverModule - beforeCommandExecute: event=com.browserstack.v2.eventBus.Event@3e2ebdc0
11:34:54.451 [changeAppLanguage@0] INFO  c.b.v2.module.WebdriverModule - afterCommandExecute: event=com.browserstack.v2.eventBus.Event@19995648
11:34:54.451 [changeAppLanguage@0] INFO  c.b.v2.module.WebdriverModule - afterCommandExecute: event=com.browserstack.v2.eventBus.Event@19995648
11:34:54.451 [changeAppLanguage@0] INFO  c.b.v2.module.ObservabilityModule - THREAD ID Inside Process= 41
11:34:54.452 [changeAppLanguage@0] INFO  c.b.v2.module.ObservabilityModule - Processing TestLevel attachments from directory: /Users/sanjeevareddysj/.browserstack/UploadedAttachments-41/TestLevel
11:34:54.452 [changeAppLanguage@0] INFO  c.b.v2.module.ObservabilityModule - Processing BuildLevel attachments from directory: /Users/sanjeevareddysj/.browserstack/UploadedAttachments-41/BuildLevel
11:34:54.452 [changeAppLanguage@0] INFO  c.b.v2.module.ObservabilityModule - Processing attachments eventLogs: []
11:34:54.452 [changeAppLanguage@0] INFO  c.b.v2.module.ObservabilityModule - sendLogCreatedEvent: No Log Events to send
11:34:54.966 [changeAppLanguage@0] INFO  c.b.v2.module.WebdriverModule - beforeCommandExecute: event=com.browserstack.v2.eventBus.Event@75b936a7
11:34:54.966 [changeAppLanguage@0] INFO  c.b.v2.module.WebdriverModule - beforeCommandExecute: event=com.browserstack.v2.eventBus.Event@75b936a7
11:34:55.542 [changeAppLanguage@0] INFO  c.b.v2.module.WebdriverModule - afterCommandExecute: event=com.browserstack.v2.eventBus.Event@71d22d95
11:34:55.542 [changeAppLanguage@0] INFO  c.b.v2.module.WebdriverModule - afterCommandExecute: event=com.browserstack.v2.eventBus.Event@71d22d95
11:34:55.543 [changeAppLanguage@0] INFO  c.b.v2.module.ObservabilityModule - THREAD ID Inside Process= 41
11:34:55.543 [changeAppLanguage@0] INFO  c.b.v2.module.ObservabilityModule - Processing TestLevel attachments from directory: /Users/sanjeevareddysj/.browserstack/UploadedAttachments-41/TestLevel
11:34:55.543 [changeAppLanguage@0] INFO  c.b.v2.module.ObservabilityModule - Processing BuildLevel attachments from directory: /Users/sanjeevareddysj/.browserstack/UploadedAttachments-41/BuildLevel
11:34:55.543 [changeAppLanguage@0] INFO  c.b.v2.module.ObservabilityModule - Processing attachments eventLogs: []
11:34:55.544 [changeAppLanguage@0] INFO  c.b.v2.module.ObservabilityModule - sendLogCreatedEvent: No Log Events to send
11:34:55.551 [changeAppLanguage@0] INFO  c.b.v2.module.WebdriverModule - beforeCommandExecute: event=com.browserstack.v2.eventBus.Event@4d96135e
11:34:55.551 [changeAppLanguage@0] INFO  c.b.v2.module.WebdriverModule - beforeCommandExecute: event=com.browserstack.v2.eventBus.Event@4d96135e
11:34:56.781 [changeAppLanguage@0] INFO  c.b.v2.module.WebdriverModule - afterCommandExecute: event=com.browserstack.v2.eventBus.Event@27942a27
11:34:56.781 [changeAppLanguage@0] INFO  c.b.v2.module.WebdriverModule - afterCommandExecute: event=com.browserstack.v2.eventBus.Event@27942a27
11:34:56.781 [changeAppLanguage@0] INFO  c.b.v2.module.ObservabilityModule - THREAD ID Inside Process= 41
11:34:56.781 [changeAppLanguage@0] INFO  c.b.v2.module.ObservabilityModule - Processing TestLevel attachments from directory: /Users/sanjeevareddysj/.browserstack/UploadedAttachments-41/TestLevel
11:34:56.781 [changeAppLanguage@0] INFO  c.b.v2.module.ObservabilityModule - Processing BuildLevel attachments from directory: /Users/sanjeevareddysj/.browserstack/UploadedAttachments-41/BuildLevel
11:34:56.781 [changeAppLanguage@0] INFO  c.b.v2.module.ObservabilityModule - Processing attachments eventLogs: []
11:34:56.781 [changeAppLanguage@0] INFO  c.b.v2.module.ObservabilityModule - sendLogCreatedEvent: No Log Events to send
11:34:56.789 [changeAppLanguage@0] INFO  c.b.v2.module.WebdriverModule - beforeCommandExecute: event=com.browserstack.v2.eventBus.Event@b9b38dc
11:34:56.789 [changeAppLanguage@0] INFO  c.b.v2.module.WebdriverModule - beforeCommandExecute: event=com.browserstack.v2.eventBus.Event@b9b38dc
11:34:56.789 [changeAppLanguage@0] INFO  c.b.v2.module.WebdriverModule - beforeCommandExecute: event=com.browserstack.v2.eventBus.Event@dd8ee9a
11:34:56.789 [changeAppLanguage@0] INFO  c.b.v2.module.WebdriverModule - beforeCommandExecute: event=com.browserstack.v2.eventBus.Event@dd8ee9a
11:34:56.836 [changeAppLanguage@0] INFO  c.b.v2.module.WebdriverModule - afterCommandExecute: event=com.browserstack.v2.eventBus.Event@2544f2e8
11:34:56.836 [changeAppLanguage@0] INFO  c.b.v2.module.WebdriverModule - afterCommandExecute: event=com.browserstack.v2.eventBus.Event@2544f2e8
11:34:56.836 [changeAppLanguage@0] INFO  c.b.v2.module.ObservabilityModule - THREAD ID Inside Process= 41
11:34:56.836 [changeAppLanguage@0] INFO  c.b.v2.module.ObservabilityModule - Processing TestLevel attachments from directory: /Users/sanjeevareddysj/.browserstack/UploadedAttachments-41/TestLevel
11:34:56.836 [changeAppLanguage@0] INFO  c.b.v2.module.ObservabilityModule - Processing BuildLevel attachments from directory: /Users/sanjeevareddysj/.browserstack/UploadedAttachments-41/BuildLevel
11:34:56.836 [changeAppLanguage@0] INFO  c.b.v2.module.ObservabilityModule - Processing attachments eventLogs: []
11:34:56.836 [changeAppLanguage@0] INFO  c.b.v2.module.ObservabilityModule - sendLogCreatedEvent: No Log Events to send
11:34:56.839 [changeAppLanguage@0] INFO  c.b.v2.module.WebdriverModule - afterCommandExecute: event=com.browserstack.v2.eventBus.Event@29254c29
11:34:56.839 [changeAppLanguage@0] INFO  c.b.v2.module.WebdriverModule - afterCommandExecute: event=com.browserstack.v2.eventBus.Event@29254c29
11:34:56.839 [changeAppLanguage@0] INFO  c.b.v2.module.ObservabilityModule - THREAD ID Inside Process= 41
11:34:56.839 [changeAppLanguage@0] INFO  c.b.v2.module.ObservabilityModule - Processing TestLevel attachments from directory: /Users/sanjeevareddysj/.browserstack/UploadedAttachments-41/TestLevel
11:34:56.839 [changeAppLanguage@0] INFO  c.b.v2.module.ObservabilityModule - Processing BuildLevel attachments from directory: /Users/sanjeevareddysj/.browserstack/UploadedAttachments-41/BuildLevel
11:34:56.840 [changeAppLanguage@0] INFO  c.b.v2.module.ObservabilityModule - Processing attachments eventLogs: []
11:34:56.840 [changeAppLanguage@0] INFO  c.b.v2.module.ObservabilityModule - sendLogCreatedEvent: No Log Events to send
11:34:56.842 [changeAppLanguage@0] INFO  c.b.v2.module.WebdriverModule - beforeCommandExecute: event=com.browserstack.v2.eventBus.Event@6112b68b
11:34:56.842 [changeAppLanguage@0] INFO  c.b.v2.module.WebdriverModule - beforeCommandExecute: event=com.browserstack.v2.eventBus.Event@6112b68b
11:34:56.918 [changeAppLanguage@0] INFO  c.b.v2.module.WebdriverModule - afterCommandExecute: event=com.browserstack.v2.eventBus.Event@4758cec5
11:34:56.919 [changeAppLanguage@0] INFO  c.b.v2.module.WebdriverModule - afterCommandExecute: event=com.browserstack.v2.eventBus.Event@4758cec5
11:34:56.919 [changeAppLanguage@0] INFO  c.b.v2.module.ObservabilityModule - THREAD ID Inside Process= 41
11:34:56.919 [changeAppLanguage@0] INFO  c.b.v2.module.ObservabilityModule - Processing TestLevel attachments from directory: /Users/sanjeevareddysj/.browserstack/UploadedAttachments-41/TestLevel
11:34:56.919 [changeAppLanguage@0] INFO  c.b.v2.module.ObservabilityModule - Processing BuildLevel attachments from directory: /Users/sanjeevareddysj/.browserstack/UploadedAttachments-41/BuildLevel
11:34:56.919 [changeAppLanguage@0] INFO  c.b.v2.module.ObservabilityModule - Processing attachments eventLogs: []
11:34:56.919 [changeAppLanguage@0] INFO  c.b.v2.module.ObservabilityModule - sendLogCreatedEvent: No Log Events to send
11:34:56.921 [changeAppLanguage@0] INFO  c.b.v2.module.WebdriverModule - beforeCommandExecute: event=com.browserstack.v2.eventBus.Event@1f66ffa5
11:34:56.921 [changeAppLanguage@0] INFO  c.b.v2.module.WebdriverModule - beforeCommandExecute: event=com.browserstack.v2.eventBus.Event@1f66ffa5
11:34:56.980 [changeAppLanguage@0] INFO  c.b.v2.module.WebdriverModule - afterCommandExecute: event=com.browserstack.v2.eventBus.Event@77d70cee
11:34:56.980 [changeAppLanguage@0] INFO  c.b.v2.module.WebdriverModule - afterCommandExecute: event=com.browserstack.v2.eventBus.Event@77d70cee
11:34:56.980 [changeAppLanguage@0] INFO  c.b.v2.module.ObservabilityModule - THREAD ID Inside Process= 41
11:34:56.980 [changeAppLanguage@0] INFO  c.b.v2.module.ObservabilityModule - Processing TestLevel attachments from directory: /Users/sanjeevareddysj/.browserstack/UploadedAttachments-41/TestLevel
11:34:56.980 [changeAppLanguage@0] INFO  c.b.v2.module.ObservabilityModule - Processing BuildLevel attachments from directory: /Users/sanjeevareddysj/.browserstack/UploadedAttachments-41/BuildLevel
11:34:56.980 [changeAppLanguage@0] INFO  c.b.v2.module.ObservabilityModule - Processing attachments eventLogs: []
11:34:56.981 [changeAppLanguage@0] INFO  c.b.v2.module.ObservabilityModule - sendLogCreatedEvent: No Log Events to send
11:34:56.983 [changeAppLanguage@0] INFO  c.b.v2.module.WebdriverModule - beforeCommandExecute: event=com.browserstack.v2.eventBus.Event@23366b19
11:34:56.983 [changeAppLanguage@0] INFO  c.b.v2.module.WebdriverModule - beforeCommandExecute: event=com.browserstack.v2.eventBus.Event@23366b19
11:34:56.983 [changeAppLanguage@0] INFO  c.b.v2.module.WebdriverModule - beforeCommandExecute: event=com.browserstack.v2.eventBus.Event@b05330d
11:34:56.983 [changeAppLanguage@0] INFO  c.b.v2.module.WebdriverModule - beforeCommandExecute: event=com.browserstack.v2.eventBus.Event@b05330d
11:34:57.023 [changeAppLanguage@0] INFO  c.b.v2.module.WebdriverModule - afterCommandExecute: event=com.browserstack.v2.eventBus.Event@44fafeff
11:34:57.023 [changeAppLanguage@0] INFO  c.b.v2.module.WebdriverModule - afterCommandExecute: event=com.browserstack.v2.eventBus.Event@44fafeff
11:34:57.023 [changeAppLanguage@0] INFO  c.b.v2.module.ObservabilityModule - THREAD ID Inside Process= 41
11:34:57.023 [changeAppLanguage@0] INFO  c.b.v2.module.ObservabilityModule - Processing TestLevel attachments from directory: /Users/sanjeevareddysj/.browserstack/UploadedAttachments-41/TestLevel
11:34:57.023 [changeAppLanguage@0] INFO  c.b.v2.module.ObservabilityModule - Processing BuildLevel attachments from directory: /Users/sanjeevareddysj/.browserstack/UploadedAttachments-41/BuildLevel
11:34:57.023 [changeAppLanguage@0] INFO  c.b.v2.module.ObservabilityModule - Processing attachments eventLogs: []
11:34:57.023 [changeAppLanguage@0] INFO  c.b.v2.module.ObservabilityModule - sendLogCreatedEvent: No Log Events to send
11:34:57.025 [changeAppLanguage@0] INFO  c.b.v2.module.WebdriverModule - afterCommandExecute: event=com.browserstack.v2.eventBus.Event@649dee13
11:34:57.025 [changeAppLanguage@0] INFO  c.b.v2.module.WebdriverModule - afterCommandExecute: event=com.browserstack.v2.eventBus.Event@649dee13
11:34:57.025 [changeAppLanguage@0] INFO  c.b.v2.module.ObservabilityModule - THREAD ID Inside Process= 41
11:34:57.038 [changeAppLanguage@0] INFO  c.b.v2.module.ObservabilityModule - Processing TestLevel attachments from directory: /Users/sanjeevareddysj/.browserstack/UploadedAttachments-41/TestLevel
11:34:57.038 [changeAppLanguage@0] INFO  c.b.v2.module.ObservabilityModule - Processing BuildLevel attachments from directory: /Users/sanjeevareddysj/.browserstack/UploadedAttachments-41/BuildLevel
11:34:57.038 [changeAppLanguage@0] INFO  c.b.v2.module.ObservabilityModule - Processing attachments eventLogs: []
11:34:57.038 [changeAppLanguage@0] INFO  c.b.v2.module.ObservabilityModule - sendLogCreatedEvent: No Log Events to send
11:34:57.040 [changeAppLanguage@0] INFO  c.b.v2.module.WebdriverModule - beforeCommandExecute: event=com.browserstack.v2.eventBus.Event@55bc27eb
11:34:57.040 [changeAppLanguage@0] INFO  c.b.v2.module.WebdriverModule - beforeCommandExecute: event=com.browserstack.v2.eventBus.Event@55bc27eb
11:34:57.175 [changeAppLanguage@0] INFO  c.b.v2.module.WebdriverModule - afterCommandExecute: event=com.browserstack.v2.eventBus.Event@67b30177
11:34:57.175 [changeAppLanguage@0] INFO  c.b.v2.module.WebdriverModule - afterCommandExecute: event=com.browserstack.v2.eventBus.Event@67b30177
11:34:57.176 [changeAppLanguage@0] INFO  c.b.v2.module.ObservabilityModule - THREAD ID Inside Process= 41
11:34:57.176 [changeAppLanguage@0] INFO  c.b.v2.module.ObservabilityModule - Processing TestLevel attachments from directory: /Users/sanjeevareddysj/.browserstack/UploadedAttachments-41/TestLevel
11:34:57.176 [changeAppLanguage@0] INFO  c.b.v2.module.ObservabilityModule - Processing BuildLevel attachments from directory: /Users/sanjeevareddysj/.browserstack/UploadedAttachments-41/BuildLevel
11:34:57.176 [changeAppLanguage@0] INFO  c.b.v2.module.ObservabilityModule - Processing attachments eventLogs: []
11:34:57.176 [changeAppLanguage@0] INFO  c.b.v2.module.ObservabilityModule - sendLogCreatedEvent: No Log Events to send
11:34:57.179 [changeAppLanguage@0] INFO  c.b.v2.module.WebdriverModule - beforeCommandExecute: event=com.browserstack.v2.eventBus.Event@5f249f6c
11:34:57.179 [changeAppLanguage@0] INFO  c.b.v2.module.WebdriverModule - beforeCommandExecute: event=com.browserstack.v2.eventBus.Event@5f249f6c
11:34:57.298 [changeAppLanguage@0] INFO  c.b.v2.module.WebdriverModule - afterCommandExecute: event=com.browserstack.v2.eventBus.Event@4a69900d
11:34:57.298 [changeAppLanguage@0] INFO  c.b.v2.module.WebdriverModule - afterCommandExecute: event=com.browserstack.v2.eventBus.Event@4a69900d
11:34:57.298 [changeAppLanguage@0] INFO  c.b.v2.module.ObservabilityModule - THREAD ID Inside Process= 41
11:34:57.299 [changeAppLanguage@0] INFO  c.b.v2.module.ObservabilityModule - Processing TestLevel attachments from directory: /Users/sanjeevareddysj/.browserstack/UploadedAttachments-41/TestLevel
11:34:57.299 [changeAppLanguage@0] INFO  c.b.v2.module.ObservabilityModule - Processing BuildLevel attachments from directory: /Users/sanjeevareddysj/.browserstack/UploadedAttachments-41/BuildLevel
11:34:57.299 [changeAppLanguage@0] INFO  c.b.v2.module.ObservabilityModule - Processing attachments eventLogs: []
11:34:57.299 [changeAppLanguage@0] INFO  c.b.v2.module.ObservabilityModule - sendLogCreatedEvent: No Log Events to send
11:34:57.306 [changeAppLanguage@0] INFO  c.b.v2.module.WebdriverModule - beforeCommandExecute: event=com.browserstack.v2.eventBus.Event@6d18524a
11:34:57.306 [changeAppLanguage@0] INFO  c.b.v2.module.WebdriverModule - beforeCommandExecute: event=com.browserstack.v2.eventBus.Event@6d18524a
11:34:57.306 [changeAppLanguage@0] INFO  c.b.v2.module.WebdriverModule - beforeCommandExecute: event=com.browserstack.v2.eventBus.Event@7eeb75ef
11:34:57.306 [changeAppLanguage@0] INFO  c.b.v2.module.WebdriverModule - beforeCommandExecute: event=com.browserstack.v2.eventBus.Event@7eeb75ef
11:34:57.354 [changeAppLanguage@0] INFO  c.b.v2.module.WebdriverModule - afterCommandExecute: event=com.browserstack.v2.eventBus.Event@78847bc7
11:34:57.355 [changeAppLanguage@0] INFO  c.b.v2.module.WebdriverModule - afterCommandExecute: event=com.browserstack.v2.eventBus.Event@78847bc7
11:34:57.355 [changeAppLanguage@0] INFO  c.b.v2.module.ObservabilityModule - THREAD ID Inside Process= 41
11:34:57.355 [changeAppLanguage@0] INFO  c.b.v2.module.ObservabilityModule - Processing TestLevel attachments from directory: /Users/sanjeevareddysj/.browserstack/UploadedAttachments-41/TestLevel
11:34:57.355 [changeAppLanguage@0] INFO  c.b.v2.module.ObservabilityModule - Processing BuildLevel attachments from directory: /Users/sanjeevareddysj/.browserstack/UploadedAttachments-41/BuildLevel
11:34:57.355 [changeAppLanguage@0] INFO  c.b.v2.module.ObservabilityModule - Processing attachments eventLogs: []
11:34:57.356 [changeAppLanguage@0] INFO  c.b.v2.module.ObservabilityModule - sendLogCreatedEvent: No Log Events to send
11:34:57.361 [changeAppLanguage@0] INFO  c.b.v2.module.WebdriverModule - afterCommandExecute: event=com.browserstack.v2.eventBus.Event@4ed8c2d
11:34:57.361 [changeAppLanguage@0] INFO  c.b.v2.module.WebdriverModule - afterCommandExecute: event=com.browserstack.v2.eventBus.Event@4ed8c2d
11:34:57.361 [changeAppLanguage@0] INFO  c.b.v2.module.ObservabilityModule - THREAD ID Inside Process= 41
11:34:57.361 [changeAppLanguage@0] INFO  c.b.v2.module.ObservabilityModule - Processing TestLevel attachments from directory: /Users/sanjeevareddysj/.browserstack/UploadedAttachments-41/TestLevel
11:34:57.361 [changeAppLanguage@0] INFO  c.b.v2.module.ObservabilityModule - Processing BuildLevel attachments from directory: /Users/sanjeevareddysj/.browserstack/UploadedAttachments-41/BuildLevel
11:34:57.361 [changeAppLanguage@0] INFO  c.b.v2.module.ObservabilityModule - Processing attachments eventLogs: []
11:34:57.361 [changeAppLanguage@0] INFO  c.b.v2.module.ObservabilityModule - sendLogCreatedEvent: No Log Events to send
11:34:57.364 [changeAppLanguage@0] INFO  c.b.v2.module.WebdriverModule - beforeCommandExecute: event=com.browserstack.v2.eventBus.Event@7a0dc8f7
11:34:57.364 [changeAppLanguage@0] INFO  c.b.v2.module.WebdriverModule - beforeCommandExecute: event=com.browserstack.v2.eventBus.Event@7a0dc8f7
11:34:57.970 [changeAppLanguage@0] INFO  c.b.v2.module.WebdriverModule - afterCommandExecute: event=com.browserstack.v2.eventBus.Event@6f8252c4
11:34:57.970 [changeAppLanguage@0] INFO  c.b.v2.module.WebdriverModule - afterCommandExecute: event=com.browserstack.v2.eventBus.Event@6f8252c4
11:34:57.971 [changeAppLanguage@0] INFO  c.b.v2.module.ObservabilityModule - THREAD ID Inside Process= 41
11:34:57.971 [changeAppLanguage@0] INFO  c.b.v2.module.ObservabilityModule - Processing TestLevel attachments from directory: /Users/sanjeevareddysj/.browserstack/UploadedAttachments-41/TestLevel
11:34:57.971 [changeAppLanguage@0] INFO  c.b.v2.module.ObservabilityModule - Processing BuildLevel attachments from directory: /Users/sanjeevareddysj/.browserstack/UploadedAttachments-41/BuildLevel
11:34:57.971 [changeAppLanguage@0] INFO  c.b.v2.module.ObservabilityModule - Processing attachments eventLogs: []
11:34:57.971 [changeAppLanguage@0] INFO  c.b.v2.module.ObservabilityModule - sendLogCreatedEvent: No Log Events to send
11:34:58.002 [changeAppLanguage@0] INFO  c.b.v2.module.WebdriverModule - beforeCommandExecute: event=com.browserstack.v2.eventBus.Event@7d430791
11:34:58.003 [changeAppLanguage@0] INFO  c.b.v2.module.WebdriverModule - beforeCommandExecute: event=com.browserstack.v2.eventBus.Event@7d430791
11:34:59.556 [changeAppLanguage@0] INFO  c.b.v2.module.WebdriverModule - afterCommandExecute: event=com.browserstack.v2.eventBus.Event@c9305d5
11:34:59.556 [changeAppLanguage@0] INFO  c.b.v2.module.WebdriverModule - afterCommandExecute: event=com.browserstack.v2.eventBus.Event@c9305d5
11:34:59.556 [changeAppLanguage@0] INFO  c.b.v2.module.ObservabilityModule - THREAD ID Inside Process= 41
11:34:59.556 [changeAppLanguage@0] INFO  c.b.v2.module.ObservabilityModule - Processing TestLevel attachments from directory: /Users/sanjeevareddysj/.browserstack/UploadedAttachments-41/TestLevel
11:34:59.556 [changeAppLanguage@0] INFO  c.b.v2.module.ObservabilityModule - Processing BuildLevel attachments from directory: /Users/sanjeevareddysj/.browserstack/UploadedAttachments-41/BuildLevel
11:34:59.556 [changeAppLanguage@0] INFO  c.b.v2.module.ObservabilityModule - Processing attachments eventLogs: []
11:34:59.557 [changeAppLanguage@0] INFO  c.b.v2.module.ObservabilityModule - sendLogCreatedEvent: No Log Events to send
11:34:59.564 [changeAppLanguage@0] INFO  c.b.v2.module.WebdriverModule - beforeCommandExecute: event=com.browserstack.v2.eventBus.Event@5e98d5d2
11:34:59.564 [changeAppLanguage@0] INFO  c.b.v2.module.WebdriverModule - beforeCommandExecute: event=com.browserstack.v2.eventBus.Event@5e98d5d2
11:34:59.564 [changeAppLanguage@0] INFO  c.b.v2.module.WebdriverModule - beforeCommandExecute: event=com.browserstack.v2.eventBus.Event@4f346b45
11:34:59.564 [changeAppLanguage@0] INFO  c.b.v2.module.WebdriverModule - beforeCommandExecute: event=com.browserstack.v2.eventBus.Event@4f346b45
11:34:59.608 [changeAppLanguage@0] INFO  c.b.v2.module.WebdriverModule - afterCommandExecute: event=com.browserstack.v2.eventBus.Event@5b9d72db
11:34:59.608 [changeAppLanguage@0] INFO  c.b.v2.module.WebdriverModule - afterCommandExecute: event=com.browserstack.v2.eventBus.Event@5b9d72db
11:34:59.608 [changeAppLanguage@0] INFO  c.b.v2.module.ObservabilityModule - THREAD ID Inside Process= 41
11:34:59.608 [changeAppLanguage@0] INFO  c.b.v2.module.ObservabilityModule - Processing TestLevel attachments from directory: /Users/sanjeevareddysj/.browserstack/UploadedAttachments-41/TestLevel
11:34:59.608 [changeAppLanguage@0] INFO  c.b.v2.module.ObservabilityModule - Processing BuildLevel attachments from directory: /Users/sanjeevareddysj/.browserstack/UploadedAttachments-41/BuildLevel
11:34:59.608 [changeAppLanguage@0] INFO  c.b.v2.module.ObservabilityModule - Processing attachments eventLogs: []
11:34:59.608 [changeAppLanguage@0] INFO  c.b.v2.module.ObservabilityModule - sendLogCreatedEvent: No Log Events to send
11:34:59.612 [changeAppLanguage@0] INFO  c.b.v2.module.WebdriverModule - afterCommandExecute: event=com.browserstack.v2.eventBus.Event@3b1a20d8
11:34:59.612 [changeAppLanguage@0] INFO  c.b.v2.module.WebdriverModule - afterCommandExecute: event=com.browserstack.v2.eventBus.Event@3b1a20d8
11:34:59.612 [changeAppLanguage@0] INFO  c.b.v2.module.ObservabilityModule - THREAD ID Inside Process= 41
11:34:59.612 [changeAppLanguage@0] INFO  c.b.v2.module.ObservabilityModule - Processing TestLevel attachments from directory: /Users/sanjeevareddysj/.browserstack/UploadedAttachments-41/TestLevel
11:34:59.612 [changeAppLanguage@0] INFO  c.b.v2.module.ObservabilityModule - Processing BuildLevel attachments from directory: /Users/sanjeevareddysj/.browserstack/UploadedAttachments-41/BuildLevel
11:34:59.612 [changeAppLanguage@0] INFO  c.b.v2.module.ObservabilityModule - Processing attachments eventLogs: []
11:34:59.612 [changeAppLanguage@0] INFO  c.b.v2.module.ObservabilityModule - sendLogCreatedEvent: No Log Events to send
11:34:59.615 [changeAppLanguage@0] INFO  c.b.v2.module.WebdriverModule - beforeCommandExecute: event=com.browserstack.v2.eventBus.Event@6723b13f
11:34:59.615 [changeAppLanguage@0] INFO  c.b.v2.module.WebdriverModule - beforeCommandExecute: event=com.browserstack.v2.eventBus.Event@6723b13f
11:34:59.713 [changeAppLanguage@0] INFO  c.b.v2.module.WebdriverModule - afterCommandExecute: event=com.browserstack.v2.eventBus.Event@4bc4e9a0
11:34:59.713 [changeAppLanguage@0] INFO  c.b.v2.module.WebdriverModule - afterCommandExecute: event=com.browserstack.v2.eventBus.Event@4bc4e9a0
11:34:59.713 [changeAppLanguage@0] INFO  c.b.v2.module.ObservabilityModule - THREAD ID Inside Process= 41
11:34:59.713 [changeAppLanguage@0] INFO  c.b.v2.module.ObservabilityModule - Processing TestLevel attachments from directory: /Users/sanjeevareddysj/.browserstack/UploadedAttachments-41/TestLevel
11:34:59.713 [changeAppLanguage@0] INFO  c.b.v2.module.ObservabilityModule - Processing BuildLevel attachments from directory: /Users/sanjeevareddysj/.browserstack/UploadedAttachments-41/BuildLevel
11:34:59.713 [changeAppLanguage@0] INFO  c.b.v2.module.ObservabilityModule - Processing attachments eventLogs: []
11:34:59.713 [changeAppLanguage@0] INFO  c.b.v2.module.ObservabilityModule - sendLogCreatedEvent: No Log Events to send
11:34:59.716 [changeAppLanguage@0] INFO  c.b.v2.module.WebdriverModule - beforeCommandExecute: event=com.browserstack.v2.eventBus.Event@66c33fa6
11:34:59.716 [changeAppLanguage@0] INFO  c.b.v2.module.WebdriverModule - beforeCommandExecute: event=com.browserstack.v2.eventBus.Event@66c33fa6
11:34:59.795 [changeAppLanguage@0] INFO  c.b.v2.module.WebdriverModule - afterCommandExecute: event=com.browserstack.v2.eventBus.Event@63a677b6
11:34:59.795 [changeAppLanguage@0] INFO  c.b.v2.module.WebdriverModule - afterCommandExecute: event=com.browserstack.v2.eventBus.Event@63a677b6
11:34:59.795 [changeAppLanguage@0] INFO  c.b.v2.module.ObservabilityModule - THREAD ID Inside Process= 41
11:34:59.795 [changeAppLanguage@0] INFO  c.b.v2.module.ObservabilityModule - Processing TestLevel attachments from directory: /Users/sanjeevareddysj/.browserstack/UploadedAttachments-41/TestLevel
11:34:59.796 [changeAppLanguage@0] INFO  c.b.v2.module.ObservabilityModule - Processing BuildLevel attachments from directory: /Users/sanjeevareddysj/.browserstack/UploadedAttachments-41/BuildLevel
11:34:59.796 [changeAppLanguage@0] INFO  c.b.v2.module.ObservabilityModule - Processing attachments eventLogs: []
11:34:59.796 [changeAppLanguage@0] INFO  c.b.v2.module.ObservabilityModule - sendLogCreatedEvent: No Log Events to send
11:34:59.807 [changeAppLanguage@0] INFO  c.b.v2.framework.TestNgFramework - trackEvent: found instance, testFrameworkState=TestFrameworkState.LOG_REPORT hookState=HookState.PRE instance=1741108805
11:34:59.808 [changeAppLanguage@0] INFO  c.b.v2.framework.TestNgFramework - trackEvent: found instance, testFrameworkState=TestFrameworkState.LOG_REPORT hookState=HookState.POST instance=1741108805
11:34:59.808 [changeAppLanguage@0] INFO  c.b.v2.framework.TestNgFramework - trackEvent: load test results
11:34:59.808 [changeAppLanguage@0] INFO  c.b.v2.framework.TestNgFramework - trackEvent: found instance, testFrameworkState=TestFrameworkState.TEST hookState=HookState.POST instance=1741108805
11:34:59.809 [changeAppLanguage@0] INFO  c.b.v2.module.WebdriverModule - onAfterTest: event=com.browserstack.v2.eventBus.Event@16b5a989
11:34:59.809 [changeAppLanguage@0] INFO  c.b.utils.SeleniumMethodUtils - Session Name ID status marking: 99535fe14528477f2d0019dc21bd20e434e11b88
11:35:00.418 [changeAppLanguage@0] INFO  c.b.utils.SeleniumMethodUtils - Session ID status marking: 99535fe14528477f2d0019dc21bd20e434e11b88
11:35:01.524 [changeAppLanguage@0] INFO  c.b.v2.module.WebdriverModule - onAfterTest: event=com.browserstack.v2.eventBus.Event@16b5a989
11:35:01.524 [changeAppLanguage@0] INFO  c.b.utils.SeleniumMethodUtils - Session Name ID status marking: 99535fe14528477f2d0019dc21bd20e434e11b88
11:35:02.010 [changeAppLanguage@0] INFO  c.b.utils.SeleniumMethodUtils - Session ID status marking: 99535fe14528477f2d0019dc21bd20e434e11b88
11:35:02.417 [changeAppLanguage@0] INFO  c.b.v2.module.TestHubModule - sendTestFrameworkEvent: event=com.browserstack.v2.eventBus.Event@16b5a989, response=success: true

11:35:02.432 [changeAppLanguage@0] INFO  c.b.v2.framework.TestNgFramework - trackTestNgTest: saved instance contextId=1741108805 target=/Users/sanjeevareddysj/IdeaProjects/LearAumatingApp/LearAumatingApp-0@0 instances=[1741108805]
11:35:02.432 [changeAppLanguage@0] INFO  c.b.v2.framework.TestNgFramework - trackEvent: found instance, testFrameworkState=TestFrameworkState.TEST hookState=HookState.PRE instance=1741108805
11:35:02.479 [changeAppLanguage@0] INFO  c.b.v2.framework.TestNgFramework - trackEvent: loaded initial test data to instance, testFrameworkState=TestFrameworkState.TEST hookState=HookState.PRE instance=1741108805 instanceThreadId=41 testResult=/Users/sanjeevareddysj/IdeaProjects/LearAumatingApp/LearAumatingApp-0 testData={test_uuid=98d94601-c789-46c5-8db9-dbfc054996bf, test_file_path=src/test/java/gojek/android/gojek/GojekWelcomeScreenVerificationTest.java, test_scope=All Test Suite.gojek.android.gojek.GojekWelcomeScreenVerificationTest, test_meta={}, test_scopes=[All Test Suite, gojek.android.gojek.GojekWelcomeScreenVerificationTest], test_code=public void gojek.android.gojek.GojekWelcomeScreenVerificationTest.verifyWelcomeScreen() throws java.lang.Exception, test_session_name=gojek.android.gojek.GojekWelcomeScreenVerificationTest-verifyWelcomeScreen, test_name=verifyWelcomeScreen, test_tags=, custom_metadata={}, test_id=/Users/sanjeevareddysj/IdeaProjects/LearAumatingApp/LearAumatingApp-0@0, test_location=src/test/java/gojek/android/gojek/GojekWelcomeScreenVerificationTest.java}
11:35:02.480 [changeAppLanguage@0] INFO  c.b.v2.module.WebdriverModule - onBeforeTest: event=com.browserstack.v2.eventBus.Event@355f0513
11:35:02.480 [changeAppLanguage@0] INFO  c.b.v2.module.WebdriverModule - onBeforeTest: event=com.browserstack.v2.eventBus.Event@355f0513
11:35:02.480 [changeAppLanguage@0] INFO  c.b.v2.module.TestHubModule - onBeforeTest: event={com.browserstack.v2.eventBus.Event@355f0513}
11:35:02.545 [changeAppLanguage@0] INFO  c.b.v2.module.TestHubModule - sendTestSessionEvent: event=com.browserstack.v2.eventBus.Event@355f0513, response=success: true

11:35:02.549 [changeAppLanguage@0] INFO  c.b.v2.module.TestHubModule - sendTestFrameworkEvent: event=com.browserstack.v2.eventBus.Event@355f0513, response=success: true

11:35:02.554 [changeAppLanguage@0] INFO  c.b.v2.module.ObservabilityModule - onBeforeTest: event={instance=com.browserstack.v2.instance.TestFrameworkInstance@26583d9, testFrameworkState=TestFrameworkState.TEST, testInstance=com.browserstack.v2.instance.TestFrameworkInstance@26583d9, autoInstance=[com.browserstack.v2.instance.AutomationFrameworkInstance@348299ff], hookState=HookState.PRE}
11:35:02.555 [changeAppLanguage@0] INFO  c.b.v2.module.ObservabilityModule - performTestReportingSync: Performing TEST REPORTING AND ANALYTICS Sync
11:35:02.595 [verifyWelcomeScreen@0] INFO  c.b.v2.module.WebdriverModule - beforeCommandExecute: event=com.browserstack.v2.eventBus.Event@2d84502e
11:35:02.595 [verifyWelcomeScreen@0] INFO  c.b.v2.module.WebdriverModule - beforeCommandExecute: event=com.browserstack.v2.eventBus.Event@2d84502e
11:35:02.596 [verifyWelcomeScreen@0] INFO  c.b.v2.module.WebdriverModule - beforeCommandExecute: event=com.browserstack.v2.eventBus.Event@74aad789
11:35:02.596 [verifyWelcomeScreen@0] INFO  c.b.v2.module.WebdriverModule - beforeCommandExecute: event=com.browserstack.v2.eventBus.Event@74aad789
11:35:02.636 [verifyWelcomeScreen@0] INFO  c.b.v2.module.WebdriverModule - afterCommandExecute: event=com.browserstack.v2.eventBus.Event@38b1358c
11:35:02.636 [verifyWelcomeScreen@0] INFO  c.b.v2.module.WebdriverModule - afterCommandExecute: event=com.browserstack.v2.eventBus.Event@38b1358c
11:35:02.636 [verifyWelcomeScreen@0] INFO  c.b.v2.module.ObservabilityModule - THREAD ID Inside Process= 41
11:35:02.636 [verifyWelcomeScreen@0] INFO  c.b.v2.module.ObservabilityModule - Processing TestLevel attachments from directory: /Users/sanjeevareddysj/.browserstack/UploadedAttachments-41/TestLevel
11:35:02.636 [verifyWelcomeScreen@0] INFO  c.b.v2.module.ObservabilityModule - Processing BuildLevel attachments from directory: /Users/sanjeevareddysj/.browserstack/UploadedAttachments-41/BuildLevel
11:35:02.637 [verifyWelcomeScreen@0] INFO  c.b.v2.module.ObservabilityModule - Processing attachments eventLogs: []
11:35:02.637 [verifyWelcomeScreen@0] INFO  c.b.v2.module.ObservabilityModule - sendLogCreatedEvent: No Log Events to send
11:35:02.638 [verifyWelcomeScreen@0] INFO  c.b.v2.module.WebdriverModule - afterCommandExecute: event=com.browserstack.v2.eventBus.Event@272fa9f5
11:35:02.638 [verifyWelcomeScreen@0] INFO  c.b.v2.module.WebdriverModule - afterCommandExecute: event=com.browserstack.v2.eventBus.Event@272fa9f5
11:35:02.638 [verifyWelcomeScreen@0] INFO  c.b.v2.module.ObservabilityModule - THREAD ID Inside Process= 41
11:35:02.638 [verifyWelcomeScreen@0] INFO  c.b.v2.module.ObservabilityModule - Processing TestLevel attachments from directory: /Users/sanjeevareddysj/.browserstack/UploadedAttachments-41/TestLevel
11:35:02.638 [verifyWelcomeScreen@0] INFO  c.b.v2.module.ObservabilityModule - Processing BuildLevel attachments from directory: /Users/sanjeevareddysj/.browserstack/UploadedAttachments-41/BuildLevel
11:35:02.638 [verifyWelcomeScreen@0] INFO  c.b.v2.module.ObservabilityModule - Processing attachments eventLogs: []
11:35:02.638 [verifyWelcomeScreen@0] INFO  c.b.v2.module.ObservabilityModule - sendLogCreatedEvent: No Log Events to send
11:35:02.639 [verifyWelcomeScreen@0] INFO  c.b.v2.module.WebdriverModule - beforeCommandExecute: event=com.browserstack.v2.eventBus.Event@34377c6c
11:35:02.639 [verifyWelcomeScreen@0] INFO  c.b.v2.module.WebdriverModule - beforeCommandExecute: event=com.browserstack.v2.eventBus.Event@34377c6c
11:35:02.757 [verifyWelcomeScreen@0] INFO  c.b.v2.module.WebdriverModule - afterCommandExecute: event=com.browserstack.v2.eventBus.Event@726324e9
11:35:02.757 [verifyWelcomeScreen@0] INFO  c.b.v2.module.WebdriverModule - afterCommandExecute: event=com.browserstack.v2.eventBus.Event@726324e9
11:35:02.757 [verifyWelcomeScreen@0] INFO  c.b.v2.module.ObservabilityModule - THREAD ID Inside Process= 41
11:35:02.758 [verifyWelcomeScreen@0] INFO  c.b.v2.module.ObservabilityModule - Processing TestLevel attachments from directory: /Users/sanjeevareddysj/.browserstack/UploadedAttachments-41/TestLevel
11:35:02.758 [verifyWelcomeScreen@0] INFO  c.b.v2.module.ObservabilityModule - Processing BuildLevel attachments from directory: /Users/sanjeevareddysj/.browserstack/UploadedAttachments-41/BuildLevel
11:35:02.758 [verifyWelcomeScreen@0] INFO  c.b.v2.module.ObservabilityModule - Processing attachments eventLogs: []
11:35:02.758 [verifyWelcomeScreen@0] INFO  c.b.v2.module.ObservabilityModule - sendLogCreatedEvent: No Log Events to send
11:35:02.760 [verifyWelcomeScreen@0] INFO  c.b.v2.module.WebdriverModule - beforeCommandExecute: event=com.browserstack.v2.eventBus.Event@210fc569
11:35:02.760 [verifyWelcomeScreen@0] INFO  c.b.v2.module.WebdriverModule - beforeCommandExecute: event=com.browserstack.v2.eventBus.Event@210fc569
11:35:02.835 [verifyWelcomeScreen@0] INFO  c.b.v2.module.WebdriverModule - afterCommandExecute: event=com.browserstack.v2.eventBus.Event@1d51023
11:35:02.835 [verifyWelcomeScreen@0] INFO  c.b.v2.module.WebdriverModule - afterCommandExecute: event=com.browserstack.v2.eventBus.Event@1d51023
11:35:02.835 [verifyWelcomeScreen@0] INFO  c.b.v2.module.ObservabilityModule - THREAD ID Inside Process= 41
11:35:02.835 [verifyWelcomeScreen@0] INFO  c.b.v2.module.ObservabilityModule - Processing TestLevel attachments from directory: /Users/sanjeevareddysj/.browserstack/UploadedAttachments-41/TestLevel
11:35:02.835 [verifyWelcomeScreen@0] INFO  c.b.v2.module.ObservabilityModule - Processing BuildLevel attachments from directory: /Users/sanjeevareddysj/.browserstack/UploadedAttachments-41/BuildLevel
11:35:02.835 [verifyWelcomeScreen@0] INFO  c.b.v2.module.ObservabilityModule - Processing attachments eventLogs: []
11:35:02.836 [verifyWelcomeScreen@0] INFO  c.b.v2.module.ObservabilityModule - sendLogCreatedEvent: No Log Events to send
11:35:02.838 [verifyWelcomeScreen@0] INFO  c.b.v2.module.WebdriverModule - beforeCommandExecute: event=com.browserstack.v2.eventBus.Event@277664ad
11:35:02.838 [verifyWelcomeScreen@0] INFO  c.b.v2.module.WebdriverModule - beforeCommandExecute: event=com.browserstack.v2.eventBus.Event@277664ad
11:35:02.838 [verifyWelcomeScreen@0] INFO  c.b.v2.module.WebdriverModule - beforeCommandExecute: event=com.browserstack.v2.eventBus.Event@1cf31617
11:35:02.838 [verifyWelcomeScreen@0] INFO  c.b.v2.module.WebdriverModule - beforeCommandExecute: event=com.browserstack.v2.eventBus.Event@1cf31617
11:35:02.890 [verifyWelcomeScreen@0] INFO  c.b.v2.module.WebdriverModule - afterCommandExecute: event=com.browserstack.v2.eventBus.Event@498243f6
11:35:02.890 [verifyWelcomeScreen@0] INFO  c.b.v2.module.WebdriverModule - afterCommandExecute: event=com.browserstack.v2.eventBus.Event@498243f6
11:35:02.890 [verifyWelcomeScreen@0] INFO  c.b.v2.module.ObservabilityModule - THREAD ID Inside Process= 41
11:35:02.890 [verifyWelcomeScreen@0] INFO  c.b.v2.module.ObservabilityModule - Processing TestLevel attachments from directory: /Users/sanjeevareddysj/.browserstack/UploadedAttachments-41/TestLevel
11:35:02.890 [verifyWelcomeScreen@0] INFO  c.b.v2.module.ObservabilityModule - Processing BuildLevel attachments from directory: /Users/sanjeevareddysj/.browserstack/UploadedAttachments-41/BuildLevel
11:35:02.890 [verifyWelcomeScreen@0] INFO  c.b.v2.module.ObservabilityModule - Processing attachments eventLogs: []
11:35:02.890 [verifyWelcomeScreen@0] INFO  c.b.v2.module.ObservabilityModule - sendLogCreatedEvent: No Log Events to send
11:35:02.892 [verifyWelcomeScreen@0] INFO  c.b.v2.module.WebdriverModule - afterCommandExecute: event=com.browserstack.v2.eventBus.Event@ad3d6e3
11:35:02.892 [verifyWelcomeScreen@0] INFO  c.b.v2.module.WebdriverModule - afterCommandExecute: event=com.browserstack.v2.eventBus.Event@ad3d6e3
11:35:02.892 [verifyWelcomeScreen@0] INFO  c.b.v2.module.ObservabilityModule - THREAD ID Inside Process= 41
11:35:02.892 [verifyWelcomeScreen@0] INFO  c.b.v2.module.ObservabilityModule - Processing TestLevel attachments from directory: /Users/sanjeevareddysj/.browserstack/UploadedAttachments-41/TestLevel
11:35:02.892 [verifyWelcomeScreen@0] INFO  c.b.v2.module.ObservabilityModule - Processing BuildLevel attachments from directory: /Users/sanjeevareddysj/.browserstack/UploadedAttachments-41/BuildLevel
11:35:02.892 [verifyWelcomeScreen@0] INFO  c.b.v2.module.ObservabilityModule - Processing attachments eventLogs: []
11:35:02.892 [verifyWelcomeScreen@0] INFO  c.b.v2.module.ObservabilityModule - sendLogCreatedEvent: No Log Events to send
11:35:02.894 [verifyWelcomeScreen@0] INFO  c.b.v2.module.WebdriverModule - beforeCommandExecute: event=com.browserstack.v2.eventBus.Event@555245c7
11:35:02.894 [verifyWelcomeScreen@0] INFO  c.b.v2.module.WebdriverModule - beforeCommandExecute: event=com.browserstack.v2.eventBus.Event@555245c7
11:35:02.968 [verifyWelcomeScreen@0] INFO  c.b.v2.module.WebdriverModule - afterCommandExecute: event=com.browserstack.v2.eventBus.Event@10290ba9
11:35:02.968 [verifyWelcomeScreen@0] INFO  c.b.v2.module.WebdriverModule - afterCommandExecute: event=com.browserstack.v2.eventBus.Event@10290ba9
11:35:02.968 [verifyWelcomeScreen@0] INFO  c.b.v2.module.ObservabilityModule - THREAD ID Inside Process= 41
11:35:02.968 [verifyWelcomeScreen@0] INFO  c.b.v2.module.ObservabilityModule - Processing TestLevel attachments from directory: /Users/sanjeevareddysj/.browserstack/UploadedAttachments-41/TestLevel
11:35:02.968 [verifyWelcomeScreen@0] INFO  c.b.v2.module.ObservabilityModule - Processing BuildLevel attachments from directory: /Users/sanjeevareddysj/.browserstack/UploadedAttachments-41/BuildLevel
11:35:02.968 [verifyWelcomeScreen@0] INFO  c.b.v2.module.ObservabilityModule - Processing attachments eventLogs: []
11:35:02.968 [verifyWelcomeScreen@0] INFO  c.b.v2.module.ObservabilityModule - sendLogCreatedEvent: No Log Events to send
11:35:03.190 [verifyWelcomeScreen@0] INFO  c.b.v2.module.WebdriverModule - beforeCommandExecute: event=com.browserstack.v2.eventBus.Event@6e7d518e
11:35:03.190 [verifyWelcomeScreen@0] INFO  c.b.v2.module.WebdriverModule - beforeCommandExecute: event=com.browserstack.v2.eventBus.Event@6e7d518e
11:35:03.190 [verifyWelcomeScreen@0] INFO  c.b.v2.module.WebdriverModule - beforeCommandExecute: event=com.browserstack.v2.eventBus.Event@78e7af7e
11:35:03.190 [verifyWelcomeScreen@0] INFO  c.b.v2.module.WebdriverModule - beforeCommandExecute: event=com.browserstack.v2.eventBus.Event@78e7af7e
11:35:03.250 [verifyWelcomeScreen@0] INFO  c.b.v2.module.WebdriverModule - afterCommandExecute: event=com.browserstack.v2.eventBus.Event@4bc34308
11:35:03.250 [verifyWelcomeScreen@0] INFO  c.b.v2.module.WebdriverModule - afterCommandExecute: event=com.browserstack.v2.eventBus.Event@4bc34308
11:35:03.250 [verifyWelcomeScreen@0] INFO  c.b.v2.module.ObservabilityModule - THREAD ID Inside Process= 41
11:35:03.251 [verifyWelcomeScreen@0] INFO  c.b.v2.module.ObservabilityModule - Processing TestLevel attachments from directory: /Users/sanjeevareddysj/.browserstack/UploadedAttachments-41/TestLevel
11:35:03.251 [verifyWelcomeScreen@0] INFO  c.b.v2.module.ObservabilityModule - Processing BuildLevel attachments from directory: /Users/sanjeevareddysj/.browserstack/UploadedAttachments-41/BuildLevel
11:35:03.254 [verifyWelcomeScreen@0] INFO  c.b.v2.module.ObservabilityModule - Processing attachments eventLogs: []
11:35:03.254 [verifyWelcomeScreen@0] INFO  c.b.v2.module.ObservabilityModule - sendLogCreatedEvent: No Log Events to send
11:35:03.259 [verifyWelcomeScreen@0] INFO  c.b.v2.module.WebdriverModule - afterCommandExecute: event=com.browserstack.v2.eventBus.Event@1af7426a
11:35:03.259 [verifyWelcomeScreen@0] INFO  c.b.v2.module.WebdriverModule - afterCommandExecute: event=com.browserstack.v2.eventBus.Event@1af7426a
11:35:03.259 [verifyWelcomeScreen@0] INFO  c.b.v2.module.ObservabilityModule - THREAD ID Inside Process= 41
11:35:03.259 [verifyWelcomeScreen@0] INFO  c.b.v2.module.ObservabilityModule - Processing TestLevel attachments from directory: /Users/sanjeevareddysj/.browserstack/UploadedAttachments-41/TestLevel
11:35:03.259 [verifyWelcomeScreen@0] INFO  c.b.v2.module.ObservabilityModule - Processing BuildLevel attachments from directory: /Users/sanjeevareddysj/.browserstack/UploadedAttachments-41/BuildLevel
11:35:03.259 [verifyWelcomeScreen@0] INFO  c.b.v2.module.ObservabilityModule - Processing attachments eventLogs: []
11:35:03.259 [verifyWelcomeScreen@0] INFO  c.b.v2.module.ObservabilityModule - sendLogCreatedEvent: No Log Events to send
11:35:03.263 [verifyWelcomeScreen@0] INFO  c.b.v2.module.WebdriverModule - beforeCommandExecute: event=com.browserstack.v2.eventBus.Event@e2451fb
11:35:03.263 [verifyWelcomeScreen@0] INFO  c.b.v2.module.WebdriverModule - beforeCommandExecute: event=com.browserstack.v2.eventBus.Event@e2451fb
11:35:03.354 [verifyWelcomeScreen@0] INFO  c.b.v2.module.WebdriverModule - afterCommandExecute: event=com.browserstack.v2.eventBus.Event@118748bf
11:35:03.354 [verifyWelcomeScreen@0] INFO  c.b.v2.module.WebdriverModule - afterCommandExecute: event=com.browserstack.v2.eventBus.Event@118748bf
11:35:03.354 [verifyWelcomeScreen@0] INFO  c.b.v2.module.ObservabilityModule - THREAD ID Inside Process= 41
11:35:03.354 [verifyWelcomeScreen@0] INFO  c.b.v2.module.ObservabilityModule - Processing TestLevel attachments from directory: /Users/sanjeevareddysj/.browserstack/UploadedAttachments-41/TestLevel
11:35:03.354 [verifyWelcomeScreen@0] INFO  c.b.v2.module.ObservabilityModule - Processing BuildLevel attachments from directory: /Users/sanjeevareddysj/.browserstack/UploadedAttachments-41/BuildLevel
11:35:03.354 [verifyWelcomeScreen@0] INFO  c.b.v2.module.ObservabilityModule - Processing attachments eventLogs: []
11:35:03.354 [verifyWelcomeScreen@0] INFO  c.b.v2.module.ObservabilityModule - sendLogCreatedEvent: No Log Events to send
11:35:03.360 [verifyWelcomeScreen@0] INFO  c.b.v2.module.WebdriverModule - beforeCommandExecute: event=com.browserstack.v2.eventBus.Event@1731816f
11:35:03.360 [verifyWelcomeScreen@0] INFO  c.b.v2.module.WebdriverModule - beforeCommandExecute: event=com.browserstack.v2.eventBus.Event@1731816f
11:35:03.428 [verifyWelcomeScreen@0] INFO  c.b.v2.module.WebdriverModule - afterCommandExecute: event=com.browserstack.v2.eventBus.Event@6d76f8f1
11:35:03.428 [verifyWelcomeScreen@0] INFO  c.b.v2.module.WebdriverModule - afterCommandExecute: event=com.browserstack.v2.eventBus.Event@6d76f8f1
11:35:03.428 [verifyWelcomeScreen@0] INFO  c.b.v2.module.ObservabilityModule - THREAD ID Inside Process= 41
11:35:03.428 [verifyWelcomeScreen@0] INFO  c.b.v2.module.ObservabilityModule - Processing TestLevel attachments from directory: /Users/sanjeevareddysj/.browserstack/UploadedAttachments-41/TestLevel
11:35:03.428 [verifyWelcomeScreen@0] INFO  c.b.v2.module.ObservabilityModule - Processing BuildLevel attachments from directory: /Users/sanjeevareddysj/.browserstack/UploadedAttachments-41/BuildLevel
11:35:03.428 [verifyWelcomeScreen@0] INFO  c.b.v2.module.ObservabilityModule - Processing attachments eventLogs: []
11:35:03.428 [verifyWelcomeScreen@0] INFO  c.b.v2.module.ObservabilityModule - sendLogCreatedEvent: No Log Events to send
11:35:03.430 [verifyWelcomeScreen@0] INFO  c.b.v2.framework.TestNgFramework - trackEvent: found instance, testFrameworkState=TestFrameworkState.LOG hookState=HookState.PRE instance=1741108805
11:35:03.430 [verifyWelcomeScreen@0] INFO  c.b.v2.framework.TestNgFramework - trackEvent: load log entries
11:35:03.433 [verifyWelcomeScreen@0] INFO  c.b.v2.module.TestHubModule - sendLogCreatedEvent: event=com.browserstack.v2.eventBus.Event@3ffe3d66, response=success: true

11:35:03.433 [verifyWelcomeScreen@0] INFO  c.b.v2.module.TestHubModule - sendLogCreatedEvent: event=com.browserstack.v2.eventBus.Event@3ffe3d66
11:35:03.434 [verifyWelcomeScreen@0] INFO  c.b.v2.module.WebdriverModule - beforeCommandExecute: event=com.browserstack.v2.eventBus.Event@5a6a48f3
11:35:03.434 [verifyWelcomeScreen@0] INFO  c.b.v2.module.WebdriverModule - beforeCommandExecute: event=com.browserstack.v2.eventBus.Event@5a6a48f3
11:35:03.434 [verifyWelcomeScreen@0] INFO  c.b.v2.module.WebdriverModule - beforeCommandExecute: event=com.browserstack.v2.eventBus.Event@10b71cb3
11:35:03.434 [verifyWelcomeScreen@0] INFO  c.b.v2.module.WebdriverModule - beforeCommandExecute: event=com.browserstack.v2.eventBus.Event@10b71cb3
11:35:03.484 [verifyWelcomeScreen@0] INFO  c.b.v2.module.WebdriverModule - afterCommandExecute: event=com.browserstack.v2.eventBus.Event@5eec06ce
11:35:03.484 [verifyWelcomeScreen@0] INFO  c.b.v2.module.WebdriverModule - afterCommandExecute: event=com.browserstack.v2.eventBus.Event@5eec06ce
11:35:03.484 [verifyWelcomeScreen@0] INFO  c.b.v2.module.ObservabilityModule - THREAD ID Inside Process= 41
11:35:03.484 [verifyWelcomeScreen@0] INFO  c.b.v2.module.ObservabilityModule - Processing TestLevel attachments from directory: /Users/sanjeevareddysj/.browserstack/UploadedAttachments-41/TestLevel
11:35:03.484 [verifyWelcomeScreen@0] INFO  c.b.v2.module.ObservabilityModule - Processing BuildLevel attachments from directory: /Users/sanjeevareddysj/.browserstack/UploadedAttachments-41/BuildLevel
11:35:03.484 [verifyWelcomeScreen@0] INFO  c.b.v2.module.ObservabilityModule - Processing attachments eventLogs: []
11:35:03.484 [verifyWelcomeScreen@0] INFO  c.b.v2.module.ObservabilityModule - sendLogCreatedEvent: No Log Events to send
11:35:03.485 [verifyWelcomeScreen@0] INFO  c.b.v2.module.WebdriverModule - afterCommandExecute: event=com.browserstack.v2.eventBus.Event@5fe7a5ee
11:35:03.485 [verifyWelcomeScreen@0] INFO  c.b.v2.module.WebdriverModule - afterCommandExecute: event=com.browserstack.v2.eventBus.Event@5fe7a5ee
11:35:03.485 [verifyWelcomeScreen@0] INFO  c.b.v2.module.ObservabilityModule - THREAD ID Inside Process= 41
11:35:03.485 [verifyWelcomeScreen@0] INFO  c.b.v2.module.ObservabilityModule - Processing TestLevel attachments from directory: /Users/sanjeevareddysj/.browserstack/UploadedAttachments-41/TestLevel
11:35:03.485 [verifyWelcomeScreen@0] INFO  c.b.v2.module.ObservabilityModule - Processing BuildLevel attachments from directory: /Users/sanjeevareddysj/.browserstack/UploadedAttachments-41/BuildLevel
11:35:03.486 [verifyWelcomeScreen@0] INFO  c.b.v2.module.ObservabilityModule - Processing attachments eventLogs: []
11:35:03.486 [verifyWelcomeScreen@0] INFO  c.b.v2.module.ObservabilityModule - sendLogCreatedEvent: No Log Events to send
11:35:03.487 [verifyWelcomeScreen@0] INFO  c.b.v2.module.WebdriverModule - beforeCommandExecute: event=com.browserstack.v2.eventBus.Event@49f9ca7e
11:35:03.487 [verifyWelcomeScreen@0] INFO  c.b.v2.module.WebdriverModule - beforeCommandExecute: event=com.browserstack.v2.eventBus.Event@49f9ca7e
11:35:03.568 [verifyWelcomeScreen@0] INFO  c.b.v2.module.WebdriverModule - afterCommandExecute: event=com.browserstack.v2.eventBus.Event@26673acb
11:35:03.568 [verifyWelcomeScreen@0] INFO  c.b.v2.module.WebdriverModule - afterCommandExecute: event=com.browserstack.v2.eventBus.Event@26673acb
11:35:03.568 [verifyWelcomeScreen@0] INFO  c.b.v2.module.ObservabilityModule - THREAD ID Inside Process= 41
11:35:03.568 [verifyWelcomeScreen@0] INFO  c.b.v2.module.ObservabilityModule - Processing TestLevel attachments from directory: /Users/sanjeevareddysj/.browserstack/UploadedAttachments-41/TestLevel
11:35:03.568 [verifyWelcomeScreen@0] INFO  c.b.v2.module.ObservabilityModule - Processing BuildLevel attachments from directory: /Users/sanjeevareddysj/.browserstack/UploadedAttachments-41/BuildLevel
11:35:03.568 [verifyWelcomeScreen@0] INFO  c.b.v2.module.ObservabilityModule - Processing attachments eventLogs: []
11:35:03.568 [verifyWelcomeScreen@0] INFO  c.b.v2.module.ObservabilityModule - sendLogCreatedEvent: No Log Events to send
11:35:03.570 [verifyWelcomeScreen@0] INFO  c.b.v2.module.WebdriverModule - beforeCommandExecute: event=com.browserstack.v2.eventBus.Event@4bee8aad
11:35:03.570 [verifyWelcomeScreen@0] INFO  c.b.v2.module.WebdriverModule - beforeCommandExecute: event=com.browserstack.v2.eventBus.Event@4bee8aad
11:35:03.630 [verifyWelcomeScreen@0] INFO  c.b.v2.module.WebdriverModule - afterCommandExecute: event=com.browserstack.v2.eventBus.Event@12827dd9
11:35:03.630 [verifyWelcomeScreen@0] INFO  c.b.v2.module.WebdriverModule - afterCommandExecute: event=com.browserstack.v2.eventBus.Event@12827dd9
11:35:03.630 [verifyWelcomeScreen@0] INFO  c.b.v2.module.ObservabilityModule - THREAD ID Inside Process= 41
11:35:03.630 [verifyWelcomeScreen@0] INFO  c.b.v2.module.ObservabilityModule - Processing TestLevel attachments from directory: /Users/sanjeevareddysj/.browserstack/UploadedAttachments-41/TestLevel
11:35:03.630 [verifyWelcomeScreen@0] INFO  c.b.v2.module.ObservabilityModule - Processing BuildLevel attachments from directory: /Users/sanjeevareddysj/.browserstack/UploadedAttachments-41/BuildLevel
11:35:03.630 [verifyWelcomeScreen@0] INFO  c.b.v2.module.ObservabilityModule - Processing attachments eventLogs: []
11:35:03.630 [verifyWelcomeScreen@0] INFO  c.b.v2.module.ObservabilityModule - sendLogCreatedEvent: No Log Events to send
11:35:03.632 [verifyWelcomeScreen@0] INFO  c.b.v2.framework.TestNgFramework - trackEvent: found instance, testFrameworkState=TestFrameworkState.LOG hookState=HookState.PRE instance=1741108805
11:35:03.632 [verifyWelcomeScreen@0] INFO  c.b.v2.framework.TestNgFramework - trackEvent: load log entries
11:35:03.637 [verifyWelcomeScreen@0] INFO  c.b.v2.module.TestHubModule - sendLogCreatedEvent: event=com.browserstack.v2.eventBus.Event@e73e0ba, response=success: true

11:35:03.637 [verifyWelcomeScreen@0] INFO  c.b.v2.module.TestHubModule - sendLogCreatedEvent: event=com.browserstack.v2.eventBus.Event@e73e0ba
11:35:07.650 [verifyWelcomeScreen@0] INFO  c.b.v2.module.WebdriverModule - beforeCommandExecute: event=com.browserstack.v2.eventBus.Event@5141274
11:35:07.654 [verifyWelcomeScreen@0] INFO  c.b.v2.module.WebdriverModule - beforeCommandExecute: event=com.browserstack.v2.eventBus.Event@5141274
11:35:07.655 [verifyWelcomeScreen@0] INFO  c.b.v2.module.WebdriverModule - beforeCommandExecute: event=com.browserstack.v2.eventBus.Event@7b355d73
11:35:07.655 [verifyWelcomeScreen@0] INFO  c.b.v2.module.WebdriverModule - beforeCommandExecute: event=com.browserstack.v2.eventBus.Event@7b355d73
11:35:07.707 [verifyWelcomeScreen@0] INFO  c.b.v2.module.WebdriverModule - afterCommandExecute: event=com.browserstack.v2.eventBus.Event@6ad2049f
11:35:07.707 [verifyWelcomeScreen@0] INFO  c.b.v2.module.WebdriverModule - afterCommandExecute: event=com.browserstack.v2.eventBus.Event@6ad2049f
11:35:07.707 [verifyWelcomeScreen@0] INFO  c.b.v2.module.ObservabilityModule - THREAD ID Inside Process= 41
11:35:07.708 [verifyWelcomeScreen@0] INFO  c.b.v2.module.ObservabilityModule - Processing TestLevel attachments from directory: /Users/sanjeevareddysj/.browserstack/UploadedAttachments-41/TestLevel
11:35:07.708 [verifyWelcomeScreen@0] INFO  c.b.v2.module.ObservabilityModule - Processing BuildLevel attachments from directory: /Users/sanjeevareddysj/.browserstack/UploadedAttachments-41/BuildLevel
11:35:07.708 [verifyWelcomeScreen@0] INFO  c.b.v2.module.ObservabilityModule - Processing attachments eventLogs: []
11:35:07.708 [verifyWelcomeScreen@0] INFO  c.b.v2.module.ObservabilityModule - sendLogCreatedEvent: No Log Events to send
11:35:07.714 [verifyWelcomeScreen@0] INFO  c.b.v2.module.WebdriverModule - afterCommandExecute: event=com.browserstack.v2.eventBus.Event@1df32aa1
11:35:07.714 [verifyWelcomeScreen@0] INFO  c.b.v2.module.WebdriverModule - afterCommandExecute: event=com.browserstack.v2.eventBus.Event@1df32aa1
11:35:07.714 [verifyWelcomeScreen@0] INFO  c.b.v2.module.ObservabilityModule - THREAD ID Inside Process= 41
11:35:07.714 [verifyWelcomeScreen@0] INFO  c.b.v2.module.ObservabilityModule - Processing TestLevel attachments from directory: /Users/sanjeevareddysj/.browserstack/UploadedAttachments-41/TestLevel
11:35:07.715 [verifyWelcomeScreen@0] INFO  c.b.v2.module.ObservabilityModule - Processing BuildLevel attachments from directory: /Users/sanjeevareddysj/.browserstack/UploadedAttachments-41/BuildLevel
11:35:07.715 [verifyWelcomeScreen@0] INFO  c.b.v2.module.ObservabilityModule - Processing attachments eventLogs: []
11:35:07.715 [verifyWelcomeScreen@0] INFO  c.b.v2.module.ObservabilityModule - sendLogCreatedEvent: No Log Events to send
11:35:07.719 [verifyWelcomeScreen@0] INFO  c.b.v2.module.WebdriverModule - beforeCommandExecute: event=com.browserstack.v2.eventBus.Event@36703145
11:35:07.719 [verifyWelcomeScreen@0] INFO  c.b.v2.module.WebdriverModule - beforeCommandExecute: event=com.browserstack.v2.eventBus.Event@36703145
11:35:07.806 [verifyWelcomeScreen@0] INFO  c.b.v2.module.WebdriverModule - afterCommandExecute: event=com.browserstack.v2.eventBus.Event@4cff1230
11:35:07.806 [verifyWelcomeScreen@0] INFO  c.b.v2.module.WebdriverModule - afterCommandExecute: event=com.browserstack.v2.eventBus.Event@4cff1230
11:35:07.807 [verifyWelcomeScreen@0] INFO  c.b.v2.module.ObservabilityModule - THREAD ID Inside Process= 41
11:35:07.807 [verifyWelcomeScreen@0] INFO  c.b.v2.module.ObservabilityModule - Processing TestLevel attachments from directory: /Users/sanjeevareddysj/.browserstack/UploadedAttachments-41/TestLevel
11:35:07.807 [verifyWelcomeScreen@0] INFO  c.b.v2.module.ObservabilityModule - Processing BuildLevel attachments from directory: /Users/sanjeevareddysj/.browserstack/UploadedAttachments-41/BuildLevel
11:35:07.807 [verifyWelcomeScreen@0] INFO  c.b.v2.module.ObservabilityModule - Processing attachments eventLogs: []
11:35:07.807 [verifyWelcomeScreen@0] INFO  c.b.v2.module.ObservabilityModule - sendLogCreatedEvent: No Log Events to send
11:35:07.994 [verifyWelcomeScreen@0] INFO  c.b.v2.module.WebdriverModule - beforeCommandExecute: event=com.browserstack.v2.eventBus.Event@4581a55c
11:35:07.994 [verifyWelcomeScreen@0] INFO  c.b.v2.module.WebdriverModule - beforeCommandExecute: event=com.browserstack.v2.eventBus.Event@4581a55c
11:35:07.994 [verifyWelcomeScreen@0] INFO  c.b.v2.module.WebdriverModule - beforeCommandExecute: event=com.browserstack.v2.eventBus.Event@2ddd1a5d
11:35:07.994 [verifyWelcomeScreen@0] INFO  c.b.v2.module.WebdriverModule - beforeCommandExecute: event=com.browserstack.v2.eventBus.Event@2ddd1a5d
11:35:08.059 [verifyWelcomeScreen@0] INFO  c.b.v2.module.WebdriverModule - afterCommandExecute: event=com.browserstack.v2.eventBus.Event@4940de86
11:35:08.059 [verifyWelcomeScreen@0] INFO  c.b.v2.module.WebdriverModule - afterCommandExecute: event=com.browserstack.v2.eventBus.Event@4940de86
11:35:08.059 [verifyWelcomeScreen@0] INFO  c.b.v2.module.ObservabilityModule - THREAD ID Inside Process= 41
11:35:08.059 [verifyWelcomeScreen@0] INFO  c.b.v2.module.ObservabilityModule - Processing TestLevel attachments from directory: /Users/sanjeevareddysj/.browserstack/UploadedAttachments-41/TestLevel
11:35:08.060 [verifyWelcomeScreen@0] INFO  c.b.v2.module.ObservabilityModule - Processing BuildLevel attachments from directory: /Users/sanjeevareddysj/.browserstack/UploadedAttachments-41/BuildLevel
11:35:08.060 [verifyWelcomeScreen@0] INFO  c.b.v2.module.ObservabilityModule - Processing attachments eventLogs: []
11:35:08.060 [verifyWelcomeScreen@0] INFO  c.b.v2.module.ObservabilityModule - sendLogCreatedEvent: No Log Events to send
11:35:08.064 [verifyWelcomeScreen@0] INFO  c.b.v2.module.WebdriverModule - afterCommandExecute: event=com.browserstack.v2.eventBus.Event@6261aace
11:35:08.064 [verifyWelcomeScreen@0] INFO  c.b.v2.module.WebdriverModule - afterCommandExecute: event=com.browserstack.v2.eventBus.Event@6261aace
11:35:08.064 [verifyWelcomeScreen@0] INFO  c.b.v2.module.ObservabilityModule - THREAD ID Inside Process= 41
11:35:08.064 [verifyWelcomeScreen@0] INFO  c.b.v2.module.ObservabilityModule - Processing TestLevel attachments from directory: /Users/sanjeevareddysj/.browserstack/UploadedAttachments-41/TestLevel
11:35:08.065 [verifyWelcomeScreen@0] INFO  c.b.v2.module.ObservabilityModule - Processing BuildLevel attachments from directory: /Users/sanjeevareddysj/.browserstack/UploadedAttachments-41/BuildLevel
11:35:08.065 [verifyWelcomeScreen@0] INFO  c.b.v2.module.ObservabilityModule - Processing attachments eventLogs: []
11:35:08.065 [verifyWelcomeScreen@0] INFO  c.b.v2.module.ObservabilityModule - sendLogCreatedEvent: No Log Events to send
11:35:08.068 [verifyWelcomeScreen@0] INFO  c.b.v2.module.WebdriverModule - beforeCommandExecute: event=com.browserstack.v2.eventBus.Event@68d015b0
11:35:08.068 [verifyWelcomeScreen@0] INFO  c.b.v2.module.WebdriverModule - beforeCommandExecute: event=com.browserstack.v2.eventBus.Event@68d015b0
11:35:08.162 [verifyWelcomeScreen@0] INFO  c.b.v2.module.WebdriverModule - afterCommandExecute: event=com.browserstack.v2.eventBus.Event@70940b80
11:35:08.162 [verifyWelcomeScreen@0] INFO  c.b.v2.module.WebdriverModule - afterCommandExecute: event=com.browserstack.v2.eventBus.Event@70940b80
11:35:08.163 [verifyWelcomeScreen@0] INFO  c.b.v2.module.ObservabilityModule - THREAD ID Inside Process= 41
11:35:08.163 [verifyWelcomeScreen@0] INFO  c.b.v2.module.ObservabilityModule - Processing TestLevel attachments from directory: /Users/sanjeevareddysj/.browserstack/UploadedAttachments-41/TestLevel
11:35:08.163 [verifyWelcomeScreen@0] INFO  c.b.v2.module.ObservabilityModule - Processing BuildLevel attachments from directory: /Users/sanjeevareddysj/.browserstack/UploadedAttachments-41/BuildLevel
11:35:08.163 [verifyWelcomeScreen@0] INFO  c.b.v2.module.ObservabilityModule - Processing attachments eventLogs: []
11:35:08.163 [verifyWelcomeScreen@0] INFO  c.b.v2.module.ObservabilityModule - sendLogCreatedEvent: No Log Events to send
11:35:08.167 [verifyWelcomeScreen@0] INFO  c.b.v2.module.WebdriverModule - beforeCommandExecute: event=com.browserstack.v2.eventBus.Event@68e207c
11:35:08.167 [verifyWelcomeScreen@0] INFO  c.b.v2.module.WebdriverModule - beforeCommandExecute: event=com.browserstack.v2.eventBus.Event@68e207c
11:35:08.222 [verifyWelcomeScreen@0] INFO  c.b.v2.module.WebdriverModule - afterCommandExecute: event=com.browserstack.v2.eventBus.Event@fcfd095
11:35:08.222 [verifyWelcomeScreen@0] INFO  c.b.v2.module.WebdriverModule - afterCommandExecute: event=com.browserstack.v2.eventBus.Event@fcfd095
11:35:08.222 [verifyWelcomeScreen@0] INFO  c.b.v2.module.ObservabilityModule - THREAD ID Inside Process= 41
11:35:08.222 [verifyWelcomeScreen@0] INFO  c.b.v2.module.ObservabilityModule - Processing TestLevel attachments from directory: /Users/sanjeevareddysj/.browserstack/UploadedAttachments-41/TestLevel
11:35:08.222 [verifyWelcomeScreen@0] INFO  c.b.v2.module.ObservabilityModule - Processing BuildLevel attachments from directory: /Users/sanjeevareddysj/.browserstack/UploadedAttachments-41/BuildLevel
11:35:08.222 [verifyWelcomeScreen@0] INFO  c.b.v2.module.ObservabilityModule - Processing attachments eventLogs: []
11:35:08.222 [verifyWelcomeScreen@0] INFO  c.b.v2.module.ObservabilityModule - sendLogCreatedEvent: No Log Events to send
11:35:08.224 [verifyWelcomeScreen@0] INFO  c.b.v2.framework.TestNgFramework - trackEvent: found instance, testFrameworkState=TestFrameworkState.LOG hookState=HookState.PRE instance=1741108805
11:35:08.224 [verifyWelcomeScreen@0] INFO  c.b.v2.framework.TestNgFramework - trackEvent: load log entries
11:35:08.234 [verifyWelcomeScreen@0] INFO  c.b.v2.module.TestHubModule - sendLogCreatedEvent: event=com.browserstack.v2.eventBus.Event@4324c2fb, response=success: true

11:35:08.234 [verifyWelcomeScreen@0] INFO  c.b.v2.module.TestHubModule - sendLogCreatedEvent: event=com.browserstack.v2.eventBus.Event@4324c2fb
11:35:08.237 [verifyWelcomeScreen@0] INFO  c.b.v2.module.WebdriverModule - beforeCommandExecute: event=com.browserstack.v2.eventBus.Event@4495581d
11:35:08.237 [verifyWelcomeScreen@0] INFO  c.b.v2.module.WebdriverModule - beforeCommandExecute: event=com.browserstack.v2.eventBus.Event@4495581d
11:35:08.237 [verifyWelcomeScreen@0] INFO  c.b.v2.module.WebdriverModule - beforeCommandExecute: event=com.browserstack.v2.eventBus.Event@1f4bb85
11:35:08.237 [verifyWelcomeScreen@0] INFO  c.b.v2.module.WebdriverModule - beforeCommandExecute: event=com.browserstack.v2.eventBus.Event@1f4bb85
11:35:08.293 [verifyWelcomeScreen@0] INFO  c.b.v2.module.WebdriverModule - afterCommandExecute: event=com.browserstack.v2.eventBus.Event@64a2925a
11:35:08.293 [verifyWelcomeScreen@0] INFO  c.b.v2.module.WebdriverModule - afterCommandExecute: event=com.browserstack.v2.eventBus.Event@64a2925a
11:35:08.293 [verifyWelcomeScreen@0] INFO  c.b.v2.module.ObservabilityModule - THREAD ID Inside Process= 41
11:35:08.293 [verifyWelcomeScreen@0] INFO  c.b.v2.module.ObservabilityModule - Processing TestLevel attachments from directory: /Users/sanjeevareddysj/.browserstack/UploadedAttachments-41/TestLevel
11:35:08.293 [verifyWelcomeScreen@0] INFO  c.b.v2.module.ObservabilityModule - Processing BuildLevel attachments from directory: /Users/sanjeevareddysj/.browserstack/UploadedAttachments-41/BuildLevel
11:35:08.293 [verifyWelcomeScreen@0] INFO  c.b.v2.module.ObservabilityModule - Processing attachments eventLogs: []
11:35:08.293 [verifyWelcomeScreen@0] INFO  c.b.v2.module.ObservabilityModule - sendLogCreatedEvent: No Log Events to send
11:35:08.295 [verifyWelcomeScreen@0] INFO  c.b.v2.module.WebdriverModule - afterCommandExecute: event=com.browserstack.v2.eventBus.Event@33a141b2
11:35:08.295 [verifyWelcomeScreen@0] INFO  c.b.v2.module.WebdriverModule - afterCommandExecute: event=com.browserstack.v2.eventBus.Event@33a141b2
11:35:08.295 [verifyWelcomeScreen@0] INFO  c.b.v2.module.ObservabilityModule - THREAD ID Inside Process= 41
11:35:08.295 [verifyWelcomeScreen@0] INFO  c.b.v2.module.ObservabilityModule - Processing TestLevel attachments from directory: /Users/sanjeevareddysj/.browserstack/UploadedAttachments-41/TestLevel
11:35:08.295 [verifyWelcomeScreen@0] INFO  c.b.v2.module.ObservabilityModule - Processing BuildLevel attachments from directory: /Users/sanjeevareddysj/.browserstack/UploadedAttachments-41/BuildLevel
11:35:08.295 [verifyWelcomeScreen@0] INFO  c.b.v2.module.ObservabilityModule - Processing attachments eventLogs: []
11:35:08.295 [verifyWelcomeScreen@0] INFO  c.b.v2.module.ObservabilityModule - sendLogCreatedEvent: No Log Events to send
11:35:08.297 [verifyWelcomeScreen@0] INFO  c.b.v2.module.WebdriverModule - beforeCommandExecute: event=com.browserstack.v2.eventBus.Event@676d9c2d
11:35:08.297 [verifyWelcomeScreen@0] INFO  c.b.v2.module.WebdriverModule - beforeCommandExecute: event=com.browserstack.v2.eventBus.Event@676d9c2d
11:35:08.373 [verifyWelcomeScreen@0] INFO  c.b.v2.module.WebdriverModule - afterCommandExecute: event=com.browserstack.v2.eventBus.Event@36f3743d
11:35:08.373 [verifyWelcomeScreen@0] INFO  c.b.v2.module.WebdriverModule - afterCommandExecute: event=com.browserstack.v2.eventBus.Event@36f3743d
11:35:08.373 [verifyWelcomeScreen@0] INFO  c.b.v2.module.ObservabilityModule - THREAD ID Inside Process= 41
11:35:08.373 [verifyWelcomeScreen@0] INFO  c.b.v2.module.ObservabilityModule - Processing TestLevel attachments from directory: /Users/sanjeevareddysj/.browserstack/UploadedAttachments-41/TestLevel
11:35:08.373 [verifyWelcomeScreen@0] INFO  c.b.v2.module.ObservabilityModule - Processing BuildLevel attachments from directory: /Users/sanjeevareddysj/.browserstack/UploadedAttachments-41/BuildLevel
11:35:08.373 [verifyWelcomeScreen@0] INFO  c.b.v2.module.ObservabilityModule - Processing attachments eventLogs: []
11:35:08.373 [verifyWelcomeScreen@0] INFO  c.b.v2.module.ObservabilityModule - sendLogCreatedEvent: No Log Events to send
11:35:08.375 [verifyWelcomeScreen@0] INFO  c.b.v2.module.WebdriverModule - beforeCommandExecute: event=com.browserstack.v2.eventBus.Event@5a598c41
11:35:08.375 [verifyWelcomeScreen@0] INFO  c.b.v2.module.WebdriverModule - beforeCommandExecute: event=com.browserstack.v2.eventBus.Event@5a598c41
11:35:08.430 [verifyWelcomeScreen@0] INFO  c.b.v2.module.WebdriverModule - afterCommandExecute: event=com.browserstack.v2.eventBus.Event@ab581c6
11:35:08.430 [verifyWelcomeScreen@0] INFO  c.b.v2.module.WebdriverModule - afterCommandExecute: event=com.browserstack.v2.eventBus.Event@ab581c6
11:35:08.430 [verifyWelcomeScreen@0] INFO  c.b.v2.module.ObservabilityModule - THREAD ID Inside Process= 41
11:35:08.430 [verifyWelcomeScreen@0] INFO  c.b.v2.module.ObservabilityModule - Processing TestLevel attachments from directory: /Users/sanjeevareddysj/.browserstack/UploadedAttachments-41/TestLevel
11:35:08.430 [verifyWelcomeScreen@0] INFO  c.b.v2.module.ObservabilityModule - Processing BuildLevel attachments from directory: /Users/sanjeevareddysj/.browserstack/UploadedAttachments-41/BuildLevel
11:35:08.430 [verifyWelcomeScreen@0] INFO  c.b.v2.module.ObservabilityModule - Processing attachments eventLogs: []
11:35:08.430 [verifyWelcomeScreen@0] INFO  c.b.v2.module.ObservabilityModule - sendLogCreatedEvent: No Log Events to send
11:35:08.436 [verifyWelcomeScreen@0] INFO  c.b.v2.framework.TestNgFramework - trackEvent: found instance, testFrameworkState=TestFrameworkState.LOG hookState=HookState.PRE instance=1741108805
11:35:08.436 [verifyWelcomeScreen@0] INFO  c.b.v2.framework.TestNgFramework - trackEvent: load log entries
11:35:08.441 [verifyWelcomeScreen@0] INFO  c.b.v2.module.TestHubModule - sendLogCreatedEvent: event=com.browserstack.v2.eventBus.Event@5d677f79, response=success: true

11:35:08.442 [verifyWelcomeScreen@0] INFO  c.b.v2.module.TestHubModule - sendLogCreatedEvent: event=com.browserstack.v2.eventBus.Event@5d677f79
11:35:12.450 [verifyWelcomeScreen@0] INFO  c.b.v2.module.WebdriverModule - beforeCommandExecute: event=com.browserstack.v2.eventBus.Event@7b6da381
11:35:12.450 [verifyWelcomeScreen@0] INFO  c.b.v2.module.WebdriverModule - beforeCommandExecute: event=com.browserstack.v2.eventBus.Event@7b6da381
11:35:12.450 [verifyWelcomeScreen@0] INFO  c.b.v2.module.WebdriverModule - beforeCommandExecute: event=com.browserstack.v2.eventBus.Event@536c77ff
11:35:12.450 [verifyWelcomeScreen@0] INFO  c.b.v2.module.WebdriverModule - beforeCommandExecute: event=com.browserstack.v2.eventBus.Event@536c77ff
11:35:12.498 [verifyWelcomeScreen@0] INFO  c.b.v2.module.WebdriverModule - afterCommandExecute: event=com.browserstack.v2.eventBus.Event@3516465c
11:35:12.498 [verifyWelcomeScreen@0] INFO  c.b.v2.module.WebdriverModule - afterCommandExecute: event=com.browserstack.v2.eventBus.Event@3516465c
11:35:12.498 [verifyWelcomeScreen@0] INFO  c.b.v2.module.ObservabilityModule - THREAD ID Inside Process= 41
11:35:12.498 [verifyWelcomeScreen@0] INFO  c.b.v2.module.ObservabilityModule - Processing TestLevel attachments from directory: /Users/sanjeevareddysj/.browserstack/UploadedAttachments-41/TestLevel
11:35:12.498 [verifyWelcomeScreen@0] INFO  c.b.v2.module.ObservabilityModule - Processing BuildLevel attachments from directory: /Users/sanjeevareddysj/.browserstack/UploadedAttachments-41/BuildLevel
11:35:12.498 [verifyWelcomeScreen@0] INFO  c.b.v2.module.ObservabilityModule - Processing attachments eventLogs: []
11:35:12.498 [verifyWelcomeScreen@0] INFO  c.b.v2.module.ObservabilityModule - sendLogCreatedEvent: No Log Events to send
11:35:12.501 [verifyWelcomeScreen@0] INFO  c.b.v2.module.WebdriverModule - afterCommandExecute: event=com.browserstack.v2.eventBus.Event@43f1e94d
11:35:12.501 [verifyWelcomeScreen@0] INFO  c.b.v2.module.WebdriverModule - afterCommandExecute: event=com.browserstack.v2.eventBus.Event@43f1e94d
11:35:12.501 [verifyWelcomeScreen@0] INFO  c.b.v2.module.ObservabilityModule - THREAD ID Inside Process= 41
11:35:12.501 [verifyWelcomeScreen@0] INFO  c.b.v2.module.ObservabilityModule - Processing TestLevel attachments from directory: /Users/sanjeevareddysj/.browserstack/UploadedAttachments-41/TestLevel
11:35:12.501 [verifyWelcomeScreen@0] INFO  c.b.v2.module.ObservabilityModule - Processing BuildLevel attachments from directory: /Users/sanjeevareddysj/.browserstack/UploadedAttachments-41/BuildLevel
11:35:12.501 [verifyWelcomeScreen@0] INFO  c.b.v2.module.ObservabilityModule - Processing attachments eventLogs: []
11:35:12.501 [verifyWelcomeScreen@0] INFO  c.b.v2.module.ObservabilityModule - sendLogCreatedEvent: No Log Events to send
11:35:12.502 [verifyWelcomeScreen@0] INFO  c.b.v2.module.WebdriverModule - beforeCommandExecute: event=com.browserstack.v2.eventBus.Event@743121cb
11:35:12.502 [verifyWelcomeScreen@0] INFO  c.b.v2.module.WebdriverModule - beforeCommandExecute: event=com.browserstack.v2.eventBus.Event@743121cb
11:35:12.573 [verifyWelcomeScreen@0] INFO  c.b.v2.module.WebdriverModule - afterCommandExecute: event=com.browserstack.v2.eventBus.Event@3926bae0
11:35:12.573 [verifyWelcomeScreen@0] INFO  c.b.v2.module.WebdriverModule - afterCommandExecute: event=com.browserstack.v2.eventBus.Event@3926bae0
11:35:12.573 [verifyWelcomeScreen@0] INFO  c.b.v2.module.ObservabilityModule - THREAD ID Inside Process= 41
11:35:12.573 [verifyWelcomeScreen@0] INFO  c.b.v2.module.ObservabilityModule - Processing TestLevel attachments from directory: /Users/sanjeevareddysj/.browserstack/UploadedAttachments-41/TestLevel
11:35:12.573 [verifyWelcomeScreen@0] INFO  c.b.v2.module.ObservabilityModule - Processing BuildLevel attachments from directory: /Users/sanjeevareddysj/.browserstack/UploadedAttachments-41/BuildLevel
11:35:12.574 [verifyWelcomeScreen@0] INFO  c.b.v2.module.ObservabilityModule - Processing attachments eventLogs: []
11:35:12.574 [verifyWelcomeScreen@0] INFO  c.b.v2.module.ObservabilityModule - sendLogCreatedEvent: No Log Events to send
11:35:12.752 [verifyWelcomeScreen@0] INFO  c.b.v2.module.WebdriverModule - beforeCommandExecute: event=com.browserstack.v2.eventBus.Event@2484ed0
11:35:12.753 [verifyWelcomeScreen@0] INFO  c.b.v2.module.WebdriverModule - beforeCommandExecute: event=com.browserstack.v2.eventBus.Event@2484ed0
11:35:12.753 [verifyWelcomeScreen@0] INFO  c.b.v2.module.WebdriverModule - beforeCommandExecute: event=com.browserstack.v2.eventBus.Event@77774d9e
11:35:12.753 [verifyWelcomeScreen@0] INFO  c.b.v2.module.WebdriverModule - beforeCommandExecute: event=com.browserstack.v2.eventBus.Event@77774d9e
11:35:12.827 [verifyWelcomeScreen@0] INFO  c.b.v2.module.WebdriverModule - afterCommandExecute: event=com.browserstack.v2.eventBus.Event@33227e89
11:35:12.827 [verifyWelcomeScreen@0] INFO  c.b.v2.module.WebdriverModule - afterCommandExecute: event=com.browserstack.v2.eventBus.Event@33227e89
11:35:12.827 [verifyWelcomeScreen@0] INFO  c.b.v2.module.ObservabilityModule - THREAD ID Inside Process= 41
11:35:12.827 [verifyWelcomeScreen@0] INFO  c.b.v2.module.ObservabilityModule - Processing TestLevel attachments from directory: /Users/sanjeevareddysj/.browserstack/UploadedAttachments-41/TestLevel
11:35:12.828 [verifyWelcomeScreen@0] INFO  c.b.v2.module.ObservabilityModule - Processing BuildLevel attachments from directory: /Users/sanjeevareddysj/.browserstack/UploadedAttachments-41/BuildLevel
11:35:12.828 [verifyWelcomeScreen@0] INFO  c.b.v2.module.ObservabilityModule - Processing attachments eventLogs: []
11:35:12.828 [verifyWelcomeScreen@0] INFO  c.b.v2.module.ObservabilityModule - sendLogCreatedEvent: No Log Events to send
11:35:12.830 [verifyWelcomeScreen@0] INFO  c.b.v2.module.WebdriverModule - afterCommandExecute: event=com.browserstack.v2.eventBus.Event@2db5db44
11:35:12.830 [verifyWelcomeScreen@0] INFO  c.b.v2.module.WebdriverModule - afterCommandExecute: event=com.browserstack.v2.eventBus.Event@2db5db44
11:35:12.830 [verifyWelcomeScreen@0] INFO  c.b.v2.module.ObservabilityModule - THREAD ID Inside Process= 41
11:35:12.830 [verifyWelcomeScreen@0] INFO  c.b.v2.module.ObservabilityModule - Processing TestLevel attachments from directory: /Users/sanjeevareddysj/.browserstack/UploadedAttachments-41/TestLevel
11:35:12.830 [verifyWelcomeScreen@0] INFO  c.b.v2.module.ObservabilityModule - Processing BuildLevel attachments from directory: /Users/sanjeevareddysj/.browserstack/UploadedAttachments-41/BuildLevel
11:35:12.830 [verifyWelcomeScreen@0] INFO  c.b.v2.module.ObservabilityModule - Processing attachments eventLogs: []
11:35:12.830 [verifyWelcomeScreen@0] INFO  c.b.v2.module.ObservabilityModule - sendLogCreatedEvent: No Log Events to send
11:35:12.831 [verifyWelcomeScreen@0] INFO  c.b.v2.module.WebdriverModule - beforeCommandExecute: event=com.browserstack.v2.eventBus.Event@40158462
11:35:12.831 [verifyWelcomeScreen@0] INFO  c.b.v2.module.WebdriverModule - beforeCommandExecute: event=com.browserstack.v2.eventBus.Event@40158462
11:35:12.951 [verifyWelcomeScreen@0] INFO  c.b.v2.module.WebdriverModule - afterCommandExecute: event=com.browserstack.v2.eventBus.Event@46e222cb
11:35:12.951 [verifyWelcomeScreen@0] INFO  c.b.v2.module.WebdriverModule - afterCommandExecute: event=com.browserstack.v2.eventBus.Event@46e222cb
11:35:12.951 [verifyWelcomeScreen@0] INFO  c.b.v2.module.ObservabilityModule - THREAD ID Inside Process= 41
11:35:12.951 [verifyWelcomeScreen@0] INFO  c.b.v2.module.ObservabilityModule - Processing TestLevel attachments from directory: /Users/sanjeevareddysj/.browserstack/UploadedAttachments-41/TestLevel
11:35:12.951 [verifyWelcomeScreen@0] INFO  c.b.v2.module.ObservabilityModule - Processing BuildLevel attachments from directory: /Users/sanjeevareddysj/.browserstack/UploadedAttachments-41/BuildLevel
11:35:12.951 [verifyWelcomeScreen@0] INFO  c.b.v2.module.ObservabilityModule - Processing attachments eventLogs: []
11:35:12.952 [verifyWelcomeScreen@0] INFO  c.b.v2.module.ObservabilityModule - sendLogCreatedEvent: No Log Events to send
11:35:12.954 [verifyWelcomeScreen@0] INFO  c.b.v2.module.WebdriverModule - beforeCommandExecute: event=com.browserstack.v2.eventBus.Event@23b08f41
11:35:12.954 [verifyWelcomeScreen@0] INFO  c.b.v2.module.WebdriverModule - beforeCommandExecute: event=com.browserstack.v2.eventBus.Event@23b08f41
11:35:13.020 [verifyWelcomeScreen@0] INFO  c.b.v2.module.WebdriverModule - afterCommandExecute: event=com.browserstack.v2.eventBus.Event@40b4c834
11:35:13.020 [verifyWelcomeScreen@0] INFO  c.b.v2.module.WebdriverModule - afterCommandExecute: event=com.browserstack.v2.eventBus.Event@40b4c834
11:35:13.020 [verifyWelcomeScreen@0] INFO  c.b.v2.module.ObservabilityModule - THREAD ID Inside Process= 41
11:35:13.020 [verifyWelcomeScreen@0] INFO  c.b.v2.module.ObservabilityModule - Processing TestLevel attachments from directory: /Users/sanjeevareddysj/.browserstack/UploadedAttachments-41/TestLevel
11:35:13.021 [verifyWelcomeScreen@0] INFO  c.b.v2.module.ObservabilityModule - Processing BuildLevel attachments from directory: /Users/sanjeevareddysj/.browserstack/UploadedAttachments-41/BuildLevel
11:35:13.021 [verifyWelcomeScreen@0] INFO  c.b.v2.module.ObservabilityModule - Processing attachments eventLogs: []
11:35:13.021 [verifyWelcomeScreen@0] INFO  c.b.v2.module.ObservabilityModule - sendLogCreatedEvent: No Log Events to send
11:35:13.025 [verifyWelcomeScreen@0] INFO  c.b.v2.framework.TestNgFramework - trackEvent: found instance, testFrameworkState=TestFrameworkState.LOG hookState=HookState.PRE instance=1741108805
11:35:13.025 [verifyWelcomeScreen@0] INFO  c.b.v2.framework.TestNgFramework - trackEvent: load log entries
11:35:13.038 [verifyWelcomeScreen@0] INFO  c.b.v2.module.TestHubModule - sendLogCreatedEvent: event=com.browserstack.v2.eventBus.Event@3e3a3383, response=success: true

11:35:13.038 [verifyWelcomeScreen@0] INFO  c.b.v2.module.TestHubModule - sendLogCreatedEvent: event=com.browserstack.v2.eventBus.Event@3e3a3383
11:35:13.040 [verifyWelcomeScreen@0] INFO  c.b.v2.module.WebdriverModule - beforeCommandExecute: event=com.browserstack.v2.eventBus.Event@310c4269
11:35:13.040 [verifyWelcomeScreen@0] INFO  c.b.v2.module.WebdriverModule - beforeCommandExecute: event=com.browserstack.v2.eventBus.Event@310c4269
11:35:13.040 [verifyWelcomeScreen@0] INFO  c.b.v2.module.WebdriverModule - beforeCommandExecute: event=com.browserstack.v2.eventBus.Event@6c721c0
11:35:13.040 [verifyWelcomeScreen@0] INFO  c.b.v2.module.WebdriverModule - beforeCommandExecute: event=com.browserstack.v2.eventBus.Event@6c721c0
11:35:13.083 [verifyWelcomeScreen@0] INFO  c.b.v2.module.WebdriverModule - afterCommandExecute: event=com.browserstack.v2.eventBus.Event@741c471b
11:35:13.083 [verifyWelcomeScreen@0] INFO  c.b.v2.module.WebdriverModule - afterCommandExecute: event=com.browserstack.v2.eventBus.Event@741c471b
11:35:13.083 [verifyWelcomeScreen@0] INFO  c.b.v2.module.ObservabilityModule - THREAD ID Inside Process= 41
11:35:13.083 [verifyWelcomeScreen@0] INFO  c.b.v2.module.ObservabilityModule - Processing TestLevel attachments from directory: /Users/sanjeevareddysj/.browserstack/UploadedAttachments-41/TestLevel
11:35:13.083 [verifyWelcomeScreen@0] INFO  c.b.v2.module.ObservabilityModule - Processing BuildLevel attachments from directory: /Users/sanjeevareddysj/.browserstack/UploadedAttachments-41/BuildLevel
11:35:13.083 [verifyWelcomeScreen@0] INFO  c.b.v2.module.ObservabilityModule - Processing attachments eventLogs: []
11:35:13.083 [verifyWelcomeScreen@0] INFO  c.b.v2.module.ObservabilityModule - sendLogCreatedEvent: No Log Events to send
11:35:13.086 [verifyWelcomeScreen@0] INFO  c.b.v2.module.WebdriverModule - afterCommandExecute: event=com.browserstack.v2.eventBus.Event@57c5b5ff
11:35:13.086 [verifyWelcomeScreen@0] INFO  c.b.v2.module.WebdriverModule - afterCommandExecute: event=com.browserstack.v2.eventBus.Event@57c5b5ff
11:35:13.086 [verifyWelcomeScreen@0] INFO  c.b.v2.module.ObservabilityModule - THREAD ID Inside Process= 41
11:35:13.086 [verifyWelcomeScreen@0] INFO  c.b.v2.module.ObservabilityModule - Processing TestLevel attachments from directory: /Users/sanjeevareddysj/.browserstack/UploadedAttachments-41/TestLevel
11:35:13.086 [verifyWelcomeScreen@0] INFO  c.b.v2.module.ObservabilityModule - Processing BuildLevel attachments from directory: /Users/sanjeevareddysj/.browserstack/UploadedAttachments-41/BuildLevel
11:35:13.086 [verifyWelcomeScreen@0] INFO  c.b.v2.module.ObservabilityModule - Processing attachments eventLogs: []
11:35:13.086 [verifyWelcomeScreen@0] INFO  c.b.v2.module.ObservabilityModule - sendLogCreatedEvent: No Log Events to send
11:35:13.088 [verifyWelcomeScreen@0] INFO  c.b.v2.module.WebdriverModule - beforeCommandExecute: event=com.browserstack.v2.eventBus.Event@7e81f174
11:35:13.088 [verifyWelcomeScreen@0] INFO  c.b.v2.module.WebdriverModule - beforeCommandExecute: event=com.browserstack.v2.eventBus.Event@7e81f174
11:35:13.179 [verifyWelcomeScreen@0] INFO  c.b.v2.module.WebdriverModule - afterCommandExecute: event=com.browserstack.v2.eventBus.Event@1fd5f0f0
11:35:13.179 [verifyWelcomeScreen@0] INFO  c.b.v2.module.WebdriverModule - afterCommandExecute: event=com.browserstack.v2.eventBus.Event@1fd5f0f0
11:35:13.179 [verifyWelcomeScreen@0] INFO  c.b.v2.module.ObservabilityModule - THREAD ID Inside Process= 41
11:35:13.179 [verifyWelcomeScreen@0] INFO  c.b.v2.module.ObservabilityModule - Processing TestLevel attachments from directory: /Users/sanjeevareddysj/.browserstack/UploadedAttachments-41/TestLevel
11:35:13.179 [verifyWelcomeScreen@0] INFO  c.b.v2.module.ObservabilityModule - Processing BuildLevel attachments from directory: /Users/sanjeevareddysj/.browserstack/UploadedAttachments-41/BuildLevel
11:35:13.179 [verifyWelcomeScreen@0] INFO  c.b.v2.module.ObservabilityModule - Processing attachments eventLogs: []
11:35:13.179 [verifyWelcomeScreen@0] INFO  c.b.v2.module.ObservabilityModule - sendLogCreatedEvent: No Log Events to send
11:35:13.180 [verifyWelcomeScreen@0] INFO  c.b.v2.module.WebdriverModule - beforeCommandExecute: event=com.browserstack.v2.eventBus.Event@485dbe70
11:35:13.180 [verifyWelcomeScreen@0] INFO  c.b.v2.module.WebdriverModule - beforeCommandExecute: event=com.browserstack.v2.eventBus.Event@485dbe70
11:35:13.238 [verifyWelcomeScreen@0] INFO  c.b.v2.module.WebdriverModule - afterCommandExecute: event=com.browserstack.v2.eventBus.Event@716e2bb
11:35:13.238 [verifyWelcomeScreen@0] INFO  c.b.v2.module.WebdriverModule - afterCommandExecute: event=com.browserstack.v2.eventBus.Event@716e2bb
11:35:13.238 [verifyWelcomeScreen@0] INFO  c.b.v2.module.ObservabilityModule - THREAD ID Inside Process= 41
11:35:13.238 [verifyWelcomeScreen@0] INFO  c.b.v2.module.ObservabilityModule - Processing TestLevel attachments from directory: /Users/sanjeevareddysj/.browserstack/UploadedAttachments-41/TestLevel
11:35:13.238 [verifyWelcomeScreen@0] INFO  c.b.v2.module.ObservabilityModule - Processing BuildLevel attachments from directory: /Users/sanjeevareddysj/.browserstack/UploadedAttachments-41/BuildLevel
11:35:13.238 [verifyWelcomeScreen@0] INFO  c.b.v2.module.ObservabilityModule - Processing attachments eventLogs: []
11:35:13.238 [verifyWelcomeScreen@0] INFO  c.b.v2.module.ObservabilityModule - sendLogCreatedEvent: No Log Events to send
11:35:13.240 [verifyWelcomeScreen@0] INFO  c.b.v2.framework.TestNgFramework - trackEvent: found instance, testFrameworkState=TestFrameworkState.LOG hookState=HookState.PRE instance=1741108805
11:35:13.240 [verifyWelcomeScreen@0] INFO  c.b.v2.framework.TestNgFramework - trackEvent: load log entries
11:35:13.242 [verifyWelcomeScreen@0] INFO  c.b.v2.module.TestHubModule - sendLogCreatedEvent: event=com.browserstack.v2.eventBus.Event@586d0a9c, response=success: true

11:35:13.242 [verifyWelcomeScreen@0] INFO  c.b.v2.module.TestHubModule - sendLogCreatedEvent: event=com.browserstack.v2.eventBus.Event@586d0a9c
11:35:17.259 [verifyWelcomeScreen@0] INFO  c.b.v2.module.WebdriverModule - beforeCommandExecute: event=com.browserstack.v2.eventBus.Event@2984bfa4
11:35:17.259 [verifyWelcomeScreen@0] INFO  c.b.v2.module.WebdriverModule - beforeCommandExecute: event=com.browserstack.v2.eventBus.Event@2984bfa4
11:35:17.260 [verifyWelcomeScreen@0] INFO  c.b.v2.module.WebdriverModule - beforeCommandExecute: event=com.browserstack.v2.eventBus.Event@30338a9c
11:35:17.260 [verifyWelcomeScreen@0] INFO  c.b.v2.module.WebdriverModule - beforeCommandExecute: event=com.browserstack.v2.eventBus.Event@30338a9c
11:35:17.312 [verifyWelcomeScreen@0] INFO  c.b.v2.module.WebdriverModule - afterCommandExecute: event=com.browserstack.v2.eventBus.Event@ba5fec
11:35:17.312 [verifyWelcomeScreen@0] INFO  c.b.v2.module.WebdriverModule - afterCommandExecute: event=com.browserstack.v2.eventBus.Event@ba5fec
11:35:17.313 [verifyWelcomeScreen@0] INFO  c.b.v2.module.ObservabilityModule - THREAD ID Inside Process= 41
11:35:17.313 [verifyWelcomeScreen@0] INFO  c.b.v2.module.ObservabilityModule - Processing TestLevel attachments from directory: /Users/sanjeevareddysj/.browserstack/UploadedAttachments-41/TestLevel
11:35:17.313 [verifyWelcomeScreen@0] INFO  c.b.v2.module.ObservabilityModule - Processing BuildLevel attachments from directory: /Users/sanjeevareddysj/.browserstack/UploadedAttachments-41/BuildLevel
11:35:17.314 [verifyWelcomeScreen@0] INFO  c.b.v2.module.ObservabilityModule - Processing attachments eventLogs: []
11:35:17.314 [verifyWelcomeScreen@0] INFO  c.b.v2.module.ObservabilityModule - sendLogCreatedEvent: No Log Events to send
11:35:17.322 [verifyWelcomeScreen@0] INFO  c.b.v2.module.WebdriverModule - afterCommandExecute: event=com.browserstack.v2.eventBus.Event@322591b1
11:35:17.322 [verifyWelcomeScreen@0] INFO  c.b.v2.module.WebdriverModule - afterCommandExecute: event=com.browserstack.v2.eventBus.Event@322591b1
11:35:17.322 [verifyWelcomeScreen@0] INFO  c.b.v2.module.ObservabilityModule - THREAD ID Inside Process= 41
11:35:17.322 [verifyWelcomeScreen@0] INFO  c.b.v2.module.ObservabilityModule - Processing TestLevel attachments from directory: /Users/sanjeevareddysj/.browserstack/UploadedAttachments-41/TestLevel
11:35:17.322 [verifyWelcomeScreen@0] INFO  c.b.v2.module.ObservabilityModule - Processing BuildLevel attachments from directory: /Users/sanjeevareddysj/.browserstack/UploadedAttachments-41/BuildLevel
11:35:17.322 [verifyWelcomeScreen@0] INFO  c.b.v2.module.ObservabilityModule - Processing attachments eventLogs: []
11:35:17.322 [verifyWelcomeScreen@0] INFO  c.b.v2.module.ObservabilityModule - sendLogCreatedEvent: No Log Events to send
11:35:17.324 [verifyWelcomeScreen@0] INFO  c.b.v2.module.WebdriverModule - beforeCommandExecute: event=com.browserstack.v2.eventBus.Event@4cf9f30d
11:35:17.324 [verifyWelcomeScreen@0] INFO  c.b.v2.module.WebdriverModule - beforeCommandExecute: event=com.browserstack.v2.eventBus.Event@4cf9f30d
11:35:17.398 [verifyWelcomeScreen@0] INFO  c.b.v2.module.WebdriverModule - afterCommandExecute: event=com.browserstack.v2.eventBus.Event@3850125f
11:35:17.399 [verifyWelcomeScreen@0] INFO  c.b.v2.module.WebdriverModule - afterCommandExecute: event=com.browserstack.v2.eventBus.Event@3850125f
11:35:17.399 [verifyWelcomeScreen@0] INFO  c.b.v2.module.ObservabilityModule - THREAD ID Inside Process= 41
11:35:17.399 [verifyWelcomeScreen@0] INFO  c.b.v2.module.ObservabilityModule - Processing TestLevel attachments from directory: /Users/sanjeevareddysj/.browserstack/UploadedAttachments-41/TestLevel
11:35:17.399 [verifyWelcomeScreen@0] INFO  c.b.v2.module.ObservabilityModule - Processing BuildLevel attachments from directory: /Users/sanjeevareddysj/.browserstack/UploadedAttachments-41/BuildLevel
11:35:17.399 [verifyWelcomeScreen@0] INFO  c.b.v2.module.ObservabilityModule - Processing attachments eventLogs: []
11:35:17.399 [verifyWelcomeScreen@0] INFO  c.b.v2.module.ObservabilityModule - sendLogCreatedEvent: No Log Events to send
11:35:17.587 [verifyWelcomeScreen@0] INFO  c.b.v2.module.WebdriverModule - beforeCommandExecute: event=com.browserstack.v2.eventBus.Event@5ec103
11:35:17.587 [verifyWelcomeScreen@0] INFO  c.b.v2.module.WebdriverModule - beforeCommandExecute: event=com.browserstack.v2.eventBus.Event@5ec103
11:35:17.587 [verifyWelcomeScreen@0] INFO  c.b.v2.module.WebdriverModule - beforeCommandExecute: event=com.browserstack.v2.eventBus.Event@54e47dd
11:35:17.587 [verifyWelcomeScreen@0] INFO  c.b.v2.module.WebdriverModule - beforeCommandExecute: event=com.browserstack.v2.eventBus.Event@54e47dd
11:35:17.632 [verifyWelcomeScreen@0] INFO  c.b.v2.module.WebdriverModule - afterCommandExecute: event=com.browserstack.v2.eventBus.Event@79133758
11:35:17.632 [verifyWelcomeScreen@0] INFO  c.b.v2.module.WebdriverModule - afterCommandExecute: event=com.browserstack.v2.eventBus.Event@79133758
11:35:17.632 [verifyWelcomeScreen@0] INFO  c.b.v2.module.ObservabilityModule - THREAD ID Inside Process= 41
11:35:17.632 [verifyWelcomeScreen@0] INFO  c.b.v2.module.ObservabilityModule - Processing TestLevel attachments from directory: /Users/sanjeevareddysj/.browserstack/UploadedAttachments-41/TestLevel
11:35:17.633 [verifyWelcomeScreen@0] INFO  c.b.v2.module.ObservabilityModule - Processing BuildLevel attachments from directory: /Users/sanjeevareddysj/.browserstack/UploadedAttachments-41/BuildLevel
11:35:17.633 [verifyWelcomeScreen@0] INFO  c.b.v2.module.ObservabilityModule - Processing attachments eventLogs: []
11:35:17.633 [verifyWelcomeScreen@0] INFO  c.b.v2.module.ObservabilityModule - sendLogCreatedEvent: No Log Events to send
11:35:17.638 [verifyWelcomeScreen@0] INFO  c.b.v2.module.WebdriverModule - afterCommandExecute: event=com.browserstack.v2.eventBus.Event@2dd9bbaf
11:35:17.639 [verifyWelcomeScreen@0] INFO  c.b.v2.module.WebdriverModule - afterCommandExecute: event=com.browserstack.v2.eventBus.Event@2dd9bbaf
11:35:17.639 [verifyWelcomeScreen@0] INFO  c.b.v2.module.ObservabilityModule - THREAD ID Inside Process= 41
11:35:17.639 [verifyWelcomeScreen@0] INFO  c.b.v2.module.ObservabilityModule - Processing TestLevel attachments from directory: /Users/sanjeevareddysj/.browserstack/UploadedAttachments-41/TestLevel
11:35:17.639 [verifyWelcomeScreen@0] INFO  c.b.v2.module.ObservabilityModule - Processing BuildLevel attachments from directory: /Users/sanjeevareddysj/.browserstack/UploadedAttachments-41/BuildLevel
11:35:17.639 [verifyWelcomeScreen@0] INFO  c.b.v2.module.ObservabilityModule - Processing attachments eventLogs: []
11:35:17.639 [verifyWelcomeScreen@0] INFO  c.b.v2.module.ObservabilityModule - sendLogCreatedEvent: No Log Events to send
11:35:17.649 [verifyWelcomeScreen@0] INFO  c.b.v2.module.WebdriverModule - beforeCommandExecute: event=com.browserstack.v2.eventBus.Event@3a972482
11:35:17.649 [verifyWelcomeScreen@0] INFO  c.b.v2.module.WebdriverModule - beforeCommandExecute: event=com.browserstack.v2.eventBus.Event@3a972482
11:35:17.799 [verifyWelcomeScreen@0] INFO  c.b.v2.module.WebdriverModule - afterCommandExecute: event=com.browserstack.v2.eventBus.Event@6c96c443
11:35:17.799 [verifyWelcomeScreen@0] INFO  c.b.v2.module.WebdriverModule - afterCommandExecute: event=com.browserstack.v2.eventBus.Event@6c96c443
11:35:17.799 [verifyWelcomeScreen@0] INFO  c.b.v2.module.ObservabilityModule - THREAD ID Inside Process= 41
11:35:17.800 [verifyWelcomeScreen@0] INFO  c.b.v2.module.ObservabilityModule - Processing TestLevel attachments from directory: /Users/sanjeevareddysj/.browserstack/UploadedAttachments-41/TestLevel
11:35:17.800 [verifyWelcomeScreen@0] INFO  c.b.v2.module.ObservabilityModule - Processing BuildLevel attachments from directory: /Users/sanjeevareddysj/.browserstack/UploadedAttachments-41/BuildLevel
11:35:17.800 [verifyWelcomeScreen@0] INFO  c.b.v2.module.ObservabilityModule - Processing attachments eventLogs: []
11:35:17.800 [verifyWelcomeScreen@0] INFO  c.b.v2.module.ObservabilityModule - sendLogCreatedEvent: No Log Events to send
11:35:17.804 [verifyWelcomeScreen@0] INFO  c.b.v2.module.WebdriverModule - beforeCommandExecute: event=com.browserstack.v2.eventBus.Event@48b35b0e
11:35:17.804 [verifyWelcomeScreen@0] INFO  c.b.v2.module.WebdriverModule - beforeCommandExecute: event=com.browserstack.v2.eventBus.Event@48b35b0e
11:35:17.879 [verifyWelcomeScreen@0] INFO  c.b.v2.module.WebdriverModule - afterCommandExecute: event=com.browserstack.v2.eventBus.Event@61749fb
11:35:17.879 [verifyWelcomeScreen@0] INFO  c.b.v2.module.WebdriverModule - afterCommandExecute: event=com.browserstack.v2.eventBus.Event@61749fb
11:35:17.879 [verifyWelcomeScreen@0] INFO  c.b.v2.module.ObservabilityModule - THREAD ID Inside Process= 41
11:35:17.879 [verifyWelcomeScreen@0] INFO  c.b.v2.module.ObservabilityModule - Processing TestLevel attachments from directory: /Users/sanjeevareddysj/.browserstack/UploadedAttachments-41/TestLevel
11:35:17.879 [verifyWelcomeScreen@0] INFO  c.b.v2.module.ObservabilityModule - Processing BuildLevel attachments from directory: /Users/sanjeevareddysj/.browserstack/UploadedAttachments-41/BuildLevel
11:35:17.879 [verifyWelcomeScreen@0] INFO  c.b.v2.module.ObservabilityModule - Processing attachments eventLogs: []
11:35:17.879 [verifyWelcomeScreen@0] INFO  c.b.v2.module.ObservabilityModule - sendLogCreatedEvent: No Log Events to send
11:35:17.882 [verifyWelcomeScreen@0] INFO  c.b.v2.framework.TestNgFramework - trackEvent: found instance, testFrameworkState=TestFrameworkState.LOG hookState=HookState.PRE instance=1741108805
11:35:17.882 [verifyWelcomeScreen@0] INFO  c.b.v2.framework.TestNgFramework - trackEvent: load log entries
11:35:17.895 [verifyWelcomeScreen@0] INFO  c.b.v2.module.TestHubModule - sendLogCreatedEvent: event=com.browserstack.v2.eventBus.Event@37a75717, response=success: true

11:35:17.895 [verifyWelcomeScreen@0] INFO  c.b.v2.module.TestHubModule - sendLogCreatedEvent: event=com.browserstack.v2.eventBus.Event@37a75717
11:35:17.897 [verifyWelcomeScreen@0] INFO  c.b.v2.module.WebdriverModule - beforeCommandExecute: event=com.browserstack.v2.eventBus.Event@2d93c6bf
11:35:17.897 [verifyWelcomeScreen@0] INFO  c.b.v2.module.WebdriverModule - beforeCommandExecute: event=com.browserstack.v2.eventBus.Event@2d93c6bf
11:35:17.897 [verifyWelcomeScreen@0] INFO  c.b.v2.module.WebdriverModule - beforeCommandExecute: event=com.browserstack.v2.eventBus.Event@3a3fdf3f
11:35:17.897 [verifyWelcomeScreen@0] INFO  c.b.v2.module.WebdriverModule - beforeCommandExecute: event=com.browserstack.v2.eventBus.Event@3a3fdf3f
11:35:17.950 [verifyWelcomeScreen@0] INFO  c.b.v2.module.WebdriverModule - afterCommandExecute: event=com.browserstack.v2.eventBus.Event@372d3880
11:35:17.950 [verifyWelcomeScreen@0] INFO  c.b.v2.module.WebdriverModule - afterCommandExecute: event=com.browserstack.v2.eventBus.Event@372d3880
11:35:17.950 [verifyWelcomeScreen@0] INFO  c.b.v2.module.ObservabilityModule - THREAD ID Inside Process= 41
11:35:17.950 [verifyWelcomeScreen@0] INFO  c.b.v2.module.ObservabilityModule - Processing TestLevel attachments from directory: /Users/sanjeevareddysj/.browserstack/UploadedAttachments-41/TestLevel
11:35:17.950 [verifyWelcomeScreen@0] INFO  c.b.v2.module.ObservabilityModule - Processing BuildLevel attachments from directory: /Users/sanjeevareddysj/.browserstack/UploadedAttachments-41/BuildLevel
11:35:17.951 [verifyWelcomeScreen@0] INFO  c.b.v2.module.ObservabilityModule - Processing attachments eventLogs: []
11:35:17.951 [verifyWelcomeScreen@0] INFO  c.b.v2.module.ObservabilityModule - sendLogCreatedEvent: No Log Events to send
11:35:17.953 [verifyWelcomeScreen@0] INFO  c.b.v2.module.WebdriverModule - afterCommandExecute: event=com.browserstack.v2.eventBus.Event@13cbc2bf
11:35:17.953 [verifyWelcomeScreen@0] INFO  c.b.v2.module.WebdriverModule - afterCommandExecute: event=com.browserstack.v2.eventBus.Event@13cbc2bf
11:35:17.953 [verifyWelcomeScreen@0] INFO  c.b.v2.module.ObservabilityModule - THREAD ID Inside Process= 41
11:35:17.953 [verifyWelcomeScreen@0] INFO  c.b.v2.module.ObservabilityModule - Processing TestLevel attachments from directory: /Users/sanjeevareddysj/.browserstack/UploadedAttachments-41/TestLevel
11:35:17.953 [verifyWelcomeScreen@0] INFO  c.b.v2.module.ObservabilityModule - Processing BuildLevel attachments from directory: /Users/sanjeevareddysj/.browserstack/UploadedAttachments-41/BuildLevel
11:35:17.953 [verifyWelcomeScreen@0] INFO  c.b.v2.module.ObservabilityModule - Processing attachments eventLogs: []
11:35:17.953 [verifyWelcomeScreen@0] INFO  c.b.v2.module.ObservabilityModule - sendLogCreatedEvent: No Log Events to send
11:35:17.954 [verifyWelcomeScreen@0] INFO  c.b.v2.module.WebdriverModule - beforeCommandExecute: event=com.browserstack.v2.eventBus.Event@97efa8f
11:35:17.954 [verifyWelcomeScreen@0] INFO  c.b.v2.module.WebdriverModule - beforeCommandExecute: event=com.browserstack.v2.eventBus.Event@97efa8f
11:35:18.034 [verifyWelcomeScreen@0] INFO  c.b.v2.module.WebdriverModule - afterCommandExecute: event=com.browserstack.v2.eventBus.Event@79f86cd3
11:35:18.034 [verifyWelcomeScreen@0] INFO  c.b.v2.module.WebdriverModule - afterCommandExecute: event=com.browserstack.v2.eventBus.Event@79f86cd3
11:35:18.035 [verifyWelcomeScreen@0] INFO  c.b.v2.module.ObservabilityModule - THREAD ID Inside Process= 41
11:35:18.035 [verifyWelcomeScreen@0] INFO  c.b.v2.module.ObservabilityModule - Processing TestLevel attachments from directory: /Users/sanjeevareddysj/.browserstack/UploadedAttachments-41/TestLevel
11:35:18.035 [verifyWelcomeScreen@0] INFO  c.b.v2.module.ObservabilityModule - Processing BuildLevel attachments from directory: /Users/sanjeevareddysj/.browserstack/UploadedAttachments-41/BuildLevel
11:35:18.035 [verifyWelcomeScreen@0] INFO  c.b.v2.module.ObservabilityModule - Processing attachments eventLogs: []
11:35:18.035 [verifyWelcomeScreen@0] INFO  c.b.v2.module.ObservabilityModule - sendLogCreatedEvent: No Log Events to send
11:35:18.039 [verifyWelcomeScreen@0] INFO  c.b.v2.module.WebdriverModule - beforeCommandExecute: event=com.browserstack.v2.eventBus.Event@69cf9de5
11:35:18.039 [verifyWelcomeScreen@0] INFO  c.b.v2.module.WebdriverModule - beforeCommandExecute: event=com.browserstack.v2.eventBus.Event@69cf9de5
11:35:18.122 [verifyWelcomeScreen@0] INFO  c.b.v2.module.WebdriverModule - afterCommandExecute: event=com.browserstack.v2.eventBus.Event@37a28186
11:35:18.122 [verifyWelcomeScreen@0] INFO  c.b.v2.module.WebdriverModule - afterCommandExecute: event=com.browserstack.v2.eventBus.Event@37a28186
11:35:18.122 [verifyWelcomeScreen@0] INFO  c.b.v2.module.ObservabilityModule - THREAD ID Inside Process= 41
11:35:18.123 [verifyWelcomeScreen@0] INFO  c.b.v2.module.ObservabilityModule - Processing TestLevel attachments from directory: /Users/sanjeevareddysj/.browserstack/UploadedAttachments-41/TestLevel
11:35:18.123 [verifyWelcomeScreen@0] INFO  c.b.v2.module.ObservabilityModule - Processing BuildLevel attachments from directory: /Users/sanjeevareddysj/.browserstack/UploadedAttachments-41/BuildLevel
11:35:18.123 [verifyWelcomeScreen@0] INFO  c.b.v2.module.ObservabilityModule - Processing attachments eventLogs: []
11:35:18.123 [verifyWelcomeScreen@0] INFO  c.b.v2.module.ObservabilityModule - sendLogCreatedEvent: No Log Events to send
11:35:18.128 [verifyWelcomeScreen@0] INFO  c.b.v2.framework.TestNgFramework - trackEvent: found instance, testFrameworkState=TestFrameworkState.LOG hookState=HookState.PRE instance=1741108805
11:35:18.128 [verifyWelcomeScreen@0] INFO  c.b.v2.framework.TestNgFramework - trackEvent: load log entries
11:35:18.136 [verifyWelcomeScreen@0] INFO  c.b.v2.module.TestHubModule - sendLogCreatedEvent: event=com.browserstack.v2.eventBus.Event@17453c86, response=success: true

11:35:18.136 [verifyWelcomeScreen@0] INFO  c.b.v2.module.TestHubModule - sendLogCreatedEvent: event=com.browserstack.v2.eventBus.Event@17453c86
11:35:22.150 [verifyWelcomeScreen@0] INFO  c.b.v2.framework.TestNgFramework - trackEvent: found instance, testFrameworkState=TestFrameworkState.LOG_REPORT hookState=HookState.PRE instance=1741108805
11:35:22.150 [verifyWelcomeScreen@0] INFO  c.b.v2.framework.TestNgFramework - trackEvent: found instance, testFrameworkState=TestFrameworkState.LOG_REPORT hookState=HookState.POST instance=1741108805
11:35:22.150 [verifyWelcomeScreen@0] INFO  c.b.v2.framework.TestNgFramework - trackEvent: load test results
11:35:22.151 [verifyWelcomeScreen@0] INFO  c.b.v2.framework.TestNgFramework - trackEvent: found instance, testFrameworkState=TestFrameworkState.TEST hookState=HookState.POST instance=1741108805
11:35:22.151 [verifyWelcomeScreen@0] INFO  c.b.v2.module.WebdriverModule - onAfterTest: event=com.browserstack.v2.eventBus.Event@61005187
11:35:22.151 [verifyWelcomeScreen@0] INFO  c.b.utils.SeleniumMethodUtils - Session Name ID status marking: 99535fe14528477f2d0019dc21bd20e434e11b88
11:35:22.558 [verifyWelcomeScreen@0] INFO  c.b.utils.SeleniumMethodUtils - Session ID status marking: 99535fe14528477f2d0019dc21bd20e434e11b88
11:35:22.961 [verifyWelcomeScreen@0] INFO  c.b.v2.module.WebdriverModule - onAfterTest: event=com.browserstack.v2.eventBus.Event@61005187
11:35:22.967 [verifyWelcomeScreen@0] INFO  c.b.utils.SeleniumMethodUtils - Session Name ID status marking: 99535fe14528477f2d0019dc21bd20e434e11b88
11:35:23.344 [verifyWelcomeScreen@0] INFO  c.b.utils.SeleniumMethodUtils - Session ID status marking: 99535fe14528477f2d0019dc21bd20e434e11b88
11:35:23.876 [verifyWelcomeScreen@0] INFO  c.b.v2.module.TestHubModule - sendTestFrameworkEvent: event=com.browserstack.v2.eventBus.Event@61005187, response=success: true

11:35:24.378 [Test worker] INFO  com.browserstack.testOps.Listener - logCreated: CLI is active
11:35:24.392 [Thread-0] INFO  com.browserstack.testOps.Listener - onComplete: CLI is active
11:35:24.394 [Thread-0] INFO  com.browserstack.v2.SdkCLI - stop: cli stop triggered
11:35:31.281 [Thread-0] DEBUG com.browserstack.v2.SdkCLI - stop-bin-session=success: true
automate_buildlink: "https://app-automate.browserstack.com/dashboard/v2/builds/9a45e20faf7e44c6fff3076a9d1a88cc4f1d31bc"
hashed_id: "9a45e20faf7e44c6fff3076a9d1a88cc4f1d31bc"

11:35:31.304 [Thread-0] INFO  com.browserstack.v2.SdkCLI - stop: shutting down CLI
11:35:33.281 [Thread-0] INFO  c.browserstack.utils.UtilityMethods - Visit https://automation.browserstack.com/builds/ullcmrmsyxfb7id8yes92u7azsce0qybankfjdly to view build report, insights, and many more debugging information all at one place!
11:35:33.281 [Thread-0] INFO  c.b.config.BrowserStackConfig - INFO
11:35:33.282 [Thread-0] INFO  c.browserstack.utils.UtilityMethods - View build on BrowserStack dashboard: https://app-automate.browserstack.com/dashboard/v2/builds/9a45e20faf7e44c6fff3076a9d1a88cc4f1d31bc
11:35:33.282 [Thread-0] INFO  c.b.config.BrowserStackConfig - INFO
11:35:33.287 [Thread-0] INFO  c.browserstack.BrowserStackJavaAgent - SDK run ended for id: fdbce9a8-813e-4f34-8c15-ddf3a1a2baea, testhub id: ullcmrmsyxfb7id8yes92u7azsce0qybankfjdly
11:35:33.287 [Thread-0] INFO  c.b.config.BrowserStackConfig - INFO
11:37:12.908 [main] DEBUG c.browserstack.BrowserStackJavaAgent - Extracted CLI argument from system : null
11:37:12.921 [main] INFO  c.browserstack.BrowserStackJavaAgent - Selenium version detected - 4.34.0
11:37:12.921 [main] INFO  c.browserstack.BrowserStackJavaAgent - Appium version detected - 9.5.0
11:37:13.000 [main] DEBUG c.b.config.BrowserStackConfig - Cli Config passed - {}
11:37:13.004 [main] INFO  c.b.config.BrowserStackConfig - Detected Framework testng
11:37:13.311 [main] INFO  c.browserstack.BrowserStackJavaAgent - Using app: [-bs://10b3879a9bcc83cce31ac6dcd114a9d335e8b688]
11:37:13.311 [main] INFO  c.browserstack.BrowserStackJavaAgent - Framework set to testng
11:37:13.312 [main] INFO  c.browserstack.BrowserStackJavaAgent - SDK run started with id: 3955f4eb-ec28-4eb4-8596-629421fc28ca
11:37:13.312 [main] INFO  c.b.config.BrowserStackConfig - INFO
11:37:13.318 [main] DEBUG com.browserstack.v2.SdkCliUtils - File /Users/sanjeevareddysj/.browserstack already exist
11:37:13.320 [main] DEBUG com.browserstack.v2.SdkCliUtils - Current CLI Path Found: /Users/sanjeevareddysj/.browserstack/cli/binary-macos-arm64
11:37:14.296 [main] DEBUG com.browserstack.v2.SdkCliUtils - Resolved binary path: /Users/sanjeevareddysj/.browserstack/cli/binary-macos-arm64
11:37:14.297 [main] DEBUG com.browserstack.v2.SdkCLI - startMain: main-process starting
11:37:14.297 [main] INFO  com.browserstack.v2.SdkCLI - spawning command='/Users/sanjeevareddysj/.browserstack/cli/binary-macos-arm64' 'sdk' 'tcp'
11:37:14.566 [ForkJoinPool.commonPool-worker-1] INFO  com.browserstack.v2.SdkCLI - loadCLIParams: start binSessionId=cde93d56-df5a-424d-8654-42c75ffd8b0b listenAddress=127.0.0.1:5400
11:37:14.567 [main] DEBUG com.browserstack.v2.SdkCLI - startMain: main-process started
11:37:14.567 [main] DEBUG com.browserstack.v2.SdkCLI - startMain: main-process connecting {id=cde93d56-df5a-424d-8654-42c75ffd8b0b, port=5400, listen=127.0.0.1:5400}
11:37:14.575 [main] DEBUG com.browserstack.v2.SdkCliUtils - File /Users/sanjeevareddysj/.browserstack already exist
11:37:24.227 [main] DEBUG com.browserstack.v2.SdkCLI - start-bin-session=bin_session_id: "cde93d56-df5a-424d-8654-42c75ffd8b0b"
config: "{\"userName\":\"sanjeev_efWR7h\",\"accessKey\":\"BrUyx5M5aC3uabP5s3sQ\",\"framework\":\"testng\",\"app\":\"bs://10b3879a9bcc83cce31ac6dcd114a9d335e8b688\",\"platforms\":[{\"platformName\":\"android\",\"deviceName\":\"Samsung Galaxy S22 Ultra\",\"platformVersion\":\"12.0\"}],\"browserstackLocal\":true,\"buildName\":\"browserstack-local-build-1\",\"projectName\":\"BrowserStack Sanju\",\"testObservability\":true,\"accessibility\":false,\"browserstackAutomation\":true,\"selfHeal\":false,\"disableAutoCaptureLogs\":false,\"testhub\":true,\"testContextOptions\":{\"skipSessionStatus\":false,\"skipSessionName\":false},\"logDir\":\"/Users/sanjeevareddysj/IdeaProjects/LearAumatingApp/LearAumatingApp/log\",\"buildIdentifier\":\"#11\",\"browserStackLocalOptions\":{\"localIdentifier\":\"Sep_29_1137_Sanjeeva-Reddy-2.local_srbb\",\"key\":\"BrUyx5M5aC3uabP5s3sQ\",\"skipBinaryInitialisation\":false},\"testOrchestrationOptions\":{\"retryTestsOnFailure\":{},\"abortBuildOnFailure\":{}},\"apis\":{\"automate\":{\"hub\":\"https://hub.browserstack.com\",\"cdp\":\"https://cdp.browserstack.com\",\"api\":\"https://api.browserstack.com\",\"upload\":\"https://api-cloud.browserstack.com\"},\"appAutomate\":{\"hub\":\"https://hub.browserstack.com\",\"api\":\"https://api.browserstack.com\",\"upload\":\"https://api-cloud.browserstack.com\"},\"percy\":{\"api\":\"https://api.browserstack.com\"},\"turboScale\":{\"api\":\"https://grid.browserstack.com\"},\"accessibility\":{\"api\":\"https://accessibility.browserstack.com\"},\"appAccessibility\":{\"api\":\"https://app-accessibility.browserstack.com\"},\"observability\":{\"api\":\"https://collector-observability.browserstack.com\",\"upload\":\"https://upload-observability.browserstack.com\"},\"configServer\":{\"api\":\"https://sdk.browserstack.com\"},\"edsInstrumentation\":{\"api\":\"https://eds.browserstack.com\"},\"tcg\":{\"api\":\"https://tcg.browserstack.com\"}},\"hubUrl\":\"https://hub.browserstack.com/wd/hub\",\"proxySettings\":{}}"
testhub {
  jwt: "eyJhbGciOiJSUzI1NiJ9.eyJleHAiOiIxNzU5MTM2ODM1IiwiaXNzIjoid3d3LmJyb3dzZXJzdGFjay5jb20iLCJzdWIiOjYxNTkwNDMsInNjb3BlIjp7InByb2R1Y3QiOiJzZGsiLCJ1c2VyX2FjY2VzcyI6eyJ0ZXN0X29ic2VydmFiaWxpdHkiOjEsImF1dG9tYXRlIjoxLCJhcHBfYXV0b21hdGUiOjEsInBlcmN5IjoxLCJhcHBfcGVyY3kiOjEsImFjY2Vzc2liaWxpdHlfdGVzdGluZyI6MCwiYXBwX2FjY2Vzc2liaWxpdHlfdGVzdGluZyI6MSwiYXV0b21hdGVfdHVyYm9zY2FsZSI6MSwibG93X2NvZGVfYXV0b21hdGlvbiI6MX0sImlhYW1fcm9sZSI6Im93bmVyIn0sImdyb3VwX2lkIjo2MDc3MTc3LCJ0ZWFtX2lkIjpudWxsLCJ1ZGFjX2FjY2VzcyI6Imdsb2JhbCJ9.Hf_QWASlNTo_MaCOuBvevZ7RK9kYTZJeiGo-7d6-VzXAd2ucAP2uoeklOs2gZe55PKztmiXiJOVaLMx0lLgesyldWo1zMuBmMXxd1-ccN4CvpS7XAh1-4FegdeqKyx0KsTYbJlEJQtxNaHsrSjpgKaBq3YsgWciZY_iicjl9q-tuwJ7HR1wduQ7Z3ne2xoQSK6NrLiQiCdBao7RBqneDefX2Ce73a6xXyuJI5S5U2BCzceh6v2UeYiIMUEKm72-yJLdsMVhE71nZQFNLI1y5vRCXkWaABVw_qNebgy3Z3dHVzLaHgzD_1WLZ_3PhJlRJ2M9duDJ6Ynbz9txDu9Qc-g"
  build_hashed_id: "s2fc1aktqnqira2u2mupoi4hr05mswnfbe6vk75y"
  testhub_events: true
}
observability {
  success: true
}
percy {
  5: "app"
}
session_framework: ""
8: "selenium"

11:37:24.243 [main] DEBUG com.browserstack.v2.SdkCLI - startChild: child-process connecting
11:37:24.571 [main] DEBUG com.browserstack.v2.SdkCLI - connect-bin-session=bin_session_id: "cde93d56-df5a-424d-8654-42c75ffd8b0b"
config: "{\"userName\":\"sanjeev_efWR7h\",\"accessKey\":\"BrUyx5M5aC3uabP5s3sQ\",\"framework\":\"testng\",\"app\":\"bs://10b3879a9bcc83cce31ac6dcd114a9d335e8b688\",\"platforms\":[{\"platformName\":\"android\",\"deviceName\":\"Samsung Galaxy S22 Ultra\",\"platformVersion\":\"12.0\"}],\"browserstackLocal\":true,\"buildName\":\"browserstack-local-build-1\",\"projectName\":\"BrowserStack Sanju\",\"testObservability\":true,\"accessibility\":false,\"browserstackAutomation\":true,\"selfHeal\":false,\"disableAutoCaptureLogs\":false,\"testhub\":true,\"testContextOptions\":{\"skipSessionStatus\":false,\"skipSessionName\":false},\"logDir\":\"/Users/sanjeevareddysj/IdeaProjects/LearAumatingApp/LearAumatingApp/log\",\"buildIdentifier\":\"#11\",\"browserStackLocalOptions\":{\"localIdentifier\":\"Sep_29_1137_Sanjeeva-Reddy-2.local_srbb\",\"key\":\"BrUyx5M5aC3uabP5s3sQ\",\"skipBinaryInitialisation\":false},\"testOrchestrationOptions\":{\"retryTestsOnFailure\":{},\"abortBuildOnFailure\":{}},\"apis\":{\"automate\":{\"hub\":\"https://hub.browserstack.com\",\"cdp\":\"https://cdp.browserstack.com\",\"api\":\"https://api.browserstack.com\",\"upload\":\"https://api-cloud.browserstack.com\"},\"appAutomate\":{\"hub\":\"https://hub.browserstack.com\",\"api\":\"https://api.browserstack.com\",\"upload\":\"https://api-cloud.browserstack.com\"},\"percy\":{\"api\":\"https://api.browserstack.com\"},\"turboScale\":{\"api\":\"https://grid.browserstack.com\"},\"accessibility\":{\"api\":\"https://accessibility.browserstack.com\"},\"appAccessibility\":{\"api\":\"https://app-accessibility.browserstack.com\"},\"observability\":{\"api\":\"https://collector-observability.browserstack.com\",\"upload\":\"https://upload-observability.browserstack.com\"},\"configServer\":{\"api\":\"https://sdk.browserstack.com\"},\"edsInstrumentation\":{\"api\":\"https://eds.browserstack.com\"},\"tcg\":{\"api\":\"https://tcg.browserstack.com\"}},\"hubUrl\":\"https://hub-aps.browserstack.com/wd/hub\",\"proxySettings\":{}}"
testhub {
  jwt: "eyJhbGciOiJSUzI1NiJ9.eyJleHAiOiIxNzU5MTM2ODM1IiwiaXNzIjoid3d3LmJyb3dzZXJzdGFjay5jb20iLCJzdWIiOjYxNTkwNDMsInNjb3BlIjp7InByb2R1Y3QiOiJzZGsiLCJ1c2VyX2FjY2VzcyI6eyJ0ZXN0X29ic2VydmFiaWxpdHkiOjEsImF1dG9tYXRlIjoxLCJhcHBfYXV0b21hdGUiOjEsInBlcmN5IjoxLCJhcHBfcGVyY3kiOjEsImFjY2Vzc2liaWxpdHlfdGVzdGluZyI6MCwiYXBwX2FjY2Vzc2liaWxpdHlfdGVzdGluZyI6MSwiYXV0b21hdGVfdHVyYm9zY2FsZSI6MSwibG93X2NvZGVfYXV0b21hdGlvbiI6MX0sImlhYW1fcm9sZSI6Im93bmVyIn0sImdyb3VwX2lkIjo2MDc3MTc3LCJ0ZWFtX2lkIjpudWxsLCJ1ZGFjX2FjY2VzcyI6Imdsb2JhbCJ9.Hf_QWASlNTo_MaCOuBvevZ7RK9kYTZJeiGo-7d6-VzXAd2ucAP2uoeklOs2gZe55PKztmiXiJOVaLMx0lLgesyldWo1zMuBmMXxd1-ccN4CvpS7XAh1-4FegdeqKyx0KsTYbJlEJQtxNaHsrSjpgKaBq3YsgWciZY_iicjl9q-tuwJ7HR1wduQ7Z3ne2xoQSK6NrLiQiCdBao7RBqneDefX2Ce73a6xXyuJI5S5U2BCzceh6v2UeYiIMUEKm72-yJLdsMVhE71nZQFNLI1y5vRCXkWaABVw_qNebgy3Z3dHVzLaHgzD_1WLZ_3PhJlRJ2M9duDJ6Ynbz9txDu9Qc-g"
  build_hashed_id: "s2fc1aktqnqira2u2mupoi4hr05mswnfbe6vk75y"
  testhub_events: true
}
observability {
  success: true
}
percy {
  5: "app"
}
session_framework: "selenium"
test_orchestration {
  retry_tests_on_failure {
  }
  abort_build_on_failure {
  }
}

11:37:24.572 [main] INFO  com.browserstack.v2.SdkCLI - loadBinResponse: Loading modules as per LoadBinResponse=bin_session_id: "cde93d56-df5a-424d-8654-42c75ffd8b0b"
config: "{\"userName\":\"sanjeev_efWR7h\",\"accessKey\":\"BrUyx5M5aC3uabP5s3sQ\",\"framework\":\"testng\",\"app\":\"bs://10b3879a9bcc83cce31ac6dcd114a9d335e8b688\",\"platforms\":[{\"platformName\":\"android\",\"deviceName\":\"Samsung Galaxy S22 Ultra\",\"platformVersion\":\"12.0\"}],\"browserstackLocal\":true,\"buildName\":\"browserstack-local-build-1\",\"projectName\":\"BrowserStack Sanju\",\"testObservability\":true,\"accessibility\":false,\"browserstackAutomation\":true,\"selfHeal\":false,\"disableAutoCaptureLogs\":false,\"testhub\":true,\"testContextOptions\":{\"skipSessionStatus\":false,\"skipSessionName\":false},\"logDir\":\"/Users/sanjeevareddysj/IdeaProjects/LearAumatingApp/LearAumatingApp/log\",\"buildIdentifier\":\"#11\",\"browserStackLocalOptions\":{\"localIdentifier\":\"Sep_29_1137_Sanjeeva-Reddy-2.local_srbb\",\"key\":\"BrUyx5M5aC3uabP5s3sQ\",\"skipBinaryInitialisation\":false},\"testOrchestrationOptions\":{\"retryTestsOnFailure\":{},\"abortBuildOnFailure\":{}},\"apis\":{\"automate\":{\"hub\":\"https://hub.browserstack.com\",\"cdp\":\"https://cdp.browserstack.com\",\"api\":\"https://api.browserstack.com\",\"upload\":\"https://api-cloud.browserstack.com\"},\"appAutomate\":{\"hub\":\"https://hub.browserstack.com\",\"api\":\"https://api.browserstack.com\",\"upload\":\"https://api-cloud.browserstack.com\"},\"percy\":{\"api\":\"https://api.browserstack.com\"},\"turboScale\":{\"api\":\"https://grid.browserstack.com\"},\"accessibility\":{\"api\":\"https://accessibility.browserstack.com\"},\"appAccessibility\":{\"api\":\"https://app-accessibility.browserstack.com\"},\"observability\":{\"api\":\"https://collector-observability.browserstack.com\",\"upload\":\"https://upload-observability.browserstack.com\"},\"configServer\":{\"api\":\"https://sdk.browserstack.com\"},\"edsInstrumentation\":{\"api\":\"https://eds.browserstack.com\"},\"tcg\":{\"api\":\"https://tcg.browserstack.com\"}},\"hubUrl\":\"https://hub-aps.browserstack.com/wd/hub\",\"proxySettings\":{}}"
testhub {
  jwt: "eyJhbGciOiJSUzI1NiJ9.eyJleHAiOiIxNzU5MTM2ODM1IiwiaXNzIjoid3d3LmJyb3dzZXJzdGFjay5jb20iLCJzdWIiOjYxNTkwNDMsInNjb3BlIjp7InByb2R1Y3QiOiJzZGsiLCJ1c2VyX2FjY2VzcyI6eyJ0ZXN0X29ic2VydmFiaWxpdHkiOjEsImF1dG9tYXRlIjoxLCJhcHBfYXV0b21hdGUiOjEsInBlcmN5IjoxLCJhcHBfcGVyY3kiOjEsImFjY2Vzc2liaWxpdHlfdGVzdGluZyI6MCwiYXBwX2FjY2Vzc2liaWxpdHlfdGVzdGluZyI6MSwiYXV0b21hdGVfdHVyYm9zY2FsZSI6MSwibG93X2NvZGVfYXV0b21hdGlvbiI6MX0sImlhYW1fcm9sZSI6Im93bmVyIn0sImdyb3VwX2lkIjo2MDc3MTc3LCJ0ZWFtX2lkIjpudWxsLCJ1ZGFjX2FjY2VzcyI6Imdsb2JhbCJ9.Hf_QWASlNTo_MaCOuBvevZ7RK9kYTZJeiGo-7d6-VzXAd2ucAP2uoeklOs2gZe55PKztmiXiJOVaLMx0lLgesyldWo1zMuBmMXxd1-ccN4CvpS7XAh1-4FegdeqKyx0KsTYbJlEJQtxNaHsrSjpgKaBq3YsgWciZY_iicjl9q-tuwJ7HR1wduQ7Z3ne2xoQSK6NrLiQiCdBao7RBqneDefX2Ce73a6xXyuJI5S5U2BCzceh6v2UeYiIMUEKm72-yJLdsMVhE71nZQFNLI1y5vRCXkWaABVw_qNebgy3Z3dHVzLaHgzD_1WLZ_3PhJlRJ2M9duDJ6Ynbz9txDu9Qc-g"
  build_hashed_id: "s2fc1aktqnqira2u2mupoi4hr05mswnfbe6vk75y"
  testhub_events: true
}
observability {
  success: true
}
percy {
  5: "app"
}
session_framework: "selenium"
test_orchestration {
  retry_tests_on_failure {
  }
  abort_build_on_failure {
  }
}

11:37:24.586 [main] DEBUG com.browserstack.v2.SdkCLI - loadBinResponse: configured module=WebdriverModule & cde93d56-df5a-424d-8654-42c75ffd8b0b
11:37:24.586 [main] DEBUG com.browserstack.v2.SdkCLI - loadBinResponse: configured module=ObservabilityModule & cde93d56-df5a-424d-8654-42c75ffd8b0b
11:37:24.586 [main] DEBUG com.browserstack.v2.SdkCLI - loadBinResponse: configured module=TestHubModule & cde93d56-df5a-424d-8654-42c75ffd8b0b
11:37:24.606 [main] INFO  com.browserstack.v2.SdkCLI - startChild: child-process connected
11:37:24.615 [main] INFO  com.browserstack.v2.SdkCLI - startMain: main-process connected
11:37:26.998 [main] INFO  c.browserstack.BrowserStackJavaAgent - Project and debug logs are captured by default. To disable, set disableAutoCaptureLogs: true in config.
11:37:27.003 [main] INFO  com.browserstack.testOps.Listener - onStart: CLI is active
11:37:27.209 [main] DEBUG com.browserstack.v2.SdkCLI - Setting up testng framework
11:37:27.210 [main] DEBUG com.browserstack.v2.SdkCLI - Setting up selenium framework
11:37:27.507 [Test worker] INFO  com.browserstack.testOps.Listener - logCreated: CLI is active
11:37:27.508 [Test worker] INFO  com.browserstack.testOps.Listener - logCreated: CLI is active
11:37:27.509 [Test worker] INFO  com.browserstack.testOps.Listener - logCreated: CLI is active
11:37:27.509 [Test worker] INFO  com.browserstack.testOps.Listener - logCreated: CLI is active
11:37:27.509 [Test worker] INFO  com.browserstack.testOps.Listener - logCreated: CLI is active
11:37:27.509 [Test worker] INFO  com.browserstack.testOps.Listener - logCreated: CLI is active
11:37:27.509 [Test worker] INFO  com.browserstack.testOps.Listener - logCreated: CLI is active
11:37:27.509 [Test worker] INFO  com.browserstack.testOps.Listener - logCreated: CLI is active
11:37:27.510 [Test worker] INFO  com.browserstack.testOps.Listener - logCreated: CLI is active
11:37:27.514 [Test worker] INFO  com.browserstack.testOps.Listener - logCreated: CLI is active
11:37:27.514 [Test worker] INFO  com.browserstack.testOps.Listener - logCreated: CLI is active
11:37:27.515 [Test worker] INFO  com.browserstack.testOps.Listener - logCreated: CLI is active
11:37:27.515 [Test worker] INFO  com.browserstack.testOps.Listener - logCreated: CLI is active
11:37:27.515 [Test worker] INFO  com.browserstack.testOps.Listener - logCreated: CLI is active
11:37:27.515 [Test worker] INFO  com.browserstack.testOps.Listener - logCreated: CLI is active
11:37:27.516 [Test worker] INFO  com.browserstack.testOps.Listener - logCreated: CLI is active
11:37:27.516 [Test worker] INFO  com.browserstack.testOps.Listener - logCreated: CLI is active
11:37:27.516 [Test worker] INFO  com.browserstack.testOps.Listener - logCreated: CLI is active
11:37:27.516 [Test worker] INFO  com.browserstack.testOps.Listener - logCreated: CLI is active
11:37:27.516 [Test worker] INFO  com.browserstack.testOps.Listener - logCreated: CLI is active
11:37:27.516 [Test worker] INFO  com.browserstack.testOps.Listener - logCreated: CLI is active
11:37:27.517 [Test worker] INFO  com.browserstack.testOps.Listener - logCreated: CLI is active
11:37:27.517 [Test worker] INFO  com.browserstack.testOps.Listener - logCreated: CLI is active
11:37:27.517 [Test worker] INFO  com.browserstack.testOps.Listener - logCreated: CLI is active
11:37:27.517 [Test worker] INFO  com.browserstack.testOps.Listener - logCreated: CLI is active
11:37:27.518 [Test worker] INFO  com.browserstack.testOps.Listener - logCreated: CLI is active
11:37:27.518 [Test worker] INFO  com.browserstack.testOps.Listener - logCreated: CLI is active
11:37:27.518 [Test worker] INFO  com.browserstack.testOps.Listener - logCreated: CLI is active
11:37:27.518 [Test worker] INFO  com.browserstack.testOps.Listener - logCreated: CLI is active
11:37:27.519 [Test worker] INFO  com.browserstack.testOps.Listener - logCreated: CLI is active
11:37:27.519 [Test worker] INFO  com.browserstack.testOps.Listener - logCreated: CLI is active
11:37:27.519 [Test worker] INFO  com.browserstack.testOps.Listener - logCreated: CLI is active
11:37:27.519 [Test worker] INFO  com.browserstack.testOps.Listener - logCreated: CLI is active
11:37:27.520 [Test worker] INFO  com.browserstack.testOps.Listener - logCreated: CLI is active
11:37:27.520 [Test worker] INFO  com.browserstack.testOps.Listener - logCreated: CLI is active
11:37:27.520 [Test worker] INFO  com.browserstack.testOps.Listener - logCreated: CLI is active
11:37:27.520 [Test worker] INFO  com.browserstack.testOps.Listener - logCreated: CLI is active
11:37:27.521 [Test worker] INFO  com.browserstack.testOps.Listener - logCreated: CLI is active
11:37:27.521 [Test worker] INFO  com.browserstack.testOps.Listener - logCreated: CLI is active
11:37:27.521 [Test worker] INFO  com.browserstack.testOps.Listener - logCreated: CLI is active
11:37:27.521 [Test worker] INFO  com.browserstack.testOps.Listener - logCreated: CLI is active
11:37:27.530 [Test worker] INFO  com.browserstack.testOps.Listener - logCreated: CLI is active
11:37:27.534 [TestNG-tests-1] INFO  c.b.v2.framework.TestNgFramework - trackTestNgTest: saved instance contextId=1741108805 target=/Users/sanjeevareddysj/IdeaProjects/LearAumatingApp/LearAumatingApp-0@0 instances=[1741108805]
11:37:27.534 [TestNG-tests-1] INFO  c.b.v2.framework.TestNgFramework - trackEvent: found instance, testFrameworkState=TestFrameworkState.INIT_TEST hookState=HookState.PRE instance=1741108805
11:37:27.534 [TestNG-tests-1] INFO  c.b.v2.framework.TestNgFramework - trackEvent: loaded instance, testFrameworkState=TestFrameworkState.INIT_TEST hookState=HookState.PRE instance=1741108805
11:37:27.537 [/Users/sanjeevareddysj/IdeaProjects/LearAumatingApp/LearAumatingApp-0@0] INFO  com.browserstack.testOps.Listener - logCreated: CLI is active
11:37:27.547 [/Users/sanjeevareddysj/IdeaProjects/LearAumatingApp/LearAumatingApp-0@0] INFO  c.b.v2.framework.TestNgFramework - trackEvent: found instance, testFrameworkState=TestFrameworkState.BEFORE_CLASS hookState=HookState.PRE instance=1741108805
11:37:27.548 [/Users/sanjeevareddysj/IdeaProjects/LearAumatingApp/LearAumatingApp-0@0] INFO  c.b.v2.framework.TestNgFramework - trackEvent: loaded common test data, testFrameworkState=TestFrameworkState.BEFORE_CLASS hookState=HookState.PRE instance=1741108805
11:37:27.548 [/Users/sanjeevareddysj/IdeaProjects/LearAumatingApp/LearAumatingApp-0@0] INFO  c.b.v2.framework.TestNgFramework - trackEvent: track hook events
11:37:27.598 [/Users/sanjeevareddysj/IdeaProjects/LearAumatingApp/LearAumatingApp-0@0] INFO  c.b.v2.framework.TestNgFramework - args CHECK = [TestResult name=preRequisit status=STARTED method=GojekWelcomeScreenVerificationTest.preRequisit()[pri:0, instance:gojek.android.gojek.GojekWelcomeScreenVerificationTest@79aee22a] output={null}]
11:37:27.599 [/Users/sanjeevareddysj/IdeaProjects/LearAumatingApp/LearAumatingApp-0@0] INFO  c.b.v2.framework.TestNgFramework - Hook Started in PRE key = BEFORE_CLASS & hook = {hook_name=preRequisit, hook_result=pending, test_file_path=LearAumatingApp/src/test/java/gojek/android/gojek/GojekWelcomeScreenVerificationTest.java, event_started_at=2025-09-29T11:37:27.599601, hook_id=71b27ffc-fd2d-40d6-adc3-e4e0e4546add, hook_logs=[], key=BEFORE_CLASS, custom_metadata={}, test_location=LearAumatingApp/src/test/java/gojek/android/gojek/GojekWelcomeScreenVerificationTest.java}  and args = [[TestResult name=preRequisit status=STARTED method=GojekWelcomeScreenVerificationTest.preRequisit()[pri:0, instance:gojek.android.gojek.GojekWelcomeScreenVerificationTest@79aee22a] output={null}], GojekWelcomeScreenVerificationTest.preRequisit()[pri:0, instance:gojek.android.gojek.GojekWelcomeScreenVerificationTest@79aee22a]]
11:37:27.600 [/Users/sanjeevareddysj/IdeaProjects/LearAumatingApp/LearAumatingApp-0@0] INFO  c.b.v2.framework.TestNgFramework - trackHookEvents: hook state=BEFORE_CLASS.HookState.PRE , hooks started={BEFORE_CLASS=[{hook_name=preRequisit, hook_result=pending, test_file_path=LearAumatingApp/src/test/java/gojek/android/gojek/GojekWelcomeScreenVerificationTest.java, event_started_at=2025-09-29T11:37:27.599601, hook_id=71b27ffc-fd2d-40d6-adc3-e4e0e4546add, hook_logs=[], key=BEFORE_CLASS, custom_metadata={}, test_location=LearAumatingApp/src/test/java/gojek/android/gojek/GojekWelcomeScreenVerificationTest.java}]} , hooks finished={BEFORE_CLASS=[]}
11:37:27.614 [/Users/sanjeevareddysj/IdeaProjects/LearAumatingApp/LearAumatingApp-0@0] INFO  c.b.v2.module.TestHubModule - sendTestFrameworkEvent: event=com.browserstack.v2.eventBus.Event@5890e6b, response=success: true

11:37:27.654 [preRequisit@0] INFO  c.b.v2.framework.TestNgFramework - trackEvent: found instance, testFrameworkState=TestFrameworkState.LOG hookState=HookState.PRE instance=1741108805
11:37:27.654 [preRequisit@0] INFO  c.b.v2.framework.TestNgFramework - trackEvent: load log entries
11:37:27.665 [preRequisit@0] INFO  c.b.v2.module.TestHubModule - sendLogCreatedEvent: event=com.browserstack.v2.eventBus.Event@27e77964, response=success: true

11:37:27.666 [preRequisit@0] INFO  c.b.v2.module.TestHubModule - sendLogCreatedEvent: event=com.browserstack.v2.eventBus.Event@27e77964
11:37:27.670 [preRequisit@0] INFO  c.b.v2.framework.TestNgFramework - trackEvent: found instance, testFrameworkState=TestFrameworkState.LOG hookState=HookState.PRE instance=1741108805
11:37:27.670 [preRequisit@0] INFO  c.b.v2.framework.TestNgFramework - trackEvent: load log entries
11:37:27.673 [preRequisit@0] INFO  c.b.v2.module.TestHubModule - sendLogCreatedEvent: event=com.browserstack.v2.eventBus.Event@d773bda, response=success: true

11:37:27.673 [preRequisit@0] INFO  c.b.v2.module.TestHubModule - sendLogCreatedEvent: event=com.browserstack.v2.eventBus.Event@d773bda
11:37:27.678 [preRequisit@0] INFO  c.b.v2.framework.TestNgFramework - trackEvent: found instance, testFrameworkState=TestFrameworkState.LOG hookState=HookState.PRE instance=1741108805
11:37:27.678 [preRequisit@0] INFO  c.b.v2.framework.TestNgFramework - trackEvent: load log entries
11:37:27.680 [preRequisit@0] INFO  c.b.v2.module.TestHubModule - sendLogCreatedEvent: event=com.browserstack.v2.eventBus.Event@40c58ce2, response=success: true

11:37:27.680 [preRequisit@0] INFO  c.b.v2.module.TestHubModule - sendLogCreatedEvent: event=com.browserstack.v2.eventBus.Event@40c58ce2
11:37:27.732 [preRequisit@0] INFO  c.b.v2.framework.SeleniumFramework - trackSeleniumTest: saved instance contextId=-1128620130 target=7671:41 instances=[-1128620130]
11:37:27.733 [preRequisit@0] INFO  c.b.v2.module.WebdriverModule - onBeforeDriverCreate: event=com.browserstack.v2.eventBus.Event@69f805c8
11:37:27.736 [preRequisit@0] INFO  c.b.v2.module.WebdriverModule - onBeforeDriverCreate: event=com.browserstack.v2.eventBus.Event@69f805c8
11:37:27.758 [preRequisit@0] INFO  c.b.v2.module.WebdriverModule - beforeCommandExecute: event=com.browserstack.v2.eventBus.Event@3348b1bd
11:37:27.758 [preRequisit@0] INFO  c.b.v2.module.WebdriverModule - beforeCommandExecute: event=com.browserstack.v2.eventBus.Event@3348b1bd
11:38:01.022 [preRequisit@0] INFO  c.b.v2.module.WebdriverModule - afterCommandExecute: event=com.browserstack.v2.eventBus.Event@65ff3692
11:38:01.022 [preRequisit@0] INFO  c.b.v2.module.WebdriverModule - afterCommandExecute: event=com.browserstack.v2.eventBus.Event@65ff3692
11:38:01.022 [preRequisit@0] INFO  c.b.v2.module.ObservabilityModule - THREAD ID Inside Process= 41
11:38:01.022 [preRequisit@0] INFO  c.b.v2.module.ObservabilityModule - Processing TestLevel attachments from directory: /Users/sanjeevareddysj/.browserstack/UploadedAttachments-41/TestLevel
11:38:01.023 [preRequisit@0] INFO  c.b.v2.module.ObservabilityModule - Processing BuildLevel attachments from directory: /Users/sanjeevareddysj/.browserstack/UploadedAttachments-41/BuildLevel
11:38:01.023 [preRequisit@0] INFO  c.b.v2.module.ObservabilityModule - Processing attachments eventLogs: []
11:38:01.023 [preRequisit@0] INFO  c.b.v2.module.ObservabilityModule - sendLogCreatedEvent: No Log Events to send
11:38:01.030 [preRequisit@0] INFO  c.b.v2.framework.SeleniumFramework - trackSeleniumTest: saved instance contextId=-1128620130 target=7671:41 instances=[-1128620130]
11:38:01.030 [preRequisit@0] INFO  c.b.v2.module.WebdriverModule - onDriverCreated: event=com.browserstack.v2.eventBus.Event@7f6f0b4e
11:38:01.032 [preRequisit@0] INFO  c.b.v2.module.WebdriverModule - Found session id=3193a433cb0d00faec6a95148ed5be38f3b5d916 for instance=com.browserstack.v2.instance.AutomationFrameworkInstance@4937ba80
11:38:01.033 [preRequisit@0] INFO  c.b.v2.module.WebdriverModule - Driver added successfully to automationFramework
11:38:01.037 [preRequisit@0] ERROR c.b.v2.module.WebdriverModule - Error AutomationFrameworkStart to start driver with error java.lang.ClassCastException: class java.lang.Object cannot be cast to class browserstack.sdk.v1.Sdk$AutomationFrameworkStartResponse (java.lang.Object is in module java.base of loader 'bootstrap'; browserstack.sdk.v1.Sdk$AutomationFrameworkStartResponse is in unnamed module of loader 'app')
	at com.browserstack.v2.module.WebdriverModule.startDriver(Unknown Source)
	at com.browserstack.v2.module.WebdriverModule.onDriverCreated(Unknown Source)
	at com.browserstack.v2.eventBus.EventDispatcher.notifyModuleObservers(Unknown Source)
	at com.browserstack.v2.framework.AutomationFramework.runHooks(Unknown Source)
	at com.browserstack.v2.framework.SeleniumFramework.trackEvent(Unknown Source)
	at com.browserstack.selenium.SeleniumHandler.persistDriverInstance(Unknown Source)
	at com.browserstack.selenium.SeleniumHandler.afterDriverInit(Unknown Source)
	at org.openqa.selenium.remote.RemoteWebDriver.<init>(RemoteWebDriver.java:183)
	at io.appium.java_client.AppiumDriver.<init>(AppiumDriver.java:101)
	at io.appium.java_client.AppiumDriver.<init>(AppiumDriver.java:113)
	at io.appium.java_client.android.AndroidDriver.<init>(AndroidDriver.java:109)
	at coreDriver.Drivers.createBrowserStackDriver(Drivers.java:98)
	at coreDriver.Drivers.createDriver(Drivers.java:37)
	at coreDriver.Drivers.getDrivers(Drivers.java:31)
	at gojek.android.gojek.GojekWelcomeScreenVerificationTest.preRequisit(GojekWelcomeScreenVerificationTest.java:21)
	at java.base/jdk.internal.reflect.NativeMethodAccessorImpl.invoke0(Native Method)
	at java.base/jdk.internal.reflect.NativeMethodAccessorImpl.invoke(NativeMethodAccessorImpl.java:77)
	at java.base/jdk.internal.reflect.DelegatingMethodAccessorImpl.invoke(DelegatingMethodAccessorImpl.java:43)
	at java.base/java.lang.reflect.Method.invoke(Method.java:568)
	at org.testng.internal.invokers.MethodInvocationHelper.invokeMethod(MethodInvocationHelper.java:141)
	at org.testng.internal.invokers.MethodInvocationHelper.invokeMethodConsideringTimeout(MethodInvocationHelper.java:71)
	at org.testng.internal.invokers.ConfigInvoker.invokeConfigurationMethod(ConfigInvoker.java:400)
	at org.testng.internal.invokers.ConfigInvoker.invokeConfigurations(ConfigInvoker.java:333)
	at org.testng.internal.invokers.TestMethodWorker.invokeBeforeClassMethods(TestMethodWorker.java:188)
	at org.testng.internal.invokers.TestMethodWorker.run(TestMethodWorker.java:128)
	at java.base/java.util.ArrayList.forEach(ArrayList.java:1511)
	at org.testng.TestRunner.privateRun(TestRunner.java:741)
	at org.testng.TestRunner.run(TestRunner.java:616)
	at org.testng.SuiteRunner.runTest(SuiteRunner.java:421)
	at org.testng.SuiteRunner$SuiteWorker.run(SuiteRunner.java:463)
	at org.testng.internal.thread.ThreadUtil.lambda$execute$0(ThreadUtil.java:64)
	at java.base/java.util.concurrent.FutureTask.run(FutureTask.java:264)
	at java.base/java.util.concurrent.ThreadPoolExecutor.runWorker(ThreadPoolExecutor.java:1136)
	at java.base/java.util.concurrent.ThreadPoolExecutor$Worker.run(ThreadPoolExecutor.java:635)
	at java.base/java.lang.Thread.run(Thread.java:842)

11:38:01.037 [preRequisit@0] INFO  c.b.v2.module.WebdriverModule - onDriverCreated: event=com.browserstack.v2.eventBus.Event@7f6f0b4e
11:38:01.037 [preRequisit@0] INFO  c.b.v2.module.WebdriverModule - Found session id=3193a433cb0d00faec6a95148ed5be38f3b5d916 for instance=com.browserstack.v2.instance.AutomationFrameworkInstance@4937ba80
11:38:01.037 [preRequisit@0] INFO  c.b.v2.module.WebdriverModule - Driver added successfully to automationFramework
11:38:01.268 [preRequisit@0] INFO  c.b.v2.framework.TestNgFramework - trackEvent: found instance, testFrameworkState=TestFrameworkState.BEFORE_CLASS hookState=HookState.POST instance=1741108805
11:38:01.268 [preRequisit@0] INFO  c.b.v2.framework.TestNgFramework - trackEvent: loaded common test data, testFrameworkState=TestFrameworkState.BEFORE_CLASS hookState=HookState.POST instance=1741108805
11:38:01.269 [preRequisit@0] INFO  c.b.v2.framework.TestNgFramework - trackEvent: track hook events
11:38:01.330 [preRequisit@0] INFO  c.b.v2.framework.TestNgFramework - args CHECK = [TestResult name=preRequisit status=SUCCESS method=GojekWelcomeScreenVerificationTest.preRequisit()[pri:0, instance:gojek.android.gojek.GojekWelcomeScreenVerificationTest@79aee22a] output={null}]
11:38:01.330 [preRequisit@0] INFO  c.b.v2.framework.TestNgFramework - Hook List in Post [{hook_name=preRequisit, hook_result=pending, test_file_path=LearAumatingApp/src/test/java/gojek/android/gojek/GojekWelcomeScreenVerificationTest.java, event_started_at=2025-09-29T11:37:27.599601, hook_id=71b27ffc-fd2d-40d6-adc3-e4e0e4546add, hook_logs=[], key=BEFORE_CLASS, custom_metadata={}, test_location=LearAumatingApp/src/test/java/gojek/android/gojek/GojekWelcomeScreenVerificationTest.java}] and args = [[TestResult name=preRequisit status=SUCCESS method=GojekWelcomeScreenVerificationTest.preRequisit()[pri:0, instance:gojek.android.gojek.GojekWelcomeScreenVerificationTest@79aee22a] output={null}], GojekWelcomeScreenVerificationTest.preRequisit()[pri:0, instance:gojek.android.gojek.GojekWelcomeScreenVerificationTest@79aee22a]]
11:38:01.330 [preRequisit@0] INFO  c.b.v2.framework.TestNgFramework - Processing HookLevel attachments from directory: /Users/sanjeevareddysj/.browserstack/UploadedAttachments-41/HookLevel
11:38:01.330 [preRequisit@0] INFO  c.b.v2.framework.TestNgFramework - Checking hookLevelFiles: []
11:38:01.330 [preRequisit@0] INFO  c.b.v2.framework.TestNgFramework - checking Paths of files = /Users/sanjeevareddysj/.browserstack/UploadedAttachments-41/HookLevel/BuildLevelHookEvent and abs path = /Users/sanjeevareddysj/.browserstack/UploadedAttachments-41/HookLevel/BuildLevelHookEvent 
11:38:01.331 [preRequisit@0] INFO  c.b.v2.framework.TestNgFramework - Processing BuildLevelHookEvent attachments from directory: /Users/sanjeevareddysj/.browserstack/UploadedAttachments-41/HookLevel/BuildLevelHookEvent
11:38:01.331 [preRequisit@0] INFO  c.b.v2.framework.TestNgFramework - Processing TestLevel attachments eventLogs: []
11:38:01.331 [preRequisit@0] INFO  c.b.v2.framework.TestNgFramework - sendLogCreatedEvent: No Log Events to send
11:38:01.331 [preRequisit@0] INFO  c.b.v2.framework.TestNgFramework - trackHookEvents: hook state=BEFORE_CLASS.HookState.POST , hooks started={BEFORE_CLASS=[]} , hooks finished={BEFORE_CLASS=[{hook_name=preRequisit, hook_result=passed, test_file_path=LearAumatingApp/src/test/java/gojek/android/gojek/GojekWelcomeScreenVerificationTest.java, event_started_at=2025-09-29T11:37:27.599601, hook_id=71b27ffc-fd2d-40d6-adc3-e4e0e4546add, hook_logs=[], logs=[], key=BEFORE_CLASS, custom_metadata={}, event_ended_at=2025-09-29T11:38:01.330852, test_location=LearAumatingApp/src/test/java/gojek/android/gojek/GojekWelcomeScreenVerificationTest.java}]}
11:38:01.336 [preRequisit@0] INFO  c.b.v2.module.TestHubModule - sendTestFrameworkEvent: event=com.browserstack.v2.eventBus.Event@b3ad7f8, response=success: true

11:38:01.345 [preRequisit@0] INFO  c.b.v2.framework.TestNgFramework - trackEvent: found instance, testFrameworkState=TestFrameworkState.TEST hookState=HookState.PRE instance=1741108805
11:38:01.358 [preRequisit@0] INFO  c.b.v2.framework.TestNgFramework - trackEvent: loaded initial test data to instance, testFrameworkState=TestFrameworkState.TEST hookState=HookState.PRE instance=1741108805 instanceThreadId=41 testResult=/Users/sanjeevareddysj/IdeaProjects/LearAumatingApp/LearAumatingApp-0 testData={test_uuid=61676979-e46c-4fb0-b96d-31005313688f, test_file_path=src/test/java/gojek/android/gojek/GojekWelcomeScreenVerificationTest.java, test_scope=All Test Suite.gojek.android.gojek.GojekWelcomeScreenVerificationTest, test_meta={}, test_scopes=[All Test Suite, gojek.android.gojek.GojekWelcomeScreenVerificationTest], test_code=public void gojek.android.gojek.GojekWelcomeScreenVerificationTest.changeAppLanguage(), test_session_name=gojek.android.gojek.GojekWelcomeScreenVerificationTest-changeAppLanguage, test_name=changeAppLanguage, test_tags=, custom_metadata={}, test_id=/Users/sanjeevareddysj/IdeaProjects/LearAumatingApp/LearAumatingApp-0@0, test_location=src/test/java/gojek/android/gojek/GojekWelcomeScreenVerificationTest.java}
11:38:01.358 [preRequisit@0] INFO  c.b.v2.module.WebdriverModule - onBeforeTest: event=com.browserstack.v2.eventBus.Event@2b196d64
11:38:01.358 [preRequisit@0] INFO  c.b.v2.module.WebdriverModule - onBeforeTest: event=com.browserstack.v2.eventBus.Event@2b196d64
11:38:01.358 [preRequisit@0] INFO  c.b.v2.module.TestHubModule - onBeforeTest: event={com.browserstack.v2.eventBus.Event@2b196d64}
11:38:01.387 [preRequisit@0] INFO  c.b.v2.module.TestHubModule - sendTestSessionEvent: event=com.browserstack.v2.eventBus.Event@2b196d64, response=success: true

11:38:01.393 [preRequisit@0] INFO  c.b.v2.module.TestHubModule - sendTestFrameworkEvent: event=com.browserstack.v2.eventBus.Event@2b196d64, response=success: true

11:38:01.394 [preRequisit@0] INFO  c.b.v2.module.ObservabilityModule - onBeforeTest: event={instance=com.browserstack.v2.instance.TestFrameworkInstance@4a5698e9, testFrameworkState=TestFrameworkState.TEST, testInstance=com.browserstack.v2.instance.TestFrameworkInstance@4a5698e9, autoInstance=[com.browserstack.v2.instance.AutomationFrameworkInstance@4937ba80], hookState=HookState.PRE}
11:38:01.394 [preRequisit@0] INFO  c.b.v2.module.ObservabilityModule - performTestReportingSync: Performing TEST REPORTING AND ANALYTICS Sync
11:38:01.624 [changeAppLanguage@0] INFO  c.b.v2.module.WebdriverModule - beforeCommandExecute: event=com.browserstack.v2.eventBus.Event@67554e66
11:38:01.624 [changeAppLanguage@0] INFO  c.b.v2.module.WebdriverModule - beforeCommandExecute: event=com.browserstack.v2.eventBus.Event@67554e66
11:38:01.624 [changeAppLanguage@0] INFO  c.b.v2.module.WebdriverModule - beforeCommandExecute: event=com.browserstack.v2.eventBus.Event@374afa07
11:38:01.624 [changeAppLanguage@0] INFO  c.b.v2.module.WebdriverModule - beforeCommandExecute: event=com.browserstack.v2.eventBus.Event@374afa07
11:38:01.716 [changeAppLanguage@0] INFO  c.b.v2.module.WebdriverModule - afterCommandExecute: event=com.browserstack.v2.eventBus.Event@99306a
11:38:01.716 [changeAppLanguage@0] INFO  c.b.v2.module.WebdriverModule - afterCommandExecute: event=com.browserstack.v2.eventBus.Event@99306a
11:38:01.716 [changeAppLanguage@0] INFO  c.b.v2.module.ObservabilityModule - THREAD ID Inside Process= 41
11:38:01.716 [changeAppLanguage@0] INFO  c.b.v2.module.ObservabilityModule - Processing TestLevel attachments from directory: /Users/sanjeevareddysj/.browserstack/UploadedAttachments-41/TestLevel
11:38:01.716 [changeAppLanguage@0] INFO  c.b.v2.module.ObservabilityModule - Processing BuildLevel attachments from directory: /Users/sanjeevareddysj/.browserstack/UploadedAttachments-41/BuildLevel
11:38:01.716 [changeAppLanguage@0] INFO  c.b.v2.module.ObservabilityModule - Processing attachments eventLogs: []
11:38:01.716 [changeAppLanguage@0] INFO  c.b.v2.module.ObservabilityModule - sendLogCreatedEvent: No Log Events to send
11:38:01.721 [changeAppLanguage@0] INFO  c.b.v2.module.WebdriverModule - afterCommandExecute: event=com.browserstack.v2.eventBus.Event@271897b4
11:38:01.721 [changeAppLanguage@0] INFO  c.b.v2.module.WebdriverModule - afterCommandExecute: event=com.browserstack.v2.eventBus.Event@271897b4
11:38:01.721 [changeAppLanguage@0] INFO  c.b.v2.module.ObservabilityModule - THREAD ID Inside Process= 41
11:38:01.721 [changeAppLanguage@0] INFO  c.b.v2.module.ObservabilityModule - Processing TestLevel attachments from directory: /Users/sanjeevareddysj/.browserstack/UploadedAttachments-41/TestLevel
11:38:01.721 [changeAppLanguage@0] INFO  c.b.v2.module.ObservabilityModule - Processing BuildLevel attachments from directory: /Users/sanjeevareddysj/.browserstack/UploadedAttachments-41/BuildLevel
11:38:01.721 [changeAppLanguage@0] INFO  c.b.v2.module.ObservabilityModule - Processing attachments eventLogs: []
11:38:01.721 [changeAppLanguage@0] INFO  c.b.v2.module.ObservabilityModule - sendLogCreatedEvent: No Log Events to send
11:38:01.727 [changeAppLanguage@0] INFO  c.b.v2.module.WebdriverModule - beforeCommandExecute: event=com.browserstack.v2.eventBus.Event@1e0fecb2
11:38:01.727 [changeAppLanguage@0] INFO  c.b.v2.module.WebdriverModule - beforeCommandExecute: event=com.browserstack.v2.eventBus.Event@1e0fecb2
11:38:03.782 [changeAppLanguage@0] INFO  c.b.v2.module.WebdriverModule - afterCommandExecute: event=com.browserstack.v2.eventBus.Event@1e6b48f8
11:38:03.782 [changeAppLanguage@0] INFO  c.b.v2.module.WebdriverModule - afterCommandExecute: event=com.browserstack.v2.eventBus.Event@1e6b48f8
11:38:03.782 [changeAppLanguage@0] INFO  c.b.v2.module.ObservabilityModule - THREAD ID Inside Process= 41
11:38:03.782 [changeAppLanguage@0] INFO  c.b.v2.module.ObservabilityModule - Processing TestLevel attachments from directory: /Users/sanjeevareddysj/.browserstack/UploadedAttachments-41/TestLevel
11:38:03.782 [changeAppLanguage@0] INFO  c.b.v2.module.ObservabilityModule - Processing BuildLevel attachments from directory: /Users/sanjeevareddysj/.browserstack/UploadedAttachments-41/BuildLevel
11:38:03.782 [changeAppLanguage@0] INFO  c.b.v2.module.ObservabilityModule - Processing attachments eventLogs: []
11:38:03.782 [changeAppLanguage@0] INFO  c.b.v2.module.ObservabilityModule - sendLogCreatedEvent: No Log Events to send
11:38:03.787 [changeAppLanguage@0] INFO  c.b.v2.module.WebdriverModule - beforeCommandExecute: event=com.browserstack.v2.eventBus.Event@2ba11ab6
11:38:03.787 [changeAppLanguage@0] INFO  c.b.v2.module.WebdriverModule - beforeCommandExecute: event=com.browserstack.v2.eventBus.Event@2ba11ab6
11:38:03.895 [changeAppLanguage@0] INFO  c.b.v2.module.WebdriverModule - afterCommandExecute: event=com.browserstack.v2.eventBus.Event@534009cb
11:38:03.895 [changeAppLanguage@0] INFO  c.b.v2.module.WebdriverModule - afterCommandExecute: event=com.browserstack.v2.eventBus.Event@534009cb
11:38:03.895 [changeAppLanguage@0] INFO  c.b.v2.module.ObservabilityModule - THREAD ID Inside Process= 41
11:38:03.895 [changeAppLanguage@0] INFO  c.b.v2.module.ObservabilityModule - Processing TestLevel attachments from directory: /Users/sanjeevareddysj/.browserstack/UploadedAttachments-41/TestLevel
11:38:03.895 [changeAppLanguage@0] INFO  c.b.v2.module.ObservabilityModule - Processing BuildLevel attachments from directory: /Users/sanjeevareddysj/.browserstack/UploadedAttachments-41/BuildLevel
11:38:03.895 [changeAppLanguage@0] INFO  c.b.v2.module.ObservabilityModule - Processing attachments eventLogs: []
11:38:03.895 [changeAppLanguage@0] INFO  c.b.v2.module.ObservabilityModule - sendLogCreatedEvent: No Log Events to send
11:38:03.897 [changeAppLanguage@0] INFO  c.b.v2.module.WebdriverModule - beforeCommandExecute: event=com.browserstack.v2.eventBus.Event@7d8aef19
11:38:03.897 [changeAppLanguage@0] INFO  c.b.v2.module.WebdriverModule - beforeCommandExecute: event=com.browserstack.v2.eventBus.Event@7d8aef19
11:38:03.897 [changeAppLanguage@0] INFO  c.b.v2.module.WebdriverModule - beforeCommandExecute: event=com.browserstack.v2.eventBus.Event@2ed7af32
11:38:03.897 [changeAppLanguage@0] INFO  c.b.v2.module.WebdriverModule - beforeCommandExecute: event=com.browserstack.v2.eventBus.Event@2ed7af32
11:38:03.937 [changeAppLanguage@0] INFO  c.b.v2.module.WebdriverModule - afterCommandExecute: event=com.browserstack.v2.eventBus.Event@4bbfc2f4
11:38:03.937 [changeAppLanguage@0] INFO  c.b.v2.module.WebdriverModule - afterCommandExecute: event=com.browserstack.v2.eventBus.Event@4bbfc2f4
11:38:03.937 [changeAppLanguage@0] INFO  c.b.v2.module.ObservabilityModule - THREAD ID Inside Process= 41
11:38:03.937 [changeAppLanguage@0] INFO  c.b.v2.module.ObservabilityModule - Processing TestLevel attachments from directory: /Users/sanjeevareddysj/.browserstack/UploadedAttachments-41/TestLevel
11:38:03.937 [changeAppLanguage@0] INFO  c.b.v2.module.ObservabilityModule - Processing BuildLevel attachments from directory: /Users/sanjeevareddysj/.browserstack/UploadedAttachments-41/BuildLevel
11:38:03.937 [changeAppLanguage@0] INFO  c.b.v2.module.ObservabilityModule - Processing attachments eventLogs: []
11:38:03.937 [changeAppLanguage@0] INFO  c.b.v2.module.ObservabilityModule - sendLogCreatedEvent: No Log Events to send
11:38:03.939 [changeAppLanguage@0] INFO  c.b.v2.module.WebdriverModule - afterCommandExecute: event=com.browserstack.v2.eventBus.Event@194a1fd8
11:38:03.939 [changeAppLanguage@0] INFO  c.b.v2.module.WebdriverModule - afterCommandExecute: event=com.browserstack.v2.eventBus.Event@194a1fd8
11:38:03.939 [changeAppLanguage@0] INFO  c.b.v2.module.ObservabilityModule - THREAD ID Inside Process= 41
11:38:03.939 [changeAppLanguage@0] INFO  c.b.v2.module.ObservabilityModule - Processing TestLevel attachments from directory: /Users/sanjeevareddysj/.browserstack/UploadedAttachments-41/TestLevel
11:38:03.939 [changeAppLanguage@0] INFO  c.b.v2.module.ObservabilityModule - Processing BuildLevel attachments from directory: /Users/sanjeevareddysj/.browserstack/UploadedAttachments-41/BuildLevel
11:38:03.939 [changeAppLanguage@0] INFO  c.b.v2.module.ObservabilityModule - Processing attachments eventLogs: []
11:38:03.939 [changeAppLanguage@0] INFO  c.b.v2.module.ObservabilityModule - sendLogCreatedEvent: No Log Events to send
11:38:03.941 [changeAppLanguage@0] INFO  c.b.v2.module.WebdriverModule - beforeCommandExecute: event=com.browserstack.v2.eventBus.Event@3fea4634
11:38:03.941 [changeAppLanguage@0] INFO  c.b.v2.module.WebdriverModule - beforeCommandExecute: event=com.browserstack.v2.eventBus.Event@3fea4634
11:38:04.928 [changeAppLanguage@0] INFO  c.b.v2.module.WebdriverModule - afterCommandExecute: event=com.browserstack.v2.eventBus.Event@6ac796bd
11:38:04.928 [changeAppLanguage@0] INFO  c.b.v2.module.WebdriverModule - afterCommandExecute: event=com.browserstack.v2.eventBus.Event@6ac796bd
11:38:04.928 [changeAppLanguage@0] INFO  c.b.v2.module.ObservabilityModule - THREAD ID Inside Process= 41
11:38:04.928 [changeAppLanguage@0] INFO  c.b.v2.module.ObservabilityModule - Processing TestLevel attachments from directory: /Users/sanjeevareddysj/.browserstack/UploadedAttachments-41/TestLevel
11:38:04.928 [changeAppLanguage@0] INFO  c.b.v2.module.ObservabilityModule - Processing BuildLevel attachments from directory: /Users/sanjeevareddysj/.browserstack/UploadedAttachments-41/BuildLevel
11:38:04.928 [changeAppLanguage@0] INFO  c.b.v2.module.ObservabilityModule - Processing attachments eventLogs: []
11:38:04.929 [changeAppLanguage@0] INFO  c.b.v2.module.ObservabilityModule - sendLogCreatedEvent: No Log Events to send
11:38:04.934 [changeAppLanguage@0] INFO  c.b.v2.module.WebdriverModule - beforeCommandExecute: event=com.browserstack.v2.eventBus.Event@4b23e1f5
11:38:04.934 [changeAppLanguage@0] INFO  c.b.v2.module.WebdriverModule - beforeCommandExecute: event=com.browserstack.v2.eventBus.Event@4b23e1f5
11:38:05.027 [changeAppLanguage@0] INFO  c.b.v2.module.WebdriverModule - afterCommandExecute: event=com.browserstack.v2.eventBus.Event@40fdf14c
11:38:05.027 [changeAppLanguage@0] INFO  c.b.v2.module.WebdriverModule - afterCommandExecute: event=com.browserstack.v2.eventBus.Event@40fdf14c
11:38:05.027 [changeAppLanguage@0] INFO  c.b.v2.module.ObservabilityModule - THREAD ID Inside Process= 41
11:38:05.027 [changeAppLanguage@0] INFO  c.b.v2.module.ObservabilityModule - Processing TestLevel attachments from directory: /Users/sanjeevareddysj/.browserstack/UploadedAttachments-41/TestLevel
11:38:05.028 [changeAppLanguage@0] INFO  c.b.v2.module.ObservabilityModule - Processing BuildLevel attachments from directory: /Users/sanjeevareddysj/.browserstack/UploadedAttachments-41/BuildLevel
11:38:05.028 [changeAppLanguage@0] INFO  c.b.v2.module.ObservabilityModule - Processing attachments eventLogs: []
11:38:05.028 [changeAppLanguage@0] INFO  c.b.v2.module.ObservabilityModule - sendLogCreatedEvent: No Log Events to send
11:38:05.030 [changeAppLanguage@0] INFO  c.b.v2.module.WebdriverModule - beforeCommandExecute: event=com.browserstack.v2.eventBus.Event@30fa899e
11:38:05.030 [changeAppLanguage@0] INFO  c.b.v2.module.WebdriverModule - beforeCommandExecute: event=com.browserstack.v2.eventBus.Event@30fa899e
11:38:05.030 [changeAppLanguage@0] INFO  c.b.v2.module.WebdriverModule - beforeCommandExecute: event=com.browserstack.v2.eventBus.Event@6482fa3d
11:38:05.030 [changeAppLanguage@0] INFO  c.b.v2.module.WebdriverModule - beforeCommandExecute: event=com.browserstack.v2.eventBus.Event@6482fa3d
11:38:05.070 [changeAppLanguage@0] INFO  c.b.v2.module.WebdriverModule - afterCommandExecute: event=com.browserstack.v2.eventBus.Event@4bda0070
11:38:05.070 [changeAppLanguage@0] INFO  c.b.v2.module.WebdriverModule - afterCommandExecute: event=com.browserstack.v2.eventBus.Event@4bda0070
11:38:05.070 [changeAppLanguage@0] INFO  c.b.v2.module.ObservabilityModule - THREAD ID Inside Process= 41
11:38:05.070 [changeAppLanguage@0] INFO  c.b.v2.module.ObservabilityModule - Processing TestLevel attachments from directory: /Users/sanjeevareddysj/.browserstack/UploadedAttachments-41/TestLevel
11:38:05.070 [changeAppLanguage@0] INFO  c.b.v2.module.ObservabilityModule - Processing BuildLevel attachments from directory: /Users/sanjeevareddysj/.browserstack/UploadedAttachments-41/BuildLevel
11:38:05.070 [changeAppLanguage@0] INFO  c.b.v2.module.ObservabilityModule - Processing attachments eventLogs: []
11:38:05.070 [changeAppLanguage@0] INFO  c.b.v2.module.ObservabilityModule - sendLogCreatedEvent: No Log Events to send
11:38:05.072 [changeAppLanguage@0] INFO  c.b.v2.module.WebdriverModule - afterCommandExecute: event=com.browserstack.v2.eventBus.Event@76a45457
11:38:05.072 [changeAppLanguage@0] INFO  c.b.v2.module.WebdriverModule - afterCommandExecute: event=com.browserstack.v2.eventBus.Event@76a45457
11:38:05.072 [changeAppLanguage@0] INFO  c.b.v2.module.ObservabilityModule - THREAD ID Inside Process= 41
11:38:05.072 [changeAppLanguage@0] INFO  c.b.v2.module.ObservabilityModule - Processing TestLevel attachments from directory: /Users/sanjeevareddysj/.browserstack/UploadedAttachments-41/TestLevel
11:38:05.072 [changeAppLanguage@0] INFO  c.b.v2.module.ObservabilityModule - Processing BuildLevel attachments from directory: /Users/sanjeevareddysj/.browserstack/UploadedAttachments-41/BuildLevel
11:38:05.072 [changeAppLanguage@0] INFO  c.b.v2.module.ObservabilityModule - Processing attachments eventLogs: []
11:38:05.073 [changeAppLanguage@0] INFO  c.b.v2.module.ObservabilityModule - sendLogCreatedEvent: No Log Events to send
11:38:05.074 [changeAppLanguage@0] INFO  c.b.v2.module.WebdriverModule - beforeCommandExecute: event=com.browserstack.v2.eventBus.Event@1ec652fc
11:38:05.074 [changeAppLanguage@0] INFO  c.b.v2.module.WebdriverModule - beforeCommandExecute: event=com.browserstack.v2.eventBus.Event@1ec652fc
11:38:05.670 [changeAppLanguage@0] INFO  c.b.v2.module.WebdriverModule - afterCommandExecute: event=com.browserstack.v2.eventBus.Event@9a2693b
11:38:05.670 [changeAppLanguage@0] INFO  c.b.v2.module.WebdriverModule - afterCommandExecute: event=com.browserstack.v2.eventBus.Event@9a2693b
11:38:05.670 [changeAppLanguage@0] INFO  c.b.v2.module.ObservabilityModule - THREAD ID Inside Process= 41
11:38:05.670 [changeAppLanguage@0] INFO  c.b.v2.module.ObservabilityModule - Processing TestLevel attachments from directory: /Users/sanjeevareddysj/.browserstack/UploadedAttachments-41/TestLevel
11:38:05.670 [changeAppLanguage@0] INFO  c.b.v2.module.ObservabilityModule - Processing BuildLevel attachments from directory: /Users/sanjeevareddysj/.browserstack/UploadedAttachments-41/BuildLevel
11:38:05.670 [changeAppLanguage@0] INFO  c.b.v2.module.ObservabilityModule - Processing attachments eventLogs: []
11:38:05.671 [changeAppLanguage@0] INFO  c.b.v2.module.ObservabilityModule - sendLogCreatedEvent: No Log Events to send
11:38:05.677 [changeAppLanguage@0] INFO  c.b.v2.module.WebdriverModule - beforeCommandExecute: event=com.browserstack.v2.eventBus.Event@6ee424bd
11:38:05.677 [changeAppLanguage@0] INFO  c.b.v2.module.WebdriverModule - beforeCommandExecute: event=com.browserstack.v2.eventBus.Event@6ee424bd
11:38:05.831 [changeAppLanguage@0] INFO  c.b.v2.module.WebdriverModule - afterCommandExecute: event=com.browserstack.v2.eventBus.Event@38bb0f06
11:38:05.831 [changeAppLanguage@0] INFO  c.b.v2.module.WebdriverModule - afterCommandExecute: event=com.browserstack.v2.eventBus.Event@38bb0f06
11:38:05.831 [changeAppLanguage@0] INFO  c.b.v2.module.ObservabilityModule - THREAD ID Inside Process= 41
11:38:05.831 [changeAppLanguage@0] INFO  c.b.v2.module.ObservabilityModule - Processing TestLevel attachments from directory: /Users/sanjeevareddysj/.browserstack/UploadedAttachments-41/TestLevel
11:38:05.832 [changeAppLanguage@0] INFO  c.b.v2.module.ObservabilityModule - Processing BuildLevel attachments from directory: /Users/sanjeevareddysj/.browserstack/UploadedAttachments-41/BuildLevel
11:38:05.832 [changeAppLanguage@0] INFO  c.b.v2.module.ObservabilityModule - Processing attachments eventLogs: []
11:38:05.832 [changeAppLanguage@0] INFO  c.b.v2.module.ObservabilityModule - sendLogCreatedEvent: No Log Events to send
11:38:05.838 [changeAppLanguage@0] INFO  c.b.v2.module.WebdriverModule - beforeCommandExecute: event=com.browserstack.v2.eventBus.Event@245f5ec3
11:38:05.838 [changeAppLanguage@0] INFO  c.b.v2.module.WebdriverModule - beforeCommandExecute: event=com.browserstack.v2.eventBus.Event@245f5ec3
11:38:05.838 [changeAppLanguage@0] INFO  c.b.v2.module.WebdriverModule - beforeCommandExecute: event=com.browserstack.v2.eventBus.Event@79c1a82e
11:38:05.838 [changeAppLanguage@0] INFO  c.b.v2.module.WebdriverModule - beforeCommandExecute: event=com.browserstack.v2.eventBus.Event@79c1a82e
11:38:05.908 [changeAppLanguage@0] INFO  c.b.v2.module.WebdriverModule - afterCommandExecute: event=com.browserstack.v2.eventBus.Event@19e24b2f
11:38:05.908 [changeAppLanguage@0] INFO  c.b.v2.module.WebdriverModule - afterCommandExecute: event=com.browserstack.v2.eventBus.Event@19e24b2f
11:38:05.908 [changeAppLanguage@0] INFO  c.b.v2.module.ObservabilityModule - THREAD ID Inside Process= 41
11:38:05.908 [changeAppLanguage@0] INFO  c.b.v2.module.ObservabilityModule - Processing TestLevel attachments from directory: /Users/sanjeevareddysj/.browserstack/UploadedAttachments-41/TestLevel
11:38:05.909 [changeAppLanguage@0] INFO  c.b.v2.module.ObservabilityModule - Processing BuildLevel attachments from directory: /Users/sanjeevareddysj/.browserstack/UploadedAttachments-41/BuildLevel
11:38:05.909 [changeAppLanguage@0] INFO  c.b.v2.module.ObservabilityModule - Processing attachments eventLogs: []
11:38:05.909 [changeAppLanguage@0] INFO  c.b.v2.module.ObservabilityModule - sendLogCreatedEvent: No Log Events to send
11:38:05.915 [changeAppLanguage@0] INFO  c.b.v2.module.WebdriverModule - afterCommandExecute: event=com.browserstack.v2.eventBus.Event@3e01092c
11:38:05.915 [changeAppLanguage@0] INFO  c.b.v2.module.WebdriverModule - afterCommandExecute: event=com.browserstack.v2.eventBus.Event@3e01092c
11:38:05.915 [changeAppLanguage@0] INFO  c.b.v2.module.ObservabilityModule - THREAD ID Inside Process= 41
11:38:05.915 [changeAppLanguage@0] INFO  c.b.v2.module.ObservabilityModule - Processing TestLevel attachments from directory: /Users/sanjeevareddysj/.browserstack/UploadedAttachments-41/TestLevel
11:38:05.916 [changeAppLanguage@0] INFO  c.b.v2.module.ObservabilityModule - Processing BuildLevel attachments from directory: /Users/sanjeevareddysj/.browserstack/UploadedAttachments-41/BuildLevel
11:38:05.916 [changeAppLanguage@0] INFO  c.b.v2.module.ObservabilityModule - Processing attachments eventLogs: []
11:38:05.916 [changeAppLanguage@0] INFO  c.b.v2.module.ObservabilityModule - sendLogCreatedEvent: No Log Events to send
11:38:05.921 [changeAppLanguage@0] INFO  c.b.v2.module.WebdriverModule - beforeCommandExecute: event=com.browserstack.v2.eventBus.Event@41c5c748
11:38:05.921 [changeAppLanguage@0] INFO  c.b.v2.module.WebdriverModule - beforeCommandExecute: event=com.browserstack.v2.eventBus.Event@41c5c748
11:38:06.553 [changeAppLanguage@0] INFO  c.b.v2.module.WebdriverModule - afterCommandExecute: event=com.browserstack.v2.eventBus.Event@234386a
11:38:06.554 [changeAppLanguage@0] INFO  c.b.v2.module.WebdriverModule - afterCommandExecute: event=com.browserstack.v2.eventBus.Event@234386a
11:38:06.554 [changeAppLanguage@0] INFO  c.b.v2.module.ObservabilityModule - THREAD ID Inside Process= 41
11:38:06.554 [changeAppLanguage@0] INFO  c.b.v2.module.ObservabilityModule - Processing TestLevel attachments from directory: /Users/sanjeevareddysj/.browserstack/UploadedAttachments-41/TestLevel
11:38:06.555 [changeAppLanguage@0] INFO  c.b.v2.module.ObservabilityModule - Processing BuildLevel attachments from directory: /Users/sanjeevareddysj/.browserstack/UploadedAttachments-41/BuildLevel
11:38:06.555 [changeAppLanguage@0] INFO  c.b.v2.module.ObservabilityModule - Processing attachments eventLogs: []
11:38:06.555 [changeAppLanguage@0] INFO  c.b.v2.module.ObservabilityModule - sendLogCreatedEvent: No Log Events to send
11:38:06.595 [changeAppLanguage@0] INFO  c.b.v2.module.WebdriverModule - beforeCommandExecute: event=com.browserstack.v2.eventBus.Event@35eaf960
11:38:06.595 [changeAppLanguage@0] INFO  c.b.v2.module.WebdriverModule - beforeCommandExecute: event=com.browserstack.v2.eventBus.Event@35eaf960
11:38:08.400 [changeAppLanguage@0] INFO  c.b.v2.module.WebdriverModule - afterCommandExecute: event=com.browserstack.v2.eventBus.Event@28d8a7ce
11:38:08.400 [changeAppLanguage@0] INFO  c.b.v2.module.WebdriverModule - afterCommandExecute: event=com.browserstack.v2.eventBus.Event@28d8a7ce
11:38:08.400 [changeAppLanguage@0] INFO  c.b.v2.module.ObservabilityModule - THREAD ID Inside Process= 41
11:38:08.401 [changeAppLanguage@0] INFO  c.b.v2.module.ObservabilityModule - Processing TestLevel attachments from directory: /Users/sanjeevareddysj/.browserstack/UploadedAttachments-41/TestLevel
11:38:08.401 [changeAppLanguage@0] INFO  c.b.v2.module.ObservabilityModule - Processing BuildLevel attachments from directory: /Users/sanjeevareddysj/.browserstack/UploadedAttachments-41/BuildLevel
11:38:08.401 [changeAppLanguage@0] INFO  c.b.v2.module.ObservabilityModule - Processing attachments eventLogs: []
11:38:08.401 [changeAppLanguage@0] INFO  c.b.v2.module.ObservabilityModule - sendLogCreatedEvent: No Log Events to send
11:38:08.408 [changeAppLanguage@0] INFO  c.b.v2.module.WebdriverModule - beforeCommandExecute: event=com.browserstack.v2.eventBus.Event@59a011b8
11:38:08.408 [changeAppLanguage@0] INFO  c.b.v2.module.WebdriverModule - beforeCommandExecute: event=com.browserstack.v2.eventBus.Event@59a011b8
11:38:08.408 [changeAppLanguage@0] INFO  c.b.v2.module.WebdriverModule - beforeCommandExecute: event=com.browserstack.v2.eventBus.Event@6dab3645
11:38:08.408 [changeAppLanguage@0] INFO  c.b.v2.module.WebdriverModule - beforeCommandExecute: event=com.browserstack.v2.eventBus.Event@6dab3645
11:38:08.449 [changeAppLanguage@0] INFO  c.b.v2.module.WebdriverModule - afterCommandExecute: event=com.browserstack.v2.eventBus.Event@200ae9
11:38:08.449 [changeAppLanguage@0] INFO  c.b.v2.module.WebdriverModule - afterCommandExecute: event=com.browserstack.v2.eventBus.Event@200ae9
11:38:08.449 [changeAppLanguage@0] INFO  c.b.v2.module.ObservabilityModule - THREAD ID Inside Process= 41
11:38:08.449 [changeAppLanguage@0] INFO  c.b.v2.module.ObservabilityModule - Processing TestLevel attachments from directory: /Users/sanjeevareddysj/.browserstack/UploadedAttachments-41/TestLevel
11:38:08.449 [changeAppLanguage@0] INFO  c.b.v2.module.ObservabilityModule - Processing BuildLevel attachments from directory: /Users/sanjeevareddysj/.browserstack/UploadedAttachments-41/BuildLevel
11:38:08.449 [changeAppLanguage@0] INFO  c.b.v2.module.ObservabilityModule - Processing attachments eventLogs: []
11:38:08.449 [changeAppLanguage@0] INFO  c.b.v2.module.ObservabilityModule - sendLogCreatedEvent: No Log Events to send
11:38:08.451 [changeAppLanguage@0] INFO  c.b.v2.module.WebdriverModule - afterCommandExecute: event=com.browserstack.v2.eventBus.Event@6608b3f1
11:38:08.451 [changeAppLanguage@0] INFO  c.b.v2.module.WebdriverModule - afterCommandExecute: event=com.browserstack.v2.eventBus.Event@6608b3f1
11:38:08.451 [changeAppLanguage@0] INFO  c.b.v2.module.ObservabilityModule - THREAD ID Inside Process= 41
11:38:08.451 [changeAppLanguage@0] INFO  c.b.v2.module.ObservabilityModule - Processing TestLevel attachments from directory: /Users/sanjeevareddysj/.browserstack/UploadedAttachments-41/TestLevel
11:38:08.452 [changeAppLanguage@0] INFO  c.b.v2.module.ObservabilityModule - Processing BuildLevel attachments from directory: /Users/sanjeevareddysj/.browserstack/UploadedAttachments-41/BuildLevel
11:38:08.452 [changeAppLanguage@0] INFO  c.b.v2.module.ObservabilityModule - Processing attachments eventLogs: []
11:38:08.452 [changeAppLanguage@0] INFO  c.b.v2.module.ObservabilityModule - sendLogCreatedEvent: No Log Events to send
11:38:08.453 [changeAppLanguage@0] INFO  c.b.v2.module.WebdriverModule - beforeCommandExecute: event=com.browserstack.v2.eventBus.Event@52528784
11:38:08.453 [changeAppLanguage@0] INFO  c.b.v2.module.WebdriverModule - beforeCommandExecute: event=com.browserstack.v2.eventBus.Event@52528784
11:38:08.560 [changeAppLanguage@0] INFO  c.b.v2.module.WebdriverModule - afterCommandExecute: event=com.browserstack.v2.eventBus.Event@617f3b14
11:38:08.560 [changeAppLanguage@0] INFO  c.b.v2.module.WebdriverModule - afterCommandExecute: event=com.browserstack.v2.eventBus.Event@617f3b14
11:38:08.560 [changeAppLanguage@0] INFO  c.b.v2.module.ObservabilityModule - THREAD ID Inside Process= 41
11:38:08.560 [changeAppLanguage@0] INFO  c.b.v2.module.ObservabilityModule - Processing TestLevel attachments from directory: /Users/sanjeevareddysj/.browserstack/UploadedAttachments-41/TestLevel
11:38:08.560 [changeAppLanguage@0] INFO  c.b.v2.module.ObservabilityModule - Processing BuildLevel attachments from directory: /Users/sanjeevareddysj/.browserstack/UploadedAttachments-41/BuildLevel
11:38:08.560 [changeAppLanguage@0] INFO  c.b.v2.module.ObservabilityModule - Processing attachments eventLogs: []
11:38:08.560 [changeAppLanguage@0] INFO  c.b.v2.module.ObservabilityModule - sendLogCreatedEvent: No Log Events to send
11:38:08.562 [changeAppLanguage@0] INFO  c.b.v2.module.WebdriverModule - beforeCommandExecute: event=com.browserstack.v2.eventBus.Event@1a1be6b4
11:38:08.562 [changeAppLanguage@0] INFO  c.b.v2.module.WebdriverModule - beforeCommandExecute: event=com.browserstack.v2.eventBus.Event@1a1be6b4
11:38:08.620 [changeAppLanguage@0] INFO  c.b.v2.module.WebdriverModule - afterCommandExecute: event=com.browserstack.v2.eventBus.Event@3b616f6
11:38:08.620 [changeAppLanguage@0] INFO  c.b.v2.module.WebdriverModule - afterCommandExecute: event=com.browserstack.v2.eventBus.Event@3b616f6
11:38:08.620 [changeAppLanguage@0] INFO  c.b.v2.module.ObservabilityModule - THREAD ID Inside Process= 41
11:38:08.620 [changeAppLanguage@0] INFO  c.b.v2.module.ObservabilityModule - Processing TestLevel attachments from directory: /Users/sanjeevareddysj/.browserstack/UploadedAttachments-41/TestLevel
11:38:08.620 [changeAppLanguage@0] INFO  c.b.v2.module.ObservabilityModule - Processing BuildLevel attachments from directory: /Users/sanjeevareddysj/.browserstack/UploadedAttachments-41/BuildLevel
11:38:08.620 [changeAppLanguage@0] INFO  c.b.v2.module.ObservabilityModule - Processing attachments eventLogs: []
11:38:08.620 [changeAppLanguage@0] INFO  c.b.v2.module.ObservabilityModule - sendLogCreatedEvent: No Log Events to send
11:38:08.628 [changeAppLanguage@0] INFO  c.b.v2.framework.TestNgFramework - trackEvent: found instance, testFrameworkState=TestFrameworkState.LOG_REPORT hookState=HookState.PRE instance=1741108805
11:38:08.628 [changeAppLanguage@0] INFO  c.b.v2.framework.TestNgFramework - trackEvent: found instance, testFrameworkState=TestFrameworkState.LOG_REPORT hookState=HookState.POST instance=1741108805
11:38:08.628 [changeAppLanguage@0] INFO  c.b.v2.framework.TestNgFramework - trackEvent: load test results
11:38:08.629 [changeAppLanguage@0] INFO  c.b.v2.framework.TestNgFramework - trackEvent: found instance, testFrameworkState=TestFrameworkState.TEST hookState=HookState.POST instance=1741108805
11:38:08.629 [changeAppLanguage@0] INFO  c.b.v2.module.WebdriverModule - onAfterTest: event=com.browserstack.v2.eventBus.Event@12f821e2
11:38:08.629 [changeAppLanguage@0] INFO  c.b.utils.SeleniumMethodUtils - Session Name ID status marking: 3193a433cb0d00faec6a95148ed5be38f3b5d916
11:38:09.047 [changeAppLanguage@0] INFO  c.b.utils.SeleniumMethodUtils - Session ID status marking: 3193a433cb0d00faec6a95148ed5be38f3b5d916
11:38:09.517 [changeAppLanguage@0] INFO  c.b.v2.module.WebdriverModule - onAfterTest: event=com.browserstack.v2.eventBus.Event@12f821e2
11:38:09.517 [changeAppLanguage@0] INFO  c.b.utils.SeleniumMethodUtils - Session Name ID status marking: 3193a433cb0d00faec6a95148ed5be38f3b5d916
11:38:09.973 [changeAppLanguage@0] INFO  c.b.utils.SeleniumMethodUtils - Session ID status marking: 3193a433cb0d00faec6a95148ed5be38f3b5d916
11:38:10.486 [changeAppLanguage@0] INFO  c.b.v2.module.TestHubModule - sendTestFrameworkEvent: event=com.browserstack.v2.eventBus.Event@12f821e2, response=success: true

11:38:10.509 [changeAppLanguage@0] INFO  c.b.v2.framework.TestNgFramework - trackTestNgTest: saved instance contextId=1741108805 target=/Users/sanjeevareddysj/IdeaProjects/LearAumatingApp/LearAumatingApp-0@0 instances=[1741108805]
11:38:10.510 [changeAppLanguage@0] INFO  c.b.v2.framework.TestNgFramework - trackEvent: found instance, testFrameworkState=TestFrameworkState.TEST hookState=HookState.PRE instance=1741108805
11:38:10.589 [changeAppLanguage@0] INFO  c.b.v2.framework.TestNgFramework - trackEvent: loaded initial test data to instance, testFrameworkState=TestFrameworkState.TEST hookState=HookState.PRE instance=1741108805 instanceThreadId=41 testResult=/Users/sanjeevareddysj/IdeaProjects/LearAumatingApp/LearAumatingApp-0 testData={test_uuid=c1f1ea76-384d-4827-b390-125ba47c06b6, test_file_path=src/test/java/gojek/android/gojek/GojekWelcomeScreenVerificationTest.java, test_scope=All Test Suite.gojek.android.gojek.GojekWelcomeScreenVerificationTest, test_meta={}, test_scopes=[All Test Suite, gojek.android.gojek.GojekWelcomeScreenVerificationTest], test_code=public void gojek.android.gojek.GojekWelcomeScreenVerificationTest.verifyWelcomeScreen() throws java.lang.Exception, test_session_name=gojek.android.gojek.GojekWelcomeScreenVerificationTest-verifyWelcomeScreen, test_name=verifyWelcomeScreen, test_tags=, custom_metadata={}, test_id=/Users/sanjeevareddysj/IdeaProjects/LearAumatingApp/LearAumatingApp-0@0, test_location=src/test/java/gojek/android/gojek/GojekWelcomeScreenVerificationTest.java}
11:38:10.589 [changeAppLanguage@0] INFO  c.b.v2.module.WebdriverModule - onBeforeTest: event=com.browserstack.v2.eventBus.Event@4e656f76
11:38:10.589 [changeAppLanguage@0] INFO  c.b.v2.module.WebdriverModule - onBeforeTest: event=com.browserstack.v2.eventBus.Event@4e656f76
11:38:10.589 [changeAppLanguage@0] INFO  c.b.v2.module.TestHubModule - onBeforeTest: event={com.browserstack.v2.eventBus.Event@4e656f76}
11:38:10.601 [changeAppLanguage@0] INFO  c.b.v2.module.TestHubModule - sendTestSessionEvent: event=com.browserstack.v2.eventBus.Event@4e656f76, response=success: true

11:38:10.613 [changeAppLanguage@0] INFO  c.b.v2.module.TestHubModule - sendTestFrameworkEvent: event=com.browserstack.v2.eventBus.Event@4e656f76, response=success: true

11:38:10.617 [changeAppLanguage@0] INFO  c.b.v2.module.ObservabilityModule - onBeforeTest: event={instance=com.browserstack.v2.instance.TestFrameworkInstance@43230755, testFrameworkState=TestFrameworkState.TEST, testInstance=com.browserstack.v2.instance.TestFrameworkInstance@43230755, autoInstance=[com.browserstack.v2.instance.AutomationFrameworkInstance@4937ba80], hookState=HookState.PRE}
11:38:10.618 [changeAppLanguage@0] INFO  c.b.v2.module.ObservabilityModule - performTestReportingSync: Performing TEST REPORTING AND ANALYTICS Sync
11:38:10.671 [verifyWelcomeScreen@0] INFO  c.b.v2.module.WebdriverModule - beforeCommandExecute: event=com.browserstack.v2.eventBus.Event@22921c66
11:38:10.671 [verifyWelcomeScreen@0] INFO  c.b.v2.module.WebdriverModule - beforeCommandExecute: event=com.browserstack.v2.eventBus.Event@22921c66
11:38:10.671 [verifyWelcomeScreen@0] INFO  c.b.v2.module.WebdriverModule - beforeCommandExecute: event=com.browserstack.v2.eventBus.Event@5422c91b
11:38:10.671 [verifyWelcomeScreen@0] INFO  c.b.v2.module.WebdriverModule - beforeCommandExecute: event=com.browserstack.v2.eventBus.Event@5422c91b
11:38:10.718 [verifyWelcomeScreen@0] INFO  c.b.v2.module.WebdriverModule - afterCommandExecute: event=com.browserstack.v2.eventBus.Event@6b309424
11:38:10.718 [verifyWelcomeScreen@0] INFO  c.b.v2.module.WebdriverModule - afterCommandExecute: event=com.browserstack.v2.eventBus.Event@6b309424
11:38:10.718 [verifyWelcomeScreen@0] INFO  c.b.v2.module.ObservabilityModule - THREAD ID Inside Process= 41
11:38:10.718 [verifyWelcomeScreen@0] INFO  c.b.v2.module.ObservabilityModule - Processing TestLevel attachments from directory: /Users/sanjeevareddysj/.browserstack/UploadedAttachments-41/TestLevel
11:38:10.718 [verifyWelcomeScreen@0] INFO  c.b.v2.module.ObservabilityModule - Processing BuildLevel attachments from directory: /Users/sanjeevareddysj/.browserstack/UploadedAttachments-41/BuildLevel
11:38:10.718 [verifyWelcomeScreen@0] INFO  c.b.v2.module.ObservabilityModule - Processing attachments eventLogs: []
11:38:10.718 [verifyWelcomeScreen@0] INFO  c.b.v2.module.ObservabilityModule - sendLogCreatedEvent: No Log Events to send
11:38:10.720 [verifyWelcomeScreen@0] INFO  c.b.v2.module.WebdriverModule - afterCommandExecute: event=com.browserstack.v2.eventBus.Event@2a77dee7
11:38:10.720 [verifyWelcomeScreen@0] INFO  c.b.v2.module.WebdriverModule - afterCommandExecute: event=com.browserstack.v2.eventBus.Event@2a77dee7
11:38:10.720 [verifyWelcomeScreen@0] INFO  c.b.v2.module.ObservabilityModule - THREAD ID Inside Process= 41
11:38:10.720 [verifyWelcomeScreen@0] INFO  c.b.v2.module.ObservabilityModule - Processing TestLevel attachments from directory: /Users/sanjeevareddysj/.browserstack/UploadedAttachments-41/TestLevel
11:38:10.720 [verifyWelcomeScreen@0] INFO  c.b.v2.module.ObservabilityModule - Processing BuildLevel attachments from directory: /Users/sanjeevareddysj/.browserstack/UploadedAttachments-41/BuildLevel
11:38:10.720 [verifyWelcomeScreen@0] INFO  c.b.v2.module.ObservabilityModule - Processing attachments eventLogs: []
11:38:10.720 [verifyWelcomeScreen@0] INFO  c.b.v2.module.ObservabilityModule - sendLogCreatedEvent: No Log Events to send
11:38:10.729 [verifyWelcomeScreen@0] INFO  c.b.v2.module.WebdriverModule - beforeCommandExecute: event=com.browserstack.v2.eventBus.Event@7a19828
11:38:10.729 [verifyWelcomeScreen@0] INFO  c.b.v2.module.WebdriverModule - beforeCommandExecute: event=com.browserstack.v2.eventBus.Event@7a19828
11:38:10.816 [verifyWelcomeScreen@0] INFO  c.b.v2.module.WebdriverModule - afterCommandExecute: event=com.browserstack.v2.eventBus.Event@789fbf29
11:38:10.816 [verifyWelcomeScreen@0] INFO  c.b.v2.module.WebdriverModule - afterCommandExecute: event=com.browserstack.v2.eventBus.Event@789fbf29
11:38:10.816 [verifyWelcomeScreen@0] INFO  c.b.v2.module.ObservabilityModule - THREAD ID Inside Process= 41
11:38:10.816 [verifyWelcomeScreen@0] INFO  c.b.v2.module.ObservabilityModule - Processing TestLevel attachments from directory: /Users/sanjeevareddysj/.browserstack/UploadedAttachments-41/TestLevel
11:38:10.816 [verifyWelcomeScreen@0] INFO  c.b.v2.module.ObservabilityModule - Processing BuildLevel attachments from directory: /Users/sanjeevareddysj/.browserstack/UploadedAttachments-41/BuildLevel
11:38:10.817 [verifyWelcomeScreen@0] INFO  c.b.v2.module.ObservabilityModule - Processing attachments eventLogs: []
11:38:10.817 [verifyWelcomeScreen@0] INFO  c.b.v2.module.ObservabilityModule - sendLogCreatedEvent: No Log Events to send
11:38:10.819 [verifyWelcomeScreen@0] INFO  c.b.v2.module.WebdriverModule - beforeCommandExecute: event=com.browserstack.v2.eventBus.Event@4dfd2e72
11:38:10.819 [verifyWelcomeScreen@0] INFO  c.b.v2.module.WebdriverModule - beforeCommandExecute: event=com.browserstack.v2.eventBus.Event@4dfd2e72
11:38:10.868 [verifyWelcomeScreen@0] INFO  c.b.v2.module.WebdriverModule - afterCommandExecute: event=com.browserstack.v2.eventBus.Event@2f56e331
11:38:10.868 [verifyWelcomeScreen@0] INFO  c.b.v2.module.WebdriverModule - afterCommandExecute: event=com.browserstack.v2.eventBus.Event@2f56e331
11:38:10.868 [verifyWelcomeScreen@0] INFO  c.b.v2.module.ObservabilityModule - THREAD ID Inside Process= 41
11:38:10.868 [verifyWelcomeScreen@0] INFO  c.b.v2.module.ObservabilityModule - Processing TestLevel attachments from directory: /Users/sanjeevareddysj/.browserstack/UploadedAttachments-41/TestLevel
11:38:10.868 [verifyWelcomeScreen@0] INFO  c.b.v2.module.ObservabilityModule - Processing BuildLevel attachments from directory: /Users/sanjeevareddysj/.browserstack/UploadedAttachments-41/BuildLevel
11:38:10.868 [verifyWelcomeScreen@0] INFO  c.b.v2.module.ObservabilityModule - Processing attachments eventLogs: []
11:38:10.868 [verifyWelcomeScreen@0] INFO  c.b.v2.module.ObservabilityModule - sendLogCreatedEvent: No Log Events to send
11:38:10.871 [verifyWelcomeScreen@0] INFO  c.b.v2.module.WebdriverModule - beforeCommandExecute: event=com.browserstack.v2.eventBus.Event@10c5d953
11:38:10.871 [verifyWelcomeScreen@0] INFO  c.b.v2.module.WebdriverModule - beforeCommandExecute: event=com.browserstack.v2.eventBus.Event@10c5d953
11:38:10.871 [verifyWelcomeScreen@0] INFO  c.b.v2.module.WebdriverModule - beforeCommandExecute: event=com.browserstack.v2.eventBus.Event@11c90901
11:38:10.871 [verifyWelcomeScreen@0] INFO  c.b.v2.module.WebdriverModule - beforeCommandExecute: event=com.browserstack.v2.eventBus.Event@11c90901
11:38:10.908 [verifyWelcomeScreen@0] INFO  c.b.v2.module.WebdriverModule - afterCommandExecute: event=com.browserstack.v2.eventBus.Event@7b51a0a1
11:38:10.908 [verifyWelcomeScreen@0] INFO  c.b.v2.module.WebdriverModule - afterCommandExecute: event=com.browserstack.v2.eventBus.Event@7b51a0a1
11:38:10.908 [verifyWelcomeScreen@0] INFO  c.b.v2.module.ObservabilityModule - THREAD ID Inside Process= 41
11:38:10.908 [verifyWelcomeScreen@0] INFO  c.b.v2.module.ObservabilityModule - Processing TestLevel attachments from directory: /Users/sanjeevareddysj/.browserstack/UploadedAttachments-41/TestLevel
11:38:10.908 [verifyWelcomeScreen@0] INFO  c.b.v2.module.ObservabilityModule - Processing BuildLevel attachments from directory: /Users/sanjeevareddysj/.browserstack/UploadedAttachments-41/BuildLevel
11:38:10.908 [verifyWelcomeScreen@0] INFO  c.b.v2.module.ObservabilityModule - Processing attachments eventLogs: []
11:38:10.908 [verifyWelcomeScreen@0] INFO  c.b.v2.module.ObservabilityModule - sendLogCreatedEvent: No Log Events to send
11:38:10.910 [verifyWelcomeScreen@0] INFO  c.b.v2.module.WebdriverModule - afterCommandExecute: event=com.browserstack.v2.eventBus.Event@5a0d2b61
11:38:10.910 [verifyWelcomeScreen@0] INFO  c.b.v2.module.WebdriverModule - afterCommandExecute: event=com.browserstack.v2.eventBus.Event@5a0d2b61
11:38:10.910 [verifyWelcomeScreen@0] INFO  c.b.v2.module.ObservabilityModule - THREAD ID Inside Process= 41
11:38:10.910 [verifyWelcomeScreen@0] INFO  c.b.v2.module.ObservabilityModule - Processing TestLevel attachments from directory: /Users/sanjeevareddysj/.browserstack/UploadedAttachments-41/TestLevel
11:38:10.910 [verifyWelcomeScreen@0] INFO  c.b.v2.module.ObservabilityModule - Processing BuildLevel attachments from directory: /Users/sanjeevareddysj/.browserstack/UploadedAttachments-41/BuildLevel
11:38:10.910 [verifyWelcomeScreen@0] INFO  c.b.v2.module.ObservabilityModule - Processing attachments eventLogs: []
11:38:10.910 [verifyWelcomeScreen@0] INFO  c.b.v2.module.ObservabilityModule - sendLogCreatedEvent: No Log Events to send
11:38:10.911 [verifyWelcomeScreen@0] INFO  c.b.v2.module.WebdriverModule - beforeCommandExecute: event=com.browserstack.v2.eventBus.Event@75f75c53
11:38:10.911 [verifyWelcomeScreen@0] INFO  c.b.v2.module.WebdriverModule - beforeCommandExecute: event=com.browserstack.v2.eventBus.Event@75f75c53
11:38:10.990 [verifyWelcomeScreen@0] INFO  c.b.v2.module.WebdriverModule - afterCommandExecute: event=com.browserstack.v2.eventBus.Event@500c0038
11:38:10.990 [verifyWelcomeScreen@0] INFO  c.b.v2.module.WebdriverModule - afterCommandExecute: event=com.browserstack.v2.eventBus.Event@500c0038
11:38:10.990 [verifyWelcomeScreen@0] INFO  c.b.v2.module.ObservabilityModule - THREAD ID Inside Process= 41
11:38:10.990 [verifyWelcomeScreen@0] INFO  c.b.v2.module.ObservabilityModule - Processing TestLevel attachments from directory: /Users/sanjeevareddysj/.browserstack/UploadedAttachments-41/TestLevel
11:38:10.990 [verifyWelcomeScreen@0] INFO  c.b.v2.module.ObservabilityModule - Processing BuildLevel attachments from directory: /Users/sanjeevareddysj/.browserstack/UploadedAttachments-41/BuildLevel
11:38:10.990 [verifyWelcomeScreen@0] INFO  c.b.v2.module.ObservabilityModule - Processing attachments eventLogs: []
11:38:10.990 [verifyWelcomeScreen@0] INFO  c.b.v2.module.ObservabilityModule - sendLogCreatedEvent: No Log Events to send
11:38:11.159 [verifyWelcomeScreen@0] INFO  c.b.v2.module.WebdriverModule - beforeCommandExecute: event=com.browserstack.v2.eventBus.Event@5c29171d
11:38:11.159 [verifyWelcomeScreen@0] INFO  c.b.v2.module.WebdriverModule - beforeCommandExecute: event=com.browserstack.v2.eventBus.Event@5c29171d
11:38:11.159 [verifyWelcomeScreen@0] INFO  c.b.v2.module.WebdriverModule - beforeCommandExecute: event=com.browserstack.v2.eventBus.Event@208b8bf7
11:38:11.159 [verifyWelcomeScreen@0] INFO  c.b.v2.module.WebdriverModule - beforeCommandExecute: event=com.browserstack.v2.eventBus.Event@208b8bf7
11:38:11.201 [verifyWelcomeScreen@0] INFO  c.b.v2.module.WebdriverModule - afterCommandExecute: event=com.browserstack.v2.eventBus.Event@5cabdbb
11:38:11.201 [verifyWelcomeScreen@0] INFO  c.b.v2.module.WebdriverModule - afterCommandExecute: event=com.browserstack.v2.eventBus.Event@5cabdbb
11:38:11.201 [verifyWelcomeScreen@0] INFO  c.b.v2.module.ObservabilityModule - THREAD ID Inside Process= 41
11:38:11.201 [verifyWelcomeScreen@0] INFO  c.b.v2.module.ObservabilityModule - Processing TestLevel attachments from directory: /Users/sanjeevareddysj/.browserstack/UploadedAttachments-41/TestLevel
11:38:11.201 [verifyWelcomeScreen@0] INFO  c.b.v2.module.ObservabilityModule - Processing BuildLevel attachments from directory: /Users/sanjeevareddysj/.browserstack/UploadedAttachments-41/BuildLevel
11:38:11.201 [verifyWelcomeScreen@0] INFO  c.b.v2.module.ObservabilityModule - Processing attachments eventLogs: []
11:38:11.201 [verifyWelcomeScreen@0] INFO  c.b.v2.module.ObservabilityModule - sendLogCreatedEvent: No Log Events to send
11:38:11.205 [verifyWelcomeScreen@0] INFO  c.b.v2.module.WebdriverModule - afterCommandExecute: event=com.browserstack.v2.eventBus.Event@559ca1ec
11:38:11.205 [verifyWelcomeScreen@0] INFO  c.b.v2.module.WebdriverModule - afterCommandExecute: event=com.browserstack.v2.eventBus.Event@559ca1ec
11:38:11.205 [verifyWelcomeScreen@0] INFO  c.b.v2.module.ObservabilityModule - THREAD ID Inside Process= 41
11:38:11.205 [verifyWelcomeScreen@0] INFO  c.b.v2.module.ObservabilityModule - Processing TestLevel attachments from directory: /Users/sanjeevareddysj/.browserstack/UploadedAttachments-41/TestLevel
11:38:11.205 [verifyWelcomeScreen@0] INFO  c.b.v2.module.ObservabilityModule - Processing BuildLevel attachments from directory: /Users/sanjeevareddysj/.browserstack/UploadedAttachments-41/BuildLevel
11:38:11.205 [verifyWelcomeScreen@0] INFO  c.b.v2.module.ObservabilityModule - Processing attachments eventLogs: []
11:38:11.205 [verifyWelcomeScreen@0] INFO  c.b.v2.module.ObservabilityModule - sendLogCreatedEvent: No Log Events to send
11:38:11.208 [verifyWelcomeScreen@0] INFO  c.b.v2.module.WebdriverModule - beforeCommandExecute: event=com.browserstack.v2.eventBus.Event@79c30b63
11:38:11.208 [verifyWelcomeScreen@0] INFO  c.b.v2.module.WebdriverModule - beforeCommandExecute: event=com.browserstack.v2.eventBus.Event@79c30b63
11:38:11.297 [verifyWelcomeScreen@0] INFO  c.b.v2.module.WebdriverModule - afterCommandExecute: event=com.browserstack.v2.eventBus.Event@640d7d39
11:38:11.297 [verifyWelcomeScreen@0] INFO  c.b.v2.module.WebdriverModule - afterCommandExecute: event=com.browserstack.v2.eventBus.Event@640d7d39
11:38:11.297 [verifyWelcomeScreen@0] INFO  c.b.v2.module.ObservabilityModule - THREAD ID Inside Process= 41
11:38:11.298 [verifyWelcomeScreen@0] INFO  c.b.v2.module.ObservabilityModule - Processing TestLevel attachments from directory: /Users/sanjeevareddysj/.browserstack/UploadedAttachments-41/TestLevel
11:38:11.298 [verifyWelcomeScreen@0] INFO  c.b.v2.module.ObservabilityModule - Processing BuildLevel attachments from directory: /Users/sanjeevareddysj/.browserstack/UploadedAttachments-41/BuildLevel
11:38:11.298 [verifyWelcomeScreen@0] INFO  c.b.v2.module.ObservabilityModule - Processing attachments eventLogs: []
11:38:11.298 [verifyWelcomeScreen@0] INFO  c.b.v2.module.ObservabilityModule - sendLogCreatedEvent: No Log Events to send
11:38:11.302 [verifyWelcomeScreen@0] INFO  c.b.v2.module.WebdriverModule - beforeCommandExecute: event=com.browserstack.v2.eventBus.Event@cd7d936
11:38:11.302 [verifyWelcomeScreen@0] INFO  c.b.v2.module.WebdriverModule - beforeCommandExecute: event=com.browserstack.v2.eventBus.Event@cd7d936
11:38:11.361 [verifyWelcomeScreen@0] INFO  c.b.v2.module.WebdriverModule - afterCommandExecute: event=com.browserstack.v2.eventBus.Event@21fdafac
11:38:11.361 [verifyWelcomeScreen@0] INFO  c.b.v2.module.WebdriverModule - afterCommandExecute: event=com.browserstack.v2.eventBus.Event@21fdafac
11:38:11.361 [verifyWelcomeScreen@0] INFO  c.b.v2.module.ObservabilityModule - THREAD ID Inside Process= 41
11:38:11.361 [verifyWelcomeScreen@0] INFO  c.b.v2.module.ObservabilityModule - Processing TestLevel attachments from directory: /Users/sanjeevareddysj/.browserstack/UploadedAttachments-41/TestLevel
11:38:11.361 [verifyWelcomeScreen@0] INFO  c.b.v2.module.ObservabilityModule - Processing BuildLevel attachments from directory: /Users/sanjeevareddysj/.browserstack/UploadedAttachments-41/BuildLevel
11:38:11.361 [verifyWelcomeScreen@0] INFO  c.b.v2.module.ObservabilityModule - Processing attachments eventLogs: []
11:38:11.361 [verifyWelcomeScreen@0] INFO  c.b.v2.module.ObservabilityModule - sendLogCreatedEvent: No Log Events to send
11:38:11.365 [verifyWelcomeScreen@0] INFO  c.b.v2.framework.TestNgFramework - trackEvent: found instance, testFrameworkState=TestFrameworkState.LOG hookState=HookState.PRE instance=1741108805
11:38:11.365 [verifyWelcomeScreen@0] INFO  c.b.v2.framework.TestNgFramework - trackEvent: load log entries
11:38:11.376 [verifyWelcomeScreen@0] INFO  c.b.v2.module.TestHubModule - sendLogCreatedEvent: event=com.browserstack.v2.eventBus.Event@3f178fac, response=success: true

11:38:11.377 [verifyWelcomeScreen@0] INFO  c.b.v2.module.TestHubModule - sendLogCreatedEvent: event=com.browserstack.v2.eventBus.Event@3f178fac
11:38:11.379 [verifyWelcomeScreen@0] INFO  c.b.v2.module.WebdriverModule - beforeCommandExecute: event=com.browserstack.v2.eventBus.Event@5a4db8c6
11:38:11.379 [verifyWelcomeScreen@0] INFO  c.b.v2.module.WebdriverModule - beforeCommandExecute: event=com.browserstack.v2.eventBus.Event@5a4db8c6
11:38:11.379 [verifyWelcomeScreen@0] INFO  c.b.v2.module.WebdriverModule - beforeCommandExecute: event=com.browserstack.v2.eventBus.Event@774e6355
11:38:11.379 [verifyWelcomeScreen@0] INFO  c.b.v2.module.WebdriverModule - beforeCommandExecute: event=com.browserstack.v2.eventBus.Event@774e6355
11:38:11.419 [verifyWelcomeScreen@0] INFO  c.b.v2.module.WebdriverModule - afterCommandExecute: event=com.browserstack.v2.eventBus.Event@74a7e8ff
11:38:11.419 [verifyWelcomeScreen@0] INFO  c.b.v2.module.WebdriverModule - afterCommandExecute: event=com.browserstack.v2.eventBus.Event@74a7e8ff
11:38:11.419 [verifyWelcomeScreen@0] INFO  c.b.v2.module.ObservabilityModule - THREAD ID Inside Process= 41
11:38:11.419 [verifyWelcomeScreen@0] INFO  c.b.v2.module.ObservabilityModule - Processing TestLevel attachments from directory: /Users/sanjeevareddysj/.browserstack/UploadedAttachments-41/TestLevel
11:38:11.420 [verifyWelcomeScreen@0] INFO  c.b.v2.module.ObservabilityModule - Processing BuildLevel attachments from directory: /Users/sanjeevareddysj/.browserstack/UploadedAttachments-41/BuildLevel
11:38:11.420 [verifyWelcomeScreen@0] INFO  c.b.v2.module.ObservabilityModule - Processing attachments eventLogs: []
11:38:11.420 [verifyWelcomeScreen@0] INFO  c.b.v2.module.ObservabilityModule - sendLogCreatedEvent: No Log Events to send
11:38:11.422 [verifyWelcomeScreen@0] INFO  c.b.v2.module.WebdriverModule - afterCommandExecute: event=com.browserstack.v2.eventBus.Event@27d5193f
11:38:11.422 [verifyWelcomeScreen@0] INFO  c.b.v2.module.WebdriverModule - afterCommandExecute: event=com.browserstack.v2.eventBus.Event@27d5193f
11:38:11.422 [verifyWelcomeScreen@0] INFO  c.b.v2.module.ObservabilityModule - THREAD ID Inside Process= 41
11:38:11.422 [verifyWelcomeScreen@0] INFO  c.b.v2.module.ObservabilityModule - Processing TestLevel attachments from directory: /Users/sanjeevareddysj/.browserstack/UploadedAttachments-41/TestLevel
11:38:11.423 [verifyWelcomeScreen@0] INFO  c.b.v2.module.ObservabilityModule - Processing BuildLevel attachments from directory: /Users/sanjeevareddysj/.browserstack/UploadedAttachments-41/BuildLevel
11:38:11.423 [verifyWelcomeScreen@0] INFO  c.b.v2.module.ObservabilityModule - Processing attachments eventLogs: []
11:38:11.423 [verifyWelcomeScreen@0] INFO  c.b.v2.module.ObservabilityModule - sendLogCreatedEvent: No Log Events to send
11:38:11.426 [verifyWelcomeScreen@0] INFO  c.b.v2.module.WebdriverModule - beforeCommandExecute: event=com.browserstack.v2.eventBus.Event@68ae76c4
11:38:11.426 [verifyWelcomeScreen@0] INFO  c.b.v2.module.WebdriverModule - beforeCommandExecute: event=com.browserstack.v2.eventBus.Event@68ae76c4
11:38:11.494 [verifyWelcomeScreen@0] INFO  c.b.v2.module.WebdriverModule - afterCommandExecute: event=com.browserstack.v2.eventBus.Event@283d80f6
11:38:11.494 [verifyWelcomeScreen@0] INFO  c.b.v2.module.WebdriverModule - afterCommandExecute: event=com.browserstack.v2.eventBus.Event@283d80f6
11:38:11.494 [verifyWelcomeScreen@0] INFO  c.b.v2.module.ObservabilityModule - THREAD ID Inside Process= 41
11:38:11.495 [verifyWelcomeScreen@0] INFO  c.b.v2.module.ObservabilityModule - Processing TestLevel attachments from directory: /Users/sanjeevareddysj/.browserstack/UploadedAttachments-41/TestLevel
11:38:11.495 [verifyWelcomeScreen@0] INFO  c.b.v2.module.ObservabilityModule - Processing BuildLevel attachments from directory: /Users/sanjeevareddysj/.browserstack/UploadedAttachments-41/BuildLevel
11:38:11.495 [verifyWelcomeScreen@0] INFO  c.b.v2.module.ObservabilityModule - Processing attachments eventLogs: []
11:38:11.495 [verifyWelcomeScreen@0] INFO  c.b.v2.module.ObservabilityModule - sendLogCreatedEvent: No Log Events to send
11:38:11.496 [verifyWelcomeScreen@0] INFO  c.b.v2.module.WebdriverModule - beforeCommandExecute: event=com.browserstack.v2.eventBus.Event@d65741
11:38:11.496 [verifyWelcomeScreen@0] INFO  c.b.v2.module.WebdriverModule - beforeCommandExecute: event=com.browserstack.v2.eventBus.Event@d65741
11:38:11.587 [verifyWelcomeScreen@0] INFO  c.b.v2.module.WebdriverModule - afterCommandExecute: event=com.browserstack.v2.eventBus.Event@49edb7be
11:38:11.587 [verifyWelcomeScreen@0] INFO  c.b.v2.module.WebdriverModule - afterCommandExecute: event=com.browserstack.v2.eventBus.Event@49edb7be
11:38:11.587 [verifyWelcomeScreen@0] INFO  c.b.v2.module.ObservabilityModule - THREAD ID Inside Process= 41
11:38:11.587 [verifyWelcomeScreen@0] INFO  c.b.v2.module.ObservabilityModule - Processing TestLevel attachments from directory: /Users/sanjeevareddysj/.browserstack/UploadedAttachments-41/TestLevel
11:38:11.587 [verifyWelcomeScreen@0] INFO  c.b.v2.module.ObservabilityModule - Processing BuildLevel attachments from directory: /Users/sanjeevareddysj/.browserstack/UploadedAttachments-41/BuildLevel
11:38:11.587 [verifyWelcomeScreen@0] INFO  c.b.v2.module.ObservabilityModule - Processing attachments eventLogs: []
11:38:11.587 [verifyWelcomeScreen@0] INFO  c.b.v2.module.ObservabilityModule - sendLogCreatedEvent: No Log Events to send
11:38:11.591 [verifyWelcomeScreen@0] INFO  c.b.v2.framework.TestNgFramework - trackEvent: found instance, testFrameworkState=TestFrameworkState.LOG hookState=HookState.PRE instance=1741108805
11:38:11.591 [verifyWelcomeScreen@0] INFO  c.b.v2.framework.TestNgFramework - trackEvent: load log entries
11:38:11.598 [verifyWelcomeScreen@0] INFO  c.b.v2.module.TestHubModule - sendLogCreatedEvent: event=com.browserstack.v2.eventBus.Event@5781d2ed, response=success: true

11:38:11.599 [verifyWelcomeScreen@0] INFO  c.b.v2.module.TestHubModule - sendLogCreatedEvent: event=com.browserstack.v2.eventBus.Event@5781d2ed
11:38:15.608 [verifyWelcomeScreen@0] INFO  c.b.v2.module.WebdriverModule - beforeCommandExecute: event=com.browserstack.v2.eventBus.Event@59972c99
11:38:15.608 [verifyWelcomeScreen@0] INFO  c.b.v2.module.WebdriverModule - beforeCommandExecute: event=com.browserstack.v2.eventBus.Event@59972c99
11:38:15.608 [verifyWelcomeScreen@0] INFO  c.b.v2.module.WebdriverModule - beforeCommandExecute: event=com.browserstack.v2.eventBus.Event@4e4824a
11:38:15.608 [verifyWelcomeScreen@0] INFO  c.b.v2.module.WebdriverModule - beforeCommandExecute: event=com.browserstack.v2.eventBus.Event@4e4824a
11:38:15.671 [verifyWelcomeScreen@0] INFO  c.b.v2.module.WebdriverModule - afterCommandExecute: event=com.browserstack.v2.eventBus.Event@5d2b2e81
11:38:15.671 [verifyWelcomeScreen@0] INFO  c.b.v2.module.WebdriverModule - afterCommandExecute: event=com.browserstack.v2.eventBus.Event@5d2b2e81
11:38:15.671 [verifyWelcomeScreen@0] INFO  c.b.v2.module.ObservabilityModule - THREAD ID Inside Process= 41
11:38:15.671 [verifyWelcomeScreen@0] INFO  c.b.v2.module.ObservabilityModule - Processing TestLevel attachments from directory: /Users/sanjeevareddysj/.browserstack/UploadedAttachments-41/TestLevel
11:38:15.671 [verifyWelcomeScreen@0] INFO  c.b.v2.module.ObservabilityModule - Processing BuildLevel attachments from directory: /Users/sanjeevareddysj/.browserstack/UploadedAttachments-41/BuildLevel
11:38:15.671 [verifyWelcomeScreen@0] INFO  c.b.v2.module.ObservabilityModule - Processing attachments eventLogs: []
11:38:15.671 [verifyWelcomeScreen@0] INFO  c.b.v2.module.ObservabilityModule - sendLogCreatedEvent: No Log Events to send
11:38:15.674 [verifyWelcomeScreen@0] INFO  c.b.v2.module.WebdriverModule - afterCommandExecute: event=com.browserstack.v2.eventBus.Event@7df6eae4
11:38:15.674 [verifyWelcomeScreen@0] INFO  c.b.v2.module.WebdriverModule - afterCommandExecute: event=com.browserstack.v2.eventBus.Event@7df6eae4
11:38:15.674 [verifyWelcomeScreen@0] INFO  c.b.v2.module.ObservabilityModule - THREAD ID Inside Process= 41
11:38:15.675 [verifyWelcomeScreen@0] INFO  c.b.v2.module.ObservabilityModule - Processing TestLevel attachments from directory: /Users/sanjeevareddysj/.browserstack/UploadedAttachments-41/TestLevel
11:38:15.675 [verifyWelcomeScreen@0] INFO  c.b.v2.module.ObservabilityModule - Processing BuildLevel attachments from directory: /Users/sanjeevareddysj/.browserstack/UploadedAttachments-41/BuildLevel
11:38:15.675 [verifyWelcomeScreen@0] INFO  c.b.v2.module.ObservabilityModule - Processing attachments eventLogs: []
11:38:15.675 [verifyWelcomeScreen@0] INFO  c.b.v2.module.ObservabilityModule - sendLogCreatedEvent: No Log Events to send
11:38:15.676 [verifyWelcomeScreen@0] INFO  c.b.v2.module.WebdriverModule - beforeCommandExecute: event=com.browserstack.v2.eventBus.Event@59fbb3c1
11:38:15.676 [verifyWelcomeScreen@0] INFO  c.b.v2.module.WebdriverModule - beforeCommandExecute: event=com.browserstack.v2.eventBus.Event@59fbb3c1
11:38:15.821 [verifyWelcomeScreen@0] INFO  c.b.v2.module.WebdriverModule - afterCommandExecute: event=com.browserstack.v2.eventBus.Event@6456d90b
11:38:15.821 [verifyWelcomeScreen@0] INFO  c.b.v2.module.WebdriverModule - afterCommandExecute: event=com.browserstack.v2.eventBus.Event@6456d90b
11:38:15.821 [verifyWelcomeScreen@0] INFO  c.b.v2.module.ObservabilityModule - THREAD ID Inside Process= 41
11:38:15.821 [verifyWelcomeScreen@0] INFO  c.b.v2.module.ObservabilityModule - Processing TestLevel attachments from directory: /Users/sanjeevareddysj/.browserstack/UploadedAttachments-41/TestLevel
11:38:15.821 [verifyWelcomeScreen@0] INFO  c.b.v2.module.ObservabilityModule - Processing BuildLevel attachments from directory: /Users/sanjeevareddysj/.browserstack/UploadedAttachments-41/BuildLevel
11:38:15.821 [verifyWelcomeScreen@0] INFO  c.b.v2.module.ObservabilityModule - Processing attachments eventLogs: []
11:38:15.822 [verifyWelcomeScreen@0] INFO  c.b.v2.module.ObservabilityModule - sendLogCreatedEvent: No Log Events to send
11:38:15.985 [verifyWelcomeScreen@0] INFO  c.b.v2.module.WebdriverModule - beforeCommandExecute: event=com.browserstack.v2.eventBus.Event@7a8997c5
11:38:15.985 [verifyWelcomeScreen@0] INFO  c.b.v2.module.WebdriverModule - beforeCommandExecute: event=com.browserstack.v2.eventBus.Event@7a8997c5
11:38:15.985 [verifyWelcomeScreen@0] INFO  c.b.v2.module.WebdriverModule - beforeCommandExecute: event=com.browserstack.v2.eventBus.Event@7fe5522
11:38:15.985 [verifyWelcomeScreen@0] INFO  c.b.v2.module.WebdriverModule - beforeCommandExecute: event=com.browserstack.v2.eventBus.Event@7fe5522
11:38:16.031 [verifyWelcomeScreen@0] INFO  c.b.v2.module.WebdriverModule - afterCommandExecute: event=com.browserstack.v2.eventBus.Event@5f78305
11:38:16.031 [verifyWelcomeScreen@0] INFO  c.b.v2.module.WebdriverModule - afterCommandExecute: event=com.browserstack.v2.eventBus.Event@5f78305
11:38:16.031 [verifyWelcomeScreen@0] INFO  c.b.v2.module.ObservabilityModule - THREAD ID Inside Process= 41
11:38:16.031 [verifyWelcomeScreen@0] INFO  c.b.v2.module.ObservabilityModule - Processing TestLevel attachments from directory: /Users/sanjeevareddysj/.browserstack/UploadedAttachments-41/TestLevel
11:38:16.031 [verifyWelcomeScreen@0] INFO  c.b.v2.module.ObservabilityModule - Processing BuildLevel attachments from directory: /Users/sanjeevareddysj/.browserstack/UploadedAttachments-41/BuildLevel
11:38:16.032 [verifyWelcomeScreen@0] INFO  c.b.v2.module.ObservabilityModule - Processing attachments eventLogs: []
11:38:16.032 [verifyWelcomeScreen@0] INFO  c.b.v2.module.ObservabilityModule - sendLogCreatedEvent: No Log Events to send
11:38:16.036 [verifyWelcomeScreen@0] INFO  c.b.v2.module.WebdriverModule - afterCommandExecute: event=com.browserstack.v2.eventBus.Event@48afebe2
11:38:16.037 [verifyWelcomeScreen@0] INFO  c.b.v2.module.WebdriverModule - afterCommandExecute: event=com.browserstack.v2.eventBus.Event@48afebe2
11:38:16.037 [verifyWelcomeScreen@0] INFO  c.b.v2.module.ObservabilityModule - THREAD ID Inside Process= 41
11:38:16.037 [verifyWelcomeScreen@0] INFO  c.b.v2.module.ObservabilityModule - Processing TestLevel attachments from directory: /Users/sanjeevareddysj/.browserstack/UploadedAttachments-41/TestLevel
11:38:16.037 [verifyWelcomeScreen@0] INFO  c.b.v2.module.ObservabilityModule - Processing BuildLevel attachments from directory: /Users/sanjeevareddysj/.browserstack/UploadedAttachments-41/BuildLevel
11:38:16.037 [verifyWelcomeScreen@0] INFO  c.b.v2.module.ObservabilityModule - Processing attachments eventLogs: []
11:38:16.037 [verifyWelcomeScreen@0] INFO  c.b.v2.module.ObservabilityModule - sendLogCreatedEvent: No Log Events to send
11:38:16.040 [verifyWelcomeScreen@0] INFO  c.b.v2.module.WebdriverModule - beforeCommandExecute: event=com.browserstack.v2.eventBus.Event@4dbb38f
11:38:16.040 [verifyWelcomeScreen@0] INFO  c.b.v2.module.WebdriverModule - beforeCommandExecute: event=com.browserstack.v2.eventBus.Event@4dbb38f
11:38:16.118 [verifyWelcomeScreen@0] INFO  c.b.v2.module.WebdriverModule - afterCommandExecute: event=com.browserstack.v2.eventBus.Event@23c5ebe9
11:38:16.118 [verifyWelcomeScreen@0] INFO  c.b.v2.module.WebdriverModule - afterCommandExecute: event=com.browserstack.v2.eventBus.Event@23c5ebe9
11:38:16.118 [verifyWelcomeScreen@0] INFO  c.b.v2.module.ObservabilityModule - THREAD ID Inside Process= 41
11:38:16.119 [verifyWelcomeScreen@0] INFO  c.b.v2.module.ObservabilityModule - Processing TestLevel attachments from directory: /Users/sanjeevareddysj/.browserstack/UploadedAttachments-41/TestLevel
11:38:16.119 [verifyWelcomeScreen@0] INFO  c.b.v2.module.ObservabilityModule - Processing BuildLevel attachments from directory: /Users/sanjeevareddysj/.browserstack/UploadedAttachments-41/BuildLevel
11:38:16.119 [verifyWelcomeScreen@0] INFO  c.b.v2.module.ObservabilityModule - Processing attachments eventLogs: []
11:38:16.119 [verifyWelcomeScreen@0] INFO  c.b.v2.module.ObservabilityModule - sendLogCreatedEvent: No Log Events to send
11:38:16.122 [verifyWelcomeScreen@0] INFO  c.b.v2.module.WebdriverModule - beforeCommandExecute: event=com.browserstack.v2.eventBus.Event@5fa8ec7a
11:38:16.122 [verifyWelcomeScreen@0] INFO  c.b.v2.module.WebdriverModule - beforeCommandExecute: event=com.browserstack.v2.eventBus.Event@5fa8ec7a
11:38:16.181 [verifyWelcomeScreen@0] INFO  c.b.v2.module.WebdriverModule - afterCommandExecute: event=com.browserstack.v2.eventBus.Event@22f141b7
11:38:16.181 [verifyWelcomeScreen@0] INFO  c.b.v2.module.WebdriverModule - afterCommandExecute: event=com.browserstack.v2.eventBus.Event@22f141b7
11:38:16.181 [verifyWelcomeScreen@0] INFO  c.b.v2.module.ObservabilityModule - THREAD ID Inside Process= 41
11:38:16.181 [verifyWelcomeScreen@0] INFO  c.b.v2.module.ObservabilityModule - Processing TestLevel attachments from directory: /Users/sanjeevareddysj/.browserstack/UploadedAttachments-41/TestLevel
11:38:16.181 [verifyWelcomeScreen@0] INFO  c.b.v2.module.ObservabilityModule - Processing BuildLevel attachments from directory: /Users/sanjeevareddysj/.browserstack/UploadedAttachments-41/BuildLevel
11:38:16.181 [verifyWelcomeScreen@0] INFO  c.b.v2.module.ObservabilityModule - Processing attachments eventLogs: []
11:38:16.181 [verifyWelcomeScreen@0] INFO  c.b.v2.module.ObservabilityModule - sendLogCreatedEvent: No Log Events to send
11:38:16.184 [verifyWelcomeScreen@0] INFO  c.b.v2.framework.TestNgFramework - trackEvent: found instance, testFrameworkState=TestFrameworkState.LOG hookState=HookState.PRE instance=1741108805
11:38:16.184 [verifyWelcomeScreen@0] INFO  c.b.v2.framework.TestNgFramework - trackEvent: load log entries
11:38:16.189 [verifyWelcomeScreen@0] INFO  c.b.v2.module.TestHubModule - sendLogCreatedEvent: event=com.browserstack.v2.eventBus.Event@32d960c, response=success: true

11:38:16.189 [verifyWelcomeScreen@0] INFO  c.b.v2.module.TestHubModule - sendLogCreatedEvent: event=com.browserstack.v2.eventBus.Event@32d960c
11:38:16.192 [verifyWelcomeScreen@0] INFO  c.b.v2.module.WebdriverModule - beforeCommandExecute: event=com.browserstack.v2.eventBus.Event@76c877e0
11:38:16.192 [verifyWelcomeScreen@0] INFO  c.b.v2.module.WebdriverModule - beforeCommandExecute: event=com.browserstack.v2.eventBus.Event@76c877e0
11:38:16.192 [verifyWelcomeScreen@0] INFO  c.b.v2.module.WebdriverModule - beforeCommandExecute: event=com.browserstack.v2.eventBus.Event@11675f7a
11:38:16.192 [verifyWelcomeScreen@0] INFO  c.b.v2.module.WebdriverModule - beforeCommandExecute: event=com.browserstack.v2.eventBus.Event@11675f7a
11:38:16.232 [verifyWelcomeScreen@0] INFO  c.b.v2.module.WebdriverModule - afterCommandExecute: event=com.browserstack.v2.eventBus.Event@7e9536ac
11:38:16.232 [verifyWelcomeScreen@0] INFO  c.b.v2.module.WebdriverModule - afterCommandExecute: event=com.browserstack.v2.eventBus.Event@7e9536ac
11:38:16.232 [verifyWelcomeScreen@0] INFO  c.b.v2.module.ObservabilityModule - THREAD ID Inside Process= 41
11:38:16.232 [verifyWelcomeScreen@0] INFO  c.b.v2.module.ObservabilityModule - Processing TestLevel attachments from directory: /Users/sanjeevareddysj/.browserstack/UploadedAttachments-41/TestLevel
11:38:16.232 [verifyWelcomeScreen@0] INFO  c.b.v2.module.ObservabilityModule - Processing BuildLevel attachments from directory: /Users/sanjeevareddysj/.browserstack/UploadedAttachments-41/BuildLevel
11:38:16.232 [verifyWelcomeScreen@0] INFO  c.b.v2.module.ObservabilityModule - Processing attachments eventLogs: []
11:38:16.232 [verifyWelcomeScreen@0] INFO  c.b.v2.module.ObservabilityModule - sendLogCreatedEvent: No Log Events to send
11:38:16.235 [verifyWelcomeScreen@0] INFO  c.b.v2.module.WebdriverModule - afterCommandExecute: event=com.browserstack.v2.eventBus.Event@aa991aa
11:38:16.235 [verifyWelcomeScreen@0] INFO  c.b.v2.module.WebdriverModule - afterCommandExecute: event=com.browserstack.v2.eventBus.Event@aa991aa
11:38:16.235 [verifyWelcomeScreen@0] INFO  c.b.v2.module.ObservabilityModule - THREAD ID Inside Process= 41
11:38:16.235 [verifyWelcomeScreen@0] INFO  c.b.v2.module.ObservabilityModule - Processing TestLevel attachments from directory: /Users/sanjeevareddysj/.browserstack/UploadedAttachments-41/TestLevel
11:38:16.235 [verifyWelcomeScreen@0] INFO  c.b.v2.module.ObservabilityModule - Processing BuildLevel attachments from directory: /Users/sanjeevareddysj/.browserstack/UploadedAttachments-41/BuildLevel
11:38:16.235 [verifyWelcomeScreen@0] INFO  c.b.v2.module.ObservabilityModule - Processing attachments eventLogs: []
11:38:16.235 [verifyWelcomeScreen@0] INFO  c.b.v2.module.ObservabilityModule - sendLogCreatedEvent: No Log Events to send
11:38:16.238 [verifyWelcomeScreen@0] INFO  c.b.v2.module.WebdriverModule - beforeCommandExecute: event=com.browserstack.v2.eventBus.Event@76e9f1d3
11:38:16.238 [verifyWelcomeScreen@0] INFO  c.b.v2.module.WebdriverModule - beforeCommandExecute: event=com.browserstack.v2.eventBus.Event@76e9f1d3
11:38:16.310 [verifyWelcomeScreen@0] INFO  c.b.v2.module.WebdriverModule - afterCommandExecute: event=com.browserstack.v2.eventBus.Event@71ed8f4
11:38:16.310 [verifyWelcomeScreen@0] INFO  c.b.v2.module.WebdriverModule - afterCommandExecute: event=com.browserstack.v2.eventBus.Event@71ed8f4
11:38:16.310 [verifyWelcomeScreen@0] INFO  c.b.v2.module.ObservabilityModule - THREAD ID Inside Process= 41
11:38:16.310 [verifyWelcomeScreen@0] INFO  c.b.v2.module.ObservabilityModule - Processing TestLevel attachments from directory: /Users/sanjeevareddysj/.browserstack/UploadedAttachments-41/TestLevel
11:38:16.311 [verifyWelcomeScreen@0] INFO  c.b.v2.module.ObservabilityModule - Processing BuildLevel attachments from directory: /Users/sanjeevareddysj/.browserstack/UploadedAttachments-41/BuildLevel
11:38:16.311 [verifyWelcomeScreen@0] INFO  c.b.v2.module.ObservabilityModule - Processing attachments eventLogs: []
11:38:16.311 [verifyWelcomeScreen@0] INFO  c.b.v2.module.ObservabilityModule - sendLogCreatedEvent: No Log Events to send
11:38:16.312 [verifyWelcomeScreen@0] INFO  c.b.v2.module.WebdriverModule - beforeCommandExecute: event=com.browserstack.v2.eventBus.Event@25bd6a1d
11:38:16.312 [verifyWelcomeScreen@0] INFO  c.b.v2.module.WebdriverModule - beforeCommandExecute: event=com.browserstack.v2.eventBus.Event@25bd6a1d
11:38:16.375 [verifyWelcomeScreen@0] INFO  c.b.v2.module.WebdriverModule - afterCommandExecute: event=com.browserstack.v2.eventBus.Event@58640059
11:38:16.375 [verifyWelcomeScreen@0] INFO  c.b.v2.module.WebdriverModule - afterCommandExecute: event=com.browserstack.v2.eventBus.Event@58640059
11:38:16.375 [verifyWelcomeScreen@0] INFO  c.b.v2.module.ObservabilityModule - THREAD ID Inside Process= 41
11:38:16.375 [verifyWelcomeScreen@0] INFO  c.b.v2.module.ObservabilityModule - Processing TestLevel attachments from directory: /Users/sanjeevareddysj/.browserstack/UploadedAttachments-41/TestLevel
11:38:16.375 [verifyWelcomeScreen@0] INFO  c.b.v2.module.ObservabilityModule - Processing BuildLevel attachments from directory: /Users/sanjeevareddysj/.browserstack/UploadedAttachments-41/BuildLevel
11:38:16.376 [verifyWelcomeScreen@0] INFO  c.b.v2.module.ObservabilityModule - Processing attachments eventLogs: []
11:38:16.376 [verifyWelcomeScreen@0] INFO  c.b.v2.module.ObservabilityModule - sendLogCreatedEvent: No Log Events to send
11:38:16.378 [verifyWelcomeScreen@0] INFO  c.b.v2.framework.TestNgFramework - trackEvent: found instance, testFrameworkState=TestFrameworkState.LOG hookState=HookState.PRE instance=1741108805
11:38:16.378 [verifyWelcomeScreen@0] INFO  c.b.v2.framework.TestNgFramework - trackEvent: load log entries
11:38:16.383 [verifyWelcomeScreen@0] INFO  c.b.v2.module.TestHubModule - sendLogCreatedEvent: event=com.browserstack.v2.eventBus.Event@4e40dfd4, response=success: true

11:38:16.383 [verifyWelcomeScreen@0] INFO  c.b.v2.module.TestHubModule - sendLogCreatedEvent: event=com.browserstack.v2.eventBus.Event@4e40dfd4
11:38:20.394 [verifyWelcomeScreen@0] INFO  c.b.v2.module.WebdriverModule - beforeCommandExecute: event=com.browserstack.v2.eventBus.Event@12c39c9c
11:38:20.394 [verifyWelcomeScreen@0] INFO  c.b.v2.module.WebdriverModule - beforeCommandExecute: event=com.browserstack.v2.eventBus.Event@12c39c9c
11:38:20.394 [verifyWelcomeScreen@0] INFO  c.b.v2.module.WebdriverModule - beforeCommandExecute: event=com.browserstack.v2.eventBus.Event@57e4eb5d
11:38:20.394 [verifyWelcomeScreen@0] INFO  c.b.v2.module.WebdriverModule - beforeCommandExecute: event=com.browserstack.v2.eventBus.Event@57e4eb5d
11:38:20.478 [verifyWelcomeScreen@0] INFO  c.b.v2.module.WebdriverModule - afterCommandExecute: event=com.browserstack.v2.eventBus.Event@1f92200a
11:38:20.478 [verifyWelcomeScreen@0] INFO  c.b.v2.module.WebdriverModule - afterCommandExecute: event=com.browserstack.v2.eventBus.Event@1f92200a
11:38:20.478 [verifyWelcomeScreen@0] INFO  c.b.v2.module.ObservabilityModule - THREAD ID Inside Process= 41
11:38:20.478 [verifyWelcomeScreen@0] INFO  c.b.v2.module.ObservabilityModule - Processing TestLevel attachments from directory: /Users/sanjeevareddysj/.browserstack/UploadedAttachments-41/TestLevel
11:38:20.479 [verifyWelcomeScreen@0] INFO  c.b.v2.module.ObservabilityModule - Processing BuildLevel attachments from directory: /Users/sanjeevareddysj/.browserstack/UploadedAttachments-41/BuildLevel
11:38:20.479 [verifyWelcomeScreen@0] INFO  c.b.v2.module.ObservabilityModule - Processing attachments eventLogs: []
11:38:20.479 [verifyWelcomeScreen@0] INFO  c.b.v2.module.ObservabilityModule - sendLogCreatedEvent: No Log Events to send
11:38:20.483 [verifyWelcomeScreen@0] INFO  c.b.v2.module.WebdriverModule - afterCommandExecute: event=com.browserstack.v2.eventBus.Event@266f8831
11:38:20.483 [verifyWelcomeScreen@0] INFO  c.b.v2.module.WebdriverModule - afterCommandExecute: event=com.browserstack.v2.eventBus.Event@266f8831
11:38:20.483 [verifyWelcomeScreen@0] INFO  c.b.v2.module.ObservabilityModule - THREAD ID Inside Process= 41
11:38:20.483 [verifyWelcomeScreen@0] INFO  c.b.v2.module.ObservabilityModule - Processing TestLevel attachments from directory: /Users/sanjeevareddysj/.browserstack/UploadedAttachments-41/TestLevel
11:38:20.484 [verifyWelcomeScreen@0] INFO  c.b.v2.module.ObservabilityModule - Processing BuildLevel attachments from directory: /Users/sanjeevareddysj/.browserstack/UploadedAttachments-41/BuildLevel
11:38:20.484 [verifyWelcomeScreen@0] INFO  c.b.v2.module.ObservabilityModule - Processing attachments eventLogs: []
11:38:20.484 [verifyWelcomeScreen@0] INFO  c.b.v2.module.ObservabilityModule - sendLogCreatedEvent: No Log Events to send
11:38:20.487 [verifyWelcomeScreen@0] INFO  c.b.v2.module.WebdriverModule - beforeCommandExecute: event=com.browserstack.v2.eventBus.Event@583dd90c
11:38:20.487 [verifyWelcomeScreen@0] INFO  c.b.v2.module.WebdriverModule - beforeCommandExecute: event=com.browserstack.v2.eventBus.Event@583dd90c
11:38:20.607 [verifyWelcomeScreen@0] INFO  c.b.v2.module.WebdriverModule - afterCommandExecute: event=com.browserstack.v2.eventBus.Event@5a028735
11:38:20.607 [verifyWelcomeScreen@0] INFO  c.b.v2.module.WebdriverModule - afterCommandExecute: event=com.browserstack.v2.eventBus.Event@5a028735
11:38:20.608 [verifyWelcomeScreen@0] INFO  c.b.v2.module.ObservabilityModule - THREAD ID Inside Process= 41
11:38:20.608 [verifyWelcomeScreen@0] INFO  c.b.v2.module.ObservabilityModule - Processing TestLevel attachments from directory: /Users/sanjeevareddysj/.browserstack/UploadedAttachments-41/TestLevel
11:38:20.608 [verifyWelcomeScreen@0] INFO  c.b.v2.module.ObservabilityModule - Processing BuildLevel attachments from directory: /Users/sanjeevareddysj/.browserstack/UploadedAttachments-41/BuildLevel
11:38:20.608 [verifyWelcomeScreen@0] INFO  c.b.v2.module.ObservabilityModule - Processing attachments eventLogs: []
11:38:20.609 [verifyWelcomeScreen@0] INFO  c.b.v2.module.ObservabilityModule - sendLogCreatedEvent: No Log Events to send
11:38:20.821 [verifyWelcomeScreen@0] INFO  c.b.v2.module.WebdriverModule - beforeCommandExecute: event=com.browserstack.v2.eventBus.Event@3b57c60f
11:38:20.822 [verifyWelcomeScreen@0] INFO  c.b.v2.module.WebdriverModule - beforeCommandExecute: event=com.browserstack.v2.eventBus.Event@3b57c60f
11:38:20.822 [verifyWelcomeScreen@0] INFO  c.b.v2.module.WebdriverModule - beforeCommandExecute: event=com.browserstack.v2.eventBus.Event@6e93b6fa
11:38:20.822 [verifyWelcomeScreen@0] INFO  c.b.v2.module.WebdriverModule - beforeCommandExecute: event=com.browserstack.v2.eventBus.Event@6e93b6fa
11:38:20.910 [verifyWelcomeScreen@0] INFO  c.b.v2.module.WebdriverModule - afterCommandExecute: event=com.browserstack.v2.eventBus.Event@18bbb91f
11:38:20.910 [verifyWelcomeScreen@0] INFO  c.b.v2.module.WebdriverModule - afterCommandExecute: event=com.browserstack.v2.eventBus.Event@18bbb91f
11:38:20.910 [verifyWelcomeScreen@0] INFO  c.b.v2.module.ObservabilityModule - THREAD ID Inside Process= 41
11:38:20.910 [verifyWelcomeScreen@0] INFO  c.b.v2.module.ObservabilityModule - Processing TestLevel attachments from directory: /Users/sanjeevareddysj/.browserstack/UploadedAttachments-41/TestLevel
11:38:20.910 [verifyWelcomeScreen@0] INFO  c.b.v2.module.ObservabilityModule - Processing BuildLevel attachments from directory: /Users/sanjeevareddysj/.browserstack/UploadedAttachments-41/BuildLevel
11:38:20.910 [verifyWelcomeScreen@0] INFO  c.b.v2.module.ObservabilityModule - Processing attachments eventLogs: []
11:38:20.911 [verifyWelcomeScreen@0] INFO  c.b.v2.module.ObservabilityModule - sendLogCreatedEvent: No Log Events to send
11:38:20.915 [verifyWelcomeScreen@0] INFO  c.b.v2.module.WebdriverModule - afterCommandExecute: event=com.browserstack.v2.eventBus.Event@4b4c9e10
11:38:20.915 [verifyWelcomeScreen@0] INFO  c.b.v2.module.WebdriverModule - afterCommandExecute: event=com.browserstack.v2.eventBus.Event@4b4c9e10
11:38:20.915 [verifyWelcomeScreen@0] INFO  c.b.v2.module.ObservabilityModule - THREAD ID Inside Process= 41
11:38:20.915 [verifyWelcomeScreen@0] INFO  c.b.v2.module.ObservabilityModule - Processing TestLevel attachments from directory: /Users/sanjeevareddysj/.browserstack/UploadedAttachments-41/TestLevel
11:38:20.915 [verifyWelcomeScreen@0] INFO  c.b.v2.module.ObservabilityModule - Processing BuildLevel attachments from directory: /Users/sanjeevareddysj/.browserstack/UploadedAttachments-41/BuildLevel
11:38:20.915 [verifyWelcomeScreen@0] INFO  c.b.v2.module.ObservabilityModule - Processing attachments eventLogs: []
11:38:20.915 [verifyWelcomeScreen@0] INFO  c.b.v2.module.ObservabilityModule - sendLogCreatedEvent: No Log Events to send
11:38:20.918 [verifyWelcomeScreen@0] INFO  c.b.v2.module.WebdriverModule - beforeCommandExecute: event=com.browserstack.v2.eventBus.Event@7d2df0a8
11:38:20.918 [verifyWelcomeScreen@0] INFO  c.b.v2.module.WebdriverModule - beforeCommandExecute: event=com.browserstack.v2.eventBus.Event@7d2df0a8
11:38:21.046 [verifyWelcomeScreen@0] INFO  c.b.v2.module.WebdriverModule - afterCommandExecute: event=com.browserstack.v2.eventBus.Event@400690d2
11:38:21.047 [verifyWelcomeScreen@0] INFO  c.b.v2.module.WebdriverModule - afterCommandExecute: event=com.browserstack.v2.eventBus.Event@400690d2
11:38:21.047 [verifyWelcomeScreen@0] INFO  c.b.v2.module.ObservabilityModule - THREAD ID Inside Process= 41
11:38:21.047 [verifyWelcomeScreen@0] INFO  c.b.v2.module.ObservabilityModule - Processing TestLevel attachments from directory: /Users/sanjeevareddysj/.browserstack/UploadedAttachments-41/TestLevel
11:38:21.047 [verifyWelcomeScreen@0] INFO  c.b.v2.module.ObservabilityModule - Processing BuildLevel attachments from directory: /Users/sanjeevareddysj/.browserstack/UploadedAttachments-41/BuildLevel
11:38:21.047 [verifyWelcomeScreen@0] INFO  c.b.v2.module.ObservabilityModule - Processing attachments eventLogs: []
11:38:21.047 [verifyWelcomeScreen@0] INFO  c.b.v2.module.ObservabilityModule - sendLogCreatedEvent: No Log Events to send
11:38:21.050 [verifyWelcomeScreen@0] INFO  c.b.v2.module.WebdriverModule - beforeCommandExecute: event=com.browserstack.v2.eventBus.Event@44de9f9d
11:38:21.050 [verifyWelcomeScreen@0] INFO  c.b.v2.module.WebdriverModule - beforeCommandExecute: event=com.browserstack.v2.eventBus.Event@44de9f9d
11:38:21.115 [verifyWelcomeScreen@0] INFO  c.b.v2.module.WebdriverModule - afterCommandExecute: event=com.browserstack.v2.eventBus.Event@23f6c5c5
11:38:21.116 [verifyWelcomeScreen@0] INFO  c.b.v2.module.WebdriverModule - afterCommandExecute: event=com.browserstack.v2.eventBus.Event@23f6c5c5
11:38:21.116 [verifyWelcomeScreen@0] INFO  c.b.v2.module.ObservabilityModule - THREAD ID Inside Process= 41
11:38:21.116 [verifyWelcomeScreen@0] INFO  c.b.v2.module.ObservabilityModule - Processing TestLevel attachments from directory: /Users/sanjeevareddysj/.browserstack/UploadedAttachments-41/TestLevel
11:38:21.116 [verifyWelcomeScreen@0] INFO  c.b.v2.module.ObservabilityModule - Processing BuildLevel attachments from directory: /Users/sanjeevareddysj/.browserstack/UploadedAttachments-41/BuildLevel
11:38:21.116 [verifyWelcomeScreen@0] INFO  c.b.v2.module.ObservabilityModule - Processing attachments eventLogs: []
11:38:21.116 [verifyWelcomeScreen@0] INFO  c.b.v2.module.ObservabilityModule - sendLogCreatedEvent: No Log Events to send
11:38:21.119 [verifyWelcomeScreen@0] INFO  c.b.v2.framework.TestNgFramework - trackEvent: found instance, testFrameworkState=TestFrameworkState.LOG hookState=HookState.PRE instance=1741108805
11:38:21.119 [verifyWelcomeScreen@0] INFO  c.b.v2.framework.TestNgFramework - trackEvent: load log entries
11:38:21.124 [verifyWelcomeScreen@0] INFO  c.b.v2.module.TestHubModule - sendLogCreatedEvent: event=com.browserstack.v2.eventBus.Event@5a126563, response=success: true

11:38:21.125 [verifyWelcomeScreen@0] INFO  c.b.v2.module.TestHubModule - sendLogCreatedEvent: event=com.browserstack.v2.eventBus.Event@5a126563
11:38:21.127 [verifyWelcomeScreen@0] INFO  c.b.v2.module.WebdriverModule - beforeCommandExecute: event=com.browserstack.v2.eventBus.Event@744ebf41
11:38:21.127 [verifyWelcomeScreen@0] INFO  c.b.v2.module.WebdriverModule - beforeCommandExecute: event=com.browserstack.v2.eventBus.Event@744ebf41
11:38:21.128 [verifyWelcomeScreen@0] INFO  c.b.v2.module.WebdriverModule - beforeCommandExecute: event=com.browserstack.v2.eventBus.Event@180efb6f
11:38:21.128 [verifyWelcomeScreen@0] INFO  c.b.v2.module.WebdriverModule - beforeCommandExecute: event=com.browserstack.v2.eventBus.Event@180efb6f
11:38:21.168 [verifyWelcomeScreen@0] INFO  c.b.v2.module.WebdriverModule - afterCommandExecute: event=com.browserstack.v2.eventBus.Event@5962e3da
11:38:21.168 [verifyWelcomeScreen@0] INFO  c.b.v2.module.WebdriverModule - afterCommandExecute: event=com.browserstack.v2.eventBus.Event@5962e3da
11:38:21.168 [verifyWelcomeScreen@0] INFO  c.b.v2.module.ObservabilityModule - THREAD ID Inside Process= 41
11:38:21.168 [verifyWelcomeScreen@0] INFO  c.b.v2.module.ObservabilityModule - Processing TestLevel attachments from directory: /Users/sanjeevareddysj/.browserstack/UploadedAttachments-41/TestLevel
11:38:21.168 [verifyWelcomeScreen@0] INFO  c.b.v2.module.ObservabilityModule - Processing BuildLevel attachments from directory: /Users/sanjeevareddysj/.browserstack/UploadedAttachments-41/BuildLevel
11:38:21.168 [verifyWelcomeScreen@0] INFO  c.b.v2.module.ObservabilityModule - Processing attachments eventLogs: []
11:38:21.169 [verifyWelcomeScreen@0] INFO  c.b.v2.module.ObservabilityModule - sendLogCreatedEvent: No Log Events to send
11:38:21.172 [verifyWelcomeScreen@0] INFO  c.b.v2.module.WebdriverModule - afterCommandExecute: event=com.browserstack.v2.eventBus.Event@12c41c2a
11:38:21.172 [verifyWelcomeScreen@0] INFO  c.b.v2.module.WebdriverModule - afterCommandExecute: event=com.browserstack.v2.eventBus.Event@12c41c2a
11:38:21.172 [verifyWelcomeScreen@0] INFO  c.b.v2.module.ObservabilityModule - THREAD ID Inside Process= 41
11:38:21.172 [verifyWelcomeScreen@0] INFO  c.b.v2.module.ObservabilityModule - Processing TestLevel attachments from directory: /Users/sanjeevareddysj/.browserstack/UploadedAttachments-41/TestLevel
11:38:21.172 [verifyWelcomeScreen@0] INFO  c.b.v2.module.ObservabilityModule - Processing BuildLevel attachments from directory: /Users/sanjeevareddysj/.browserstack/UploadedAttachments-41/BuildLevel
11:38:21.172 [verifyWelcomeScreen@0] INFO  c.b.v2.module.ObservabilityModule - Processing attachments eventLogs: []
11:38:21.172 [verifyWelcomeScreen@0] INFO  c.b.v2.module.ObservabilityModule - sendLogCreatedEvent: No Log Events to send
11:38:21.178 [verifyWelcomeScreen@0] INFO  c.b.v2.module.WebdriverModule - beforeCommandExecute: event=com.browserstack.v2.eventBus.Event@334c08d8
11:38:21.178 [verifyWelcomeScreen@0] INFO  c.b.v2.module.WebdriverModule - beforeCommandExecute: event=com.browserstack.v2.eventBus.Event@334c08d8
11:38:21.236 [verifyWelcomeScreen@0] INFO  c.b.v2.module.WebdriverModule - afterCommandExecute: event=com.browserstack.v2.eventBus.Event@702c79bb
11:38:21.236 [verifyWelcomeScreen@0] INFO  c.b.v2.module.WebdriverModule - afterCommandExecute: event=com.browserstack.v2.eventBus.Event@702c79bb
11:38:21.236 [verifyWelcomeScreen@0] INFO  c.b.v2.module.ObservabilityModule - THREAD ID Inside Process= 41
11:38:21.236 [verifyWelcomeScreen@0] INFO  c.b.v2.module.ObservabilityModule - Processing TestLevel attachments from directory: /Users/sanjeevareddysj/.browserstack/UploadedAttachments-41/TestLevel
11:38:21.236 [verifyWelcomeScreen@0] INFO  c.b.v2.module.ObservabilityModule - Processing BuildLevel attachments from directory: /Users/sanjeevareddysj/.browserstack/UploadedAttachments-41/BuildLevel
11:38:21.237 [verifyWelcomeScreen@0] INFO  c.b.v2.module.ObservabilityModule - Processing attachments eventLogs: []
11:38:21.237 [verifyWelcomeScreen@0] INFO  c.b.v2.module.ObservabilityModule - sendLogCreatedEvent: No Log Events to send
11:38:21.240 [verifyWelcomeScreen@0] INFO  c.b.v2.module.WebdriverModule - beforeCommandExecute: event=com.browserstack.v2.eventBus.Event@12956fa4
11:38:21.240 [verifyWelcomeScreen@0] INFO  c.b.v2.module.WebdriverModule - beforeCommandExecute: event=com.browserstack.v2.eventBus.Event@12956fa4
11:38:21.300 [verifyWelcomeScreen@0] INFO  c.b.v2.module.WebdriverModule - afterCommandExecute: event=com.browserstack.v2.eventBus.Event@73546b04
11:38:21.300 [verifyWelcomeScreen@0] INFO  c.b.v2.module.WebdriverModule - afterCommandExecute: event=com.browserstack.v2.eventBus.Event@73546b04
11:38:21.301 [verifyWelcomeScreen@0] INFO  c.b.v2.module.ObservabilityModule - THREAD ID Inside Process= 41
11:38:21.301 [verifyWelcomeScreen@0] INFO  c.b.v2.module.ObservabilityModule - Processing TestLevel attachments from directory: /Users/sanjeevareddysj/.browserstack/UploadedAttachments-41/TestLevel
11:38:21.301 [verifyWelcomeScreen@0] INFO  c.b.v2.module.ObservabilityModule - Processing BuildLevel attachments from directory: /Users/sanjeevareddysj/.browserstack/UploadedAttachments-41/BuildLevel
11:38:21.301 [verifyWelcomeScreen@0] INFO  c.b.v2.module.ObservabilityModule - Processing attachments eventLogs: []
11:38:21.301 [verifyWelcomeScreen@0] INFO  c.b.v2.module.ObservabilityModule - sendLogCreatedEvent: No Log Events to send
11:38:21.313 [verifyWelcomeScreen@0] INFO  c.b.v2.framework.TestNgFramework - trackEvent: found instance, testFrameworkState=TestFrameworkState.LOG hookState=HookState.PRE instance=1741108805
11:38:21.313 [verifyWelcomeScreen@0] INFO  c.b.v2.framework.TestNgFramework - trackEvent: load log entries
11:38:21.346 [verifyWelcomeScreen@0] INFO  c.b.v2.module.TestHubModule - sendLogCreatedEvent: event=com.browserstack.v2.eventBus.Event@3067de63, response=success: true

11:38:21.348 [verifyWelcomeScreen@0] INFO  c.b.v2.module.TestHubModule - sendLogCreatedEvent: event=com.browserstack.v2.eventBus.Event@3067de63
11:38:25.386 [verifyWelcomeScreen@0] INFO  c.b.v2.module.WebdriverModule - beforeCommandExecute: event=com.browserstack.v2.eventBus.Event@69963805
11:38:25.386 [verifyWelcomeScreen@0] INFO  c.b.v2.module.WebdriverModule - beforeCommandExecute: event=com.browserstack.v2.eventBus.Event@69963805
11:38:25.386 [verifyWelcomeScreen@0] INFO  c.b.v2.module.WebdriverModule - beforeCommandExecute: event=com.browserstack.v2.eventBus.Event@55386a41
11:38:25.386 [verifyWelcomeScreen@0] INFO  c.b.v2.module.WebdriverModule - beforeCommandExecute: event=com.browserstack.v2.eventBus.Event@55386a41
11:38:25.440 [verifyWelcomeScreen@0] INFO  c.b.v2.module.WebdriverModule - afterCommandExecute: event=com.browserstack.v2.eventBus.Event@5b222243
11:38:25.440 [verifyWelcomeScreen@0] INFO  c.b.v2.module.WebdriverModule - afterCommandExecute: event=com.browserstack.v2.eventBus.Event@5b222243
11:38:25.440 [verifyWelcomeScreen@0] INFO  c.b.v2.module.ObservabilityModule - THREAD ID Inside Process= 41
11:38:25.441 [verifyWelcomeScreen@0] INFO  c.b.v2.module.ObservabilityModule - Processing TestLevel attachments from directory: /Users/sanjeevareddysj/.browserstack/UploadedAttachments-41/TestLevel
11:38:25.441 [verifyWelcomeScreen@0] INFO  c.b.v2.module.ObservabilityModule - Processing BuildLevel attachments from directory: /Users/sanjeevareddysj/.browserstack/UploadedAttachments-41/BuildLevel
11:38:25.441 [verifyWelcomeScreen@0] INFO  c.b.v2.module.ObservabilityModule - Processing attachments eventLogs: []
11:38:25.441 [verifyWelcomeScreen@0] INFO  c.b.v2.module.ObservabilityModule - sendLogCreatedEvent: No Log Events to send
11:38:25.449 [verifyWelcomeScreen@0] INFO  c.b.v2.module.WebdriverModule - afterCommandExecute: event=com.browserstack.v2.eventBus.Event@3c2cec08
11:38:25.449 [verifyWelcomeScreen@0] INFO  c.b.v2.module.WebdriverModule - afterCommandExecute: event=com.browserstack.v2.eventBus.Event@3c2cec08
11:38:25.449 [verifyWelcomeScreen@0] INFO  c.b.v2.module.ObservabilityModule - THREAD ID Inside Process= 41
11:38:25.450 [verifyWelcomeScreen@0] INFO  c.b.v2.module.ObservabilityModule - Processing TestLevel attachments from directory: /Users/sanjeevareddysj/.browserstack/UploadedAttachments-41/TestLevel
11:38:25.450 [verifyWelcomeScreen@0] INFO  c.b.v2.module.ObservabilityModule - Processing BuildLevel attachments from directory: /Users/sanjeevareddysj/.browserstack/UploadedAttachments-41/BuildLevel
11:38:25.450 [verifyWelcomeScreen@0] INFO  c.b.v2.module.ObservabilityModule - Processing attachments eventLogs: []
11:38:25.450 [verifyWelcomeScreen@0] INFO  c.b.v2.module.ObservabilityModule - sendLogCreatedEvent: No Log Events to send
11:38:25.453 [verifyWelcomeScreen@0] INFO  c.b.v2.module.WebdriverModule - beforeCommandExecute: event=com.browserstack.v2.eventBus.Event@602aec9d
11:38:25.453 [verifyWelcomeScreen@0] INFO  c.b.v2.module.WebdriverModule - beforeCommandExecute: event=com.browserstack.v2.eventBus.Event@602aec9d
11:38:25.982 [verifyWelcomeScreen@0] INFO  c.b.v2.module.WebdriverModule - afterCommandExecute: event=com.browserstack.v2.eventBus.Event@5994fd6a
11:38:25.983 [verifyWelcomeScreen@0] INFO  c.b.v2.module.WebdriverModule - afterCommandExecute: event=com.browserstack.v2.eventBus.Event@5994fd6a
11:38:25.983 [verifyWelcomeScreen@0] INFO  c.b.v2.module.ObservabilityModule - THREAD ID Inside Process= 41
11:38:25.983 [verifyWelcomeScreen@0] INFO  c.b.v2.module.ObservabilityModule - Processing TestLevel attachments from directory: /Users/sanjeevareddysj/.browserstack/UploadedAttachments-41/TestLevel
11:38:25.983 [verifyWelcomeScreen@0] INFO  c.b.v2.module.ObservabilityModule - Processing BuildLevel attachments from directory: /Users/sanjeevareddysj/.browserstack/UploadedAttachments-41/BuildLevel
11:38:25.983 [verifyWelcomeScreen@0] INFO  c.b.v2.module.ObservabilityModule - Processing attachments eventLogs: []
11:38:25.983 [verifyWelcomeScreen@0] INFO  c.b.v2.module.ObservabilityModule - sendLogCreatedEvent: No Log Events to send
11:38:26.160 [verifyWelcomeScreen@0] INFO  c.b.v2.module.WebdriverModule - beforeCommandExecute: event=com.browserstack.v2.eventBus.Event@2df8272a
11:38:26.160 [verifyWelcomeScreen@0] INFO  c.b.v2.module.WebdriverModule - beforeCommandExecute: event=com.browserstack.v2.eventBus.Event@2df8272a
11:38:26.161 [verifyWelcomeScreen@0] INFO  c.b.v2.module.WebdriverModule - beforeCommandExecute: event=com.browserstack.v2.eventBus.Event@1b99b7b0
11:38:26.161 [verifyWelcomeScreen@0] INFO  c.b.v2.module.WebdriverModule - beforeCommandExecute: event=com.browserstack.v2.eventBus.Event@1b99b7b0
11:38:26.198 [verifyWelcomeScreen@0] INFO  c.b.v2.module.WebdriverModule - afterCommandExecute: event=com.browserstack.v2.eventBus.Event@292d09e1
11:38:26.199 [verifyWelcomeScreen@0] INFO  c.b.v2.module.WebdriverModule - afterCommandExecute: event=com.browserstack.v2.eventBus.Event@292d09e1
11:38:26.199 [verifyWelcomeScreen@0] INFO  c.b.v2.module.ObservabilityModule - THREAD ID Inside Process= 41
11:38:26.199 [verifyWelcomeScreen@0] INFO  c.b.v2.module.ObservabilityModule - Processing TestLevel attachments from directory: /Users/sanjeevareddysj/.browserstack/UploadedAttachments-41/TestLevel
11:38:26.199 [verifyWelcomeScreen@0] INFO  c.b.v2.module.ObservabilityModule - Processing BuildLevel attachments from directory: /Users/sanjeevareddysj/.browserstack/UploadedAttachments-41/BuildLevel
11:38:26.199 [verifyWelcomeScreen@0] INFO  c.b.v2.module.ObservabilityModule - Processing attachments eventLogs: []
11:38:26.199 [verifyWelcomeScreen@0] INFO  c.b.v2.module.ObservabilityModule - sendLogCreatedEvent: No Log Events to send
11:38:26.202 [verifyWelcomeScreen@0] INFO  c.b.v2.module.WebdriverModule - afterCommandExecute: event=com.browserstack.v2.eventBus.Event@4ca4b347
11:38:26.202 [verifyWelcomeScreen@0] INFO  c.b.v2.module.WebdriverModule - afterCommandExecute: event=com.browserstack.v2.eventBus.Event@4ca4b347
11:38:26.202 [verifyWelcomeScreen@0] INFO  c.b.v2.module.ObservabilityModule - THREAD ID Inside Process= 41
11:38:26.202 [verifyWelcomeScreen@0] INFO  c.b.v2.module.ObservabilityModule - Processing TestLevel attachments from directory: /Users/sanjeevareddysj/.browserstack/UploadedAttachments-41/TestLevel
11:38:26.202 [verifyWelcomeScreen@0] INFO  c.b.v2.module.ObservabilityModule - Processing BuildLevel attachments from directory: /Users/sanjeevareddysj/.browserstack/UploadedAttachments-41/BuildLevel
11:38:26.202 [verifyWelcomeScreen@0] INFO  c.b.v2.module.ObservabilityModule - Processing attachments eventLogs: []
11:38:26.202 [verifyWelcomeScreen@0] INFO  c.b.v2.module.ObservabilityModule - sendLogCreatedEvent: No Log Events to send
11:38:26.204 [verifyWelcomeScreen@0] INFO  c.b.v2.module.WebdriverModule - beforeCommandExecute: event=com.browserstack.v2.eventBus.Event@5bf5c9ee
11:38:26.204 [verifyWelcomeScreen@0] INFO  c.b.v2.module.WebdriverModule - beforeCommandExecute: event=com.browserstack.v2.eventBus.Event@5bf5c9ee
11:38:26.315 [verifyWelcomeScreen@0] INFO  c.b.v2.module.WebdriverModule - afterCommandExecute: event=com.browserstack.v2.eventBus.Event@2f973298
11:38:26.315 [verifyWelcomeScreen@0] INFO  c.b.v2.module.WebdriverModule - afterCommandExecute: event=com.browserstack.v2.eventBus.Event@2f973298
11:38:26.315 [verifyWelcomeScreen@0] INFO  c.b.v2.module.ObservabilityModule - THREAD ID Inside Process= 41
11:38:26.315 [verifyWelcomeScreen@0] INFO  c.b.v2.module.ObservabilityModule - Processing TestLevel attachments from directory: /Users/sanjeevareddysj/.browserstack/UploadedAttachments-41/TestLevel
11:38:26.316 [verifyWelcomeScreen@0] INFO  c.b.v2.module.ObservabilityModule - Processing BuildLevel attachments from directory: /Users/sanjeevareddysj/.browserstack/UploadedAttachments-41/BuildLevel
11:38:26.316 [verifyWelcomeScreen@0] INFO  c.b.v2.module.ObservabilityModule - Processing attachments eventLogs: []
11:38:26.316 [verifyWelcomeScreen@0] INFO  c.b.v2.module.ObservabilityModule - sendLogCreatedEvent: No Log Events to send
11:38:26.321 [verifyWelcomeScreen@0] INFO  c.b.v2.module.WebdriverModule - beforeCommandExecute: event=com.browserstack.v2.eventBus.Event@678840c8
11:38:26.321 [verifyWelcomeScreen@0] INFO  c.b.v2.module.WebdriverModule - beforeCommandExecute: event=com.browserstack.v2.eventBus.Event@678840c8
11:38:26.384 [verifyWelcomeScreen@0] INFO  c.b.v2.module.WebdriverModule - afterCommandExecute: event=com.browserstack.v2.eventBus.Event@175814db
11:38:26.384 [verifyWelcomeScreen@0] INFO  c.b.v2.module.WebdriverModule - afterCommandExecute: event=com.browserstack.v2.eventBus.Event@175814db
11:38:26.384 [verifyWelcomeScreen@0] INFO  c.b.v2.module.ObservabilityModule - THREAD ID Inside Process= 41
11:38:26.384 [verifyWelcomeScreen@0] INFO  c.b.v2.module.ObservabilityModule - Processing TestLevel attachments from directory: /Users/sanjeevareddysj/.browserstack/UploadedAttachments-41/TestLevel
11:38:26.384 [verifyWelcomeScreen@0] INFO  c.b.v2.module.ObservabilityModule - Processing BuildLevel attachments from directory: /Users/sanjeevareddysj/.browserstack/UploadedAttachments-41/BuildLevel
11:38:26.384 [verifyWelcomeScreen@0] INFO  c.b.v2.module.ObservabilityModule - Processing attachments eventLogs: []
11:38:26.384 [verifyWelcomeScreen@0] INFO  c.b.v2.module.ObservabilityModule - sendLogCreatedEvent: No Log Events to send
11:38:26.388 [verifyWelcomeScreen@0] INFO  c.b.v2.framework.TestNgFramework - trackEvent: found instance, testFrameworkState=TestFrameworkState.LOG hookState=HookState.PRE instance=1741108805
11:38:26.388 [verifyWelcomeScreen@0] INFO  c.b.v2.framework.TestNgFramework - trackEvent: load log entries
11:38:26.404 [verifyWelcomeScreen@0] INFO  c.b.v2.module.TestHubModule - sendLogCreatedEvent: event=com.browserstack.v2.eventBus.Event@3ce89c96, response=success: true

11:38:26.405 [verifyWelcomeScreen@0] INFO  c.b.v2.module.TestHubModule - sendLogCreatedEvent: event=com.browserstack.v2.eventBus.Event@3ce89c96
11:38:26.407 [verifyWelcomeScreen@0] INFO  c.b.v2.module.WebdriverModule - beforeCommandExecute: event=com.browserstack.v2.eventBus.Event@4da3c800
11:38:26.407 [verifyWelcomeScreen@0] INFO  c.b.v2.module.WebdriverModule - beforeCommandExecute: event=com.browserstack.v2.eventBus.Event@4da3c800
11:38:26.407 [verifyWelcomeScreen@0] INFO  c.b.v2.module.WebdriverModule - beforeCommandExecute: event=com.browserstack.v2.eventBus.Event@2b1b7426
11:38:26.407 [verifyWelcomeScreen@0] INFO  c.b.v2.module.WebdriverModule - beforeCommandExecute: event=com.browserstack.v2.eventBus.Event@2b1b7426
11:38:26.464 [verifyWelcomeScreen@0] INFO  c.b.v2.module.WebdriverModule - afterCommandExecute: event=com.browserstack.v2.eventBus.Event@53ef51ff
11:38:26.464 [verifyWelcomeScreen@0] INFO  c.b.v2.module.WebdriverModule - afterCommandExecute: event=com.browserstack.v2.eventBus.Event@53ef51ff
11:38:26.464 [verifyWelcomeScreen@0] INFO  c.b.v2.module.ObservabilityModule - THREAD ID Inside Process= 41
11:38:26.464 [verifyWelcomeScreen@0] INFO  c.b.v2.module.ObservabilityModule - Processing TestLevel attachments from directory: /Users/sanjeevareddysj/.browserstack/UploadedAttachments-41/TestLevel
11:38:26.465 [verifyWelcomeScreen@0] INFO  c.b.v2.module.ObservabilityModule - Processing BuildLevel attachments from directory: /Users/sanjeevareddysj/.browserstack/UploadedAttachments-41/BuildLevel
11:38:26.465 [verifyWelcomeScreen@0] INFO  c.b.v2.module.ObservabilityModule - Processing attachments eventLogs: []
11:38:26.465 [verifyWelcomeScreen@0] INFO  c.b.v2.module.ObservabilityModule - sendLogCreatedEvent: No Log Events to send
11:38:26.468 [verifyWelcomeScreen@0] INFO  c.b.v2.module.WebdriverModule - afterCommandExecute: event=com.browserstack.v2.eventBus.Event@582db024
11:38:26.468 [verifyWelcomeScreen@0] INFO  c.b.v2.module.WebdriverModule - afterCommandExecute: event=com.browserstack.v2.eventBus.Event@582db024
11:38:26.468 [verifyWelcomeScreen@0] INFO  c.b.v2.module.ObservabilityModule - THREAD ID Inside Process= 41
11:38:26.468 [verifyWelcomeScreen@0] INFO  c.b.v2.module.ObservabilityModule - Processing TestLevel attachments from directory: /Users/sanjeevareddysj/.browserstack/UploadedAttachments-41/TestLevel
11:38:26.468 [verifyWelcomeScreen@0] INFO  c.b.v2.module.ObservabilityModule - Processing BuildLevel attachments from directory: /Users/sanjeevareddysj/.browserstack/UploadedAttachments-41/BuildLevel
11:38:26.468 [verifyWelcomeScreen@0] INFO  c.b.v2.module.ObservabilityModule - Processing attachments eventLogs: []
11:38:26.468 [verifyWelcomeScreen@0] INFO  c.b.v2.module.ObservabilityModule - sendLogCreatedEvent: No Log Events to send
11:38:26.470 [verifyWelcomeScreen@0] INFO  c.b.v2.module.WebdriverModule - beforeCommandExecute: event=com.browserstack.v2.eventBus.Event@1ae9919
11:38:26.470 [verifyWelcomeScreen@0] INFO  c.b.v2.module.WebdriverModule - beforeCommandExecute: event=com.browserstack.v2.eventBus.Event@1ae9919
11:38:26.585 [verifyWelcomeScreen@0] INFO  c.b.v2.module.WebdriverModule - afterCommandExecute: event=com.browserstack.v2.eventBus.Event@1273e9d2
11:38:26.585 [verifyWelcomeScreen@0] INFO  c.b.v2.module.WebdriverModule - afterCommandExecute: event=com.browserstack.v2.eventBus.Event@1273e9d2
11:38:26.585 [verifyWelcomeScreen@0] INFO  c.b.v2.module.ObservabilityModule - THREAD ID Inside Process= 41
11:38:26.585 [verifyWelcomeScreen@0] INFO  c.b.v2.module.ObservabilityModule - Processing TestLevel attachments from directory: /Users/sanjeevareddysj/.browserstack/UploadedAttachments-41/TestLevel
11:38:26.585 [verifyWelcomeScreen@0] INFO  c.b.v2.module.ObservabilityModule - Processing BuildLevel attachments from directory: /Users/sanjeevareddysj/.browserstack/UploadedAttachments-41/BuildLevel
11:38:26.585 [verifyWelcomeScreen@0] INFO  c.b.v2.module.ObservabilityModule - Processing attachments eventLogs: []
11:38:26.585 [verifyWelcomeScreen@0] INFO  c.b.v2.module.ObservabilityModule - sendLogCreatedEvent: No Log Events to send
11:38:26.586 [verifyWelcomeScreen@0] INFO  c.b.v2.module.WebdriverModule - beforeCommandExecute: event=com.browserstack.v2.eventBus.Event@6b06e762
11:38:26.586 [verifyWelcomeScreen@0] INFO  c.b.v2.module.WebdriverModule - beforeCommandExecute: event=com.browserstack.v2.eventBus.Event@6b06e762
11:38:26.654 [verifyWelcomeScreen@0] INFO  c.b.v2.module.WebdriverModule - afterCommandExecute: event=com.browserstack.v2.eventBus.Event@715cd954
11:38:26.654 [verifyWelcomeScreen@0] INFO  c.b.v2.module.WebdriverModule - afterCommandExecute: event=com.browserstack.v2.eventBus.Event@715cd954
11:38:26.655 [verifyWelcomeScreen@0] INFO  c.b.v2.module.ObservabilityModule - THREAD ID Inside Process= 41
11:38:26.655 [verifyWelcomeScreen@0] INFO  c.b.v2.module.ObservabilityModule - Processing TestLevel attachments from directory: /Users/sanjeevareddysj/.browserstack/UploadedAttachments-41/TestLevel
11:38:26.655 [verifyWelcomeScreen@0] INFO  c.b.v2.module.ObservabilityModule - Processing BuildLevel attachments from directory: /Users/sanjeevareddysj/.browserstack/UploadedAttachments-41/BuildLevel
11:38:26.655 [verifyWelcomeScreen@0] INFO  c.b.v2.module.ObservabilityModule - Processing attachments eventLogs: []
11:38:26.655 [verifyWelcomeScreen@0] INFO  c.b.v2.module.ObservabilityModule - sendLogCreatedEvent: No Log Events to send
11:38:26.658 [verifyWelcomeScreen@0] INFO  c.b.v2.framework.TestNgFramework - trackEvent: found instance, testFrameworkState=TestFrameworkState.LOG hookState=HookState.PRE instance=1741108805
11:38:26.658 [verifyWelcomeScreen@0] INFO  c.b.v2.framework.TestNgFramework - trackEvent: load log entries
11:38:26.663 [verifyWelcomeScreen@0] INFO  c.b.v2.module.TestHubModule - sendLogCreatedEvent: event=com.browserstack.v2.eventBus.Event@481b396f, response=success: true

11:38:26.663 [verifyWelcomeScreen@0] INFO  c.b.v2.module.TestHubModule - sendLogCreatedEvent: event=com.browserstack.v2.eventBus.Event@481b396f
11:38:30.696 [verifyWelcomeScreen@0] INFO  c.b.v2.framework.TestNgFramework - trackEvent: found instance, testFrameworkState=TestFrameworkState.LOG_REPORT hookState=HookState.PRE instance=1741108805
11:38:30.696 [verifyWelcomeScreen@0] INFO  c.b.v2.framework.TestNgFramework - trackEvent: found instance, testFrameworkState=TestFrameworkState.LOG_REPORT hookState=HookState.POST instance=1741108805
11:38:30.696 [verifyWelcomeScreen@0] INFO  c.b.v2.framework.TestNgFramework - trackEvent: load test results
11:38:30.696 [verifyWelcomeScreen@0] INFO  c.b.v2.framework.TestNgFramework - trackEvent: found instance, testFrameworkState=TestFrameworkState.TEST hookState=HookState.POST instance=1741108805
11:38:30.696 [verifyWelcomeScreen@0] INFO  c.b.v2.module.WebdriverModule - onAfterTest: event=com.browserstack.v2.eventBus.Event@b6bf591
11:38:30.696 [verifyWelcomeScreen@0] INFO  c.b.utils.SeleniumMethodUtils - Session Name ID status marking: 3193a433cb0d00faec6a95148ed5be38f3b5d916
11:38:31.190 [verifyWelcomeScreen@0] INFO  c.b.utils.SeleniumMethodUtils - Session ID status marking: 3193a433cb0d00faec6a95148ed5be38f3b5d916
11:38:31.665 [verifyWelcomeScreen@0] INFO  c.b.v2.module.WebdriverModule - onAfterTest: event=com.browserstack.v2.eventBus.Event@b6bf591
11:38:31.666 [verifyWelcomeScreen@0] INFO  c.b.utils.SeleniumMethodUtils - Session Name ID status marking: 3193a433cb0d00faec6a95148ed5be38f3b5d916
11:38:32.070 [verifyWelcomeScreen@0] INFO  c.b.utils.SeleniumMethodUtils - Session ID status marking: 3193a433cb0d00faec6a95148ed5be38f3b5d916
11:38:32.579 [verifyWelcomeScreen@0] INFO  c.b.v2.module.TestHubModule - sendTestFrameworkEvent: event=com.browserstack.v2.eventBus.Event@b6bf591, response=success: true

11:38:33.096 [Test worker] INFO  com.browserstack.testOps.Listener - logCreated: CLI is active
11:38:33.108 [Thread-0] INFO  com.browserstack.testOps.Listener - onComplete: CLI is active
11:38:33.111 [Thread-0] INFO  com.browserstack.v2.SdkCLI - stop: cli stop triggered
11:38:39.753 [Thread-0] DEBUG com.browserstack.v2.SdkCLI - stop-bin-session=success: true
automate_buildlink: "https://app-automate.browserstack.com/dashboard/v2/builds/c8641d85a8e32d6b5803b651c60e9793f3a65cea"
hashed_id: "c8641d85a8e32d6b5803b651c60e9793f3a65cea"

11:38:39.782 [Thread-0] INFO  com.browserstack.v2.SdkCLI - stop: shutting down CLI
11:38:41.809 [Thread-0] INFO  c.browserstack.utils.UtilityMethods - Visit https://automation.browserstack.com/builds/s2fc1aktqnqira2u2mupoi4hr05mswnfbe6vk75y to view build report, insights, and many more debugging information all at one place!
11:38:41.809 [Thread-0] INFO  c.b.config.BrowserStackConfig - INFO
11:38:41.809 [Thread-0] INFO  c.browserstack.utils.UtilityMethods - View build on BrowserStack dashboard: https://app-automate.browserstack.com/dashboard/v2/builds/c8641d85a8e32d6b5803b651c60e9793f3a65cea
11:38:41.810 [Thread-0] INFO  c.b.config.BrowserStackConfig - INFO
11:38:41.814 [Thread-0] INFO  c.browserstack.BrowserStackJavaAgent - SDK run ended for id: 3955f4eb-ec28-4eb4-8596-629421fc28ca, testhub id: s2fc1aktqnqira2u2mupoi4hr05mswnfbe6vk75y
11:38:41.814 [Thread-0] INFO  c.b.config.BrowserStackConfig - INFO
